-- Site
INSERT INTO "GALADM"."GAL117TBX" (SITE_NAME,SITE_DESCRIPTION) VALUES ('HCM             ','HCM                                                                                                                             ');

-- Division
INSERT INTO "GALADM"."GAL128TBX" (DIVISION_ID,SITE_NAME,PLANT_NAME,DIVISION_NAME,DIVISION_DESCRIPTION,DIVISION_NAME1,DIVISION_NAME2,SEQUENCE_NUMBER) VALUES ('AE              ','HCM             ','Engine          ','AE                              ','Assembly Engine                                                                                                                 ','NONE                            ','NONE                            ',2);
INSERT INTO "GALADM"."GAL128TBX" (DIVISION_ID,SITE_NAME,PLANT_NAME,DIVISION_NAME,DIVISION_DESCRIPTION,DIVISION_NAME1,DIVISION_NAME2,SEQUENCE_NUMBER) VALUES ('EQ              ','HCM             ','Engine          ','EQ                              ','Engine Quality                                                                                                                  ','NONE                            ','NONE                            ',3);
INSERT INTO "GALADM"."GAL128TBX" (DIVISION_ID,SITE_NAME,PLANT_NAME,DIVISION_NAME,DIVISION_DESCRIPTION,DIVISION_NAME1,DIVISION_NAME2,SEQUENCE_NUMBER) VALUES ('HP              ','HCM             ','Engine          ','HP                              ','Die Cast High Pressure                                                                                                          ','NONE                            ','NONE                            ',0);
INSERT INTO "GALADM"."GAL128TBX" (DIVISION_ID,SITE_NAME,PLANT_NAME,DIVISION_NAME,DIVISION_DESCRIPTION,DIVISION_NAME1,DIVISION_NAME2,SEQUENCE_NUMBER) VALUES ('LP              ','HCM             ','Engine          ','LP                              ','Die Cast Low Pressure                                                                                                           ','NONE                            ','NONE                            ',0);
INSERT INTO "GALADM"."GAL128TBX" (DIVISION_ID,SITE_NAME,PLANT_NAME,DIVISION_NAME,DIVISION_DESCRIPTION,DIVISION_NAME1,DIVISION_NAME2,SEQUENCE_NUMBER) VALUES ('MB              ','HCM             ','Engine          ','MB                              ','Machining Block                                                                                                                 ','NONE                            ','NONE                            ',0);
INSERT INTO "GALADM"."GAL128TBX" (DIVISION_ID,SITE_NAME,PLANT_NAME,DIVISION_NAME,DIVISION_DESCRIPTION,DIVISION_NAME1,DIVISION_NAME2,SEQUENCE_NUMBER) VALUES ('ME              ','HCM             ','Engine          ','ME                              ','Material Services                                                                                                               ','NONE                            ','NONE                            ',6);
INSERT INTO "GALADM"."GAL128TBX" (DIVISION_ID,SITE_NAME,PLANT_NAME,DIVISION_NAME,DIVISION_DESCRIPTION,DIVISION_NAME1,DIVISION_NAME2,SEQUENCE_NUMBER) VALUES ('MH              ','HCM             ','Engine          ','MH                              ','Machining Head                                                                                                                  ','NONE                            ','NONE                            ',0);

-- Line
INSERT INTO "GALADM"."GAL195TBX" (LINE_ID,SITE_NAME,PLANT_NAME,DIVISION_ID,DIVISION_NAME,DIVISION_NAME1,DIVISION_NAME2,LINE_NAME,LINE_TYPE,LINE_DESCRIPTION,ENTRY_PROCESS_POINT_ID,LINE_SEQUENCE_NUMBER,STD_INVENTORY,MAXIMUM_INVENTORY,MINIMUM_INVENTORY) VALUES ('AE1BL1          ','HCM             ','Engine          ','AE              ','AE                              ','NONE                            ','NONE                            ','Block                           ',0,'Block Line                                                                                                                      ','AE0EN11001      ',0,20,100,0);
INSERT INTO "GALADM"."GAL195TBX" (LINE_ID,SITE_NAME,PLANT_NAME,DIVISION_ID,DIVISION_NAME,DIVISION_NAME1,DIVISION_NAME2,LINE_NAME,LINE_TYPE,LINE_DESCRIPTION,ENTRY_PROCESS_POINT_ID,LINE_SEQUENCE_NUMBER,STD_INVENTORY,MAXIMUM_INVENTORY,MINIMUM_INVENTORY) VALUES ('AE1DI1          ','HCM             ','Engine          ','AE              ','AE                              ','                                ','                                ','Direct Injection                ',0,'                                                                                                                                ','                ',0,100,1000,0);
INSERT INTO "GALADM"."GAL195TBX" (LINE_ID,SITE_NAME,PLANT_NAME,DIVISION_ID,DIVISION_NAME,DIVISION_NAME1,DIVISION_NAME2,LINE_NAME,LINE_TYPE,LINE_DESCRIPTION,ENTRY_PROCESS_POINT_ID,LINE_SEQUENCE_NUMBER,STD_INVENTORY,MAXIMUM_INVENTORY,MINIMUM_INVENTORY) VALUES ('AE1DL1          ','HCM             ','Engine          ','AE              ','AE                              ','NONE                            ','NONE                            ','Dress UP                        ',0,'Dress Up Line                                                                                                                   ','AE0EN15301      ',0,20,50,0);
INSERT INTO "GALADM"."GAL195TBX" (LINE_ID,SITE_NAME,PLANT_NAME,DIVISION_ID,DIVISION_NAME,DIVISION_NAME1,DIVISION_NAME2,LINE_NAME,LINE_TYPE,LINE_DESCRIPTION,ENTRY_PROCESS_POINT_ID,LINE_SEQUENCE_NUMBER,STD_INVENTORY,MAXIMUM_INVENTORY,MINIMUM_INVENTORY) VALUES ('AE1EQUIP1       ','HCM             ','Engine          ','AE              ','AE                              ','NONE                            ','NONE                            ','Equipments                      ',1,'                                                                                                                                ','                ',0,1,2,0);
INSERT INTO "GALADM"."GAL195TBX" (LINE_ID,SITE_NAME,PLANT_NAME,DIVISION_ID,DIVISION_NAME,DIVISION_NAME1,DIVISION_NAME2,LINE_NAME,LINE_TYPE,LINE_DESCRIPTION,ENTRY_PROCESS_POINT_ID,LINE_SEQUENCE_NUMBER,STD_INVENTORY,MAXIMUM_INVENTORY,MINIMUM_INVENTORY) VALUES ('AE1HL1          ','HCM             ','Engine          ','AE              ','AE                              ','NONE                            ','NONE                            ','Head                            ',0,'Head Line                                                                                                                       ','AE0HD11101      ',0,10,50,0);
INSERT INTO "GALADM"."GAL195TBX" (LINE_ID,SITE_NAME,PLANT_NAME,DIVISION_ID,DIVISION_NAME,DIVISION_NAME1,DIVISION_NAME2,LINE_NAME,LINE_TYPE,LINE_DESCRIPTION,ENTRY_PROCESS_POINT_ID,LINE_SEQUENCE_NUMBER,STD_INVENTORY,MAXIMUM_INVENTORY,MINIMUM_INVENTORY) VALUES ('AE1ML1          ','HCM             ','Engine          ','AE              ','AE                              ','NONE                            ','NONE                            ','Main                            ',0,'Main Line                                                                                                                       ','AE0EN14101      ',0,50,200,0);
INSERT INTO "GALADM"."GAL195TBX" (LINE_ID,SITE_NAME,PLANT_NAME,DIVISION_ID,DIVISION_NAME,DIVISION_NAME1,DIVISION_NAME2,LINE_NAME,LINE_TYPE,LINE_DESCRIPTION,ENTRY_PROCESS_POINT_ID,LINE_SEQUENCE_NUMBER,STD_INVENTORY,MAXIMUM_INVENTORY,MINIMUM_INVENTORY) VALUES ('AE1OFF1         ','HCM             ','Engine          ','AE              ','AE                              ','NONE                            ','NONE                            ','AE OFF Line                     ',0,'AE OFF Line                                                                                                                     ','AE0EN16001      ',0,5,10,0);
INSERT INTO "GALADM"."GAL195TBX" (LINE_ID,SITE_NAME,PLANT_NAME,DIVISION_ID,DIVISION_NAME,DIVISION_NAME1,DIVISION_NAME2,LINE_NAME,LINE_TYPE,LINE_DESCRIPTION,ENTRY_PROCESS_POINT_ID,LINE_SEQUENCE_NUMBER,STD_INVENTORY,MAXIMUM_INVENTORY,MINIMUM_INVENTORY) VALUES ('AE1PAM1         ','HCM             ','Engine          ','AE              ','AE                              ','                                ','                                ','PAM SubLine                     ',0,'Piston Sub Assy Machine                                                                                                         ','AE0PM11001      ',0,10,100,0);
INSERT INTO "GALADM"."GAL195TBX" (LINE_ID,SITE_NAME,PLANT_NAME,DIVISION_ID,DIVISION_NAME,DIVISION_NAME1,DIVISION_NAME2,LINE_NAME,LINE_TYPE,LINE_DESCRIPTION,ENTRY_PROCESS_POINT_ID,LINE_SEQUENCE_NUMBER,STD_INVENTORY,MAXIMUM_INVENTORY,MINIMUM_INVENTORY) VALUES ('AE1PI1          ','HCM             ','Engine          ','AE              ','AE                              ','NONE                            ','NONE                            ','Piston Insert                   ',0,'Piston Insert Line                                                                                                              ','AE0EN10801      ',0,10,100,0);
INSERT INTO "GALADM"."GAL195TBX" (LINE_ID,SITE_NAME,PLANT_NAME,DIVISION_ID,DIVISION_NAME,DIVISION_NAME1,DIVISION_NAME2,LINE_NAME,LINE_TYPE,LINE_DESCRIPTION,ENTRY_PROCESS_POINT_ID,LINE_SEQUENCE_NUMBER,STD_INVENTORY,MAXIMUM_INVENTORY,MINIMUM_INVENTORY) VALUES ('AE1REP1         ','HCM             ','Engine          ','AE              ','AE                              ','NONE                            ','NONE                            ','Repair                          ',0,'Repair                                                                                                                          ','AE0EN16051      ',0,10,100,0);
INSERT INTO "GALADM"."GAL195TBX" (LINE_ID,SITE_NAME,PLANT_NAME,DIVISION_ID,DIVISION_NAME,DIVISION_NAME1,DIVISION_NAME2,LINE_NAME,LINE_TYPE,LINE_DESCRIPTION,ENTRY_PROCESS_POINT_ID,LINE_SEQUENCE_NUMBER,STD_INVENTORY,MAXIMUM_INVENTORY,MINIMUM_INVENTORY) VALUES ('AE1SCR1         ','HCM             ','Engine          ','AE              ','AE                              ','                                ','                                ','AE Scrap                        ',0,'AE Scrap                                                                                                                        ','                ',0,1,1000,0);
INSERT INTO "GALADM"."GAL195TBX" (LINE_ID,SITE_NAME,PLANT_NAME,DIVISION_ID,DIVISION_NAME,DIVISION_NAME1,DIVISION_NAME2,LINE_NAME,LINE_TYPE,LINE_DESCRIPTION,ENTRY_PROCESS_POINT_ID,LINE_SEQUENCE_NUMBER,STD_INVENTORY,MAXIMUM_INVENTORY,MINIMUM_INVENTORY) VALUES ('AE1SH1          ','HCM             ','Engine          ','AE              ','AE                              ','NONE                            ','NONE                            ','Shipping                        ',0,'Shipping Line                                                                                                                   ','AE0EN16601      ',0,50,200,0);
INSERT INTO "GALADM"."GAL195TBX" (LINE_ID,SITE_NAME,PLANT_NAME,DIVISION_ID,DIVISION_NAME,DIVISION_NAME1,DIVISION_NAME2,LINE_NAME,LINE_TYPE,LINE_DESCRIPTION,ENTRY_PROCESS_POINT_ID,LINE_SEQUENCE_NUMBER,STD_INVENTORY,MAXIMUM_INVENTORY,MINIMUM_INVENTORY) VALUES ('AE1SR1          ','HCM             ','Engine          ','AE              ','AE                              ','NONE                            ','NONE                            ','Shipping Repair                 ',0,'Shipping Repair                                                                                                                 ','AE0EN16151      ',0,10,100,0);
INSERT INTO "GALADM"."GAL195TBX" (LINE_ID,SITE_NAME,PLANT_NAME,DIVISION_ID,DIVISION_NAME,DIVISION_NAME1,DIVISION_NAME2,LINE_NAME,LINE_TYPE,LINE_DESCRIPTION,ENTRY_PROCESS_POINT_ID,LINE_SEQUENCE_NUMBER,STD_INVENTORY,MAXIMUM_INVENTORY,MINIMUM_INVENTORY) VALUES ('AE1SS1          ','HCM             ','Engine          ','AE              ','AE                              ','NONE                            ','NONE                            ','Shipping Storage                ',0,'Shipping Storage                                                                                                                ','AE0EN16101      ',0,10,100,0);
INSERT INTO "GALADM"."GAL195TBX" (LINE_ID,SITE_NAME,PLANT_NAME,DIVISION_ID,DIVISION_NAME,DIVISION_NAME1,DIVISION_NAME2,LINE_NAME,LINE_TYPE,LINE_DESCRIPTION,ENTRY_PROCESS_POINT_ID,LINE_SEQUENCE_NUMBER,STD_INVENTORY,MAXIMUM_INVENTORY,MINIMUM_INVENTORY) VALUES ('AE1VL1          ','HCM             ','Engine          ','AE              ','AE                              ','NONE                            ','NONE                            ','Valve                           ',0,'Valve Line                                                                                                                      ','AE0HD10401      ',0,10,50,0);
INSERT INTO "GALADM"."GAL195TBX" (LINE_ID,SITE_NAME,PLANT_NAME,DIVISION_ID,DIVISION_NAME,DIVISION_NAME1,DIVISION_NAME2,LINE_NAME,LINE_TYPE,LINE_DESCRIPTION,ENTRY_PROCESS_POINT_ID,LINE_SEQUENCE_NUMBER,STD_INVENTORY,MAXIMUM_INVENTORY,MINIMUM_INVENTORY) VALUES ('AE1VTC1         ','HCM             ','Engine          ','AE              ','AE                              ','                                ','                                ','VTC SubLine                     ',0,'VTC Sprocket Assembly Sub Line                                                                                                  ','                ',0,10,1000,0);

-- GPCS Division
INSERT INTO "GALADM"."GAL238TBX" (GPCS_PLANT_CODE,GPCS_LINE_NO,GPCS_PROCESS_LOCATION,DIVISION_ID) VALUES ('HCM ','01','PA','PA1             ');
INSERT INTO "GALADM"."GAL238TBX" (GPCS_PLANT_CODE,GPCS_LINE_NO,GPCS_PROCESS_LOCATION,DIVISION_ID) VALUES ('HCM ','01','MS','MS1             ');
INSERT INTO "GALADM"."GAL238TBX" (GPCS_PLANT_CODE,GPCS_LINE_NO,GPCS_PROCESS_LOCATION,DIVISION_ID) VALUES ('HCM ','01','WE','WE1             ');
INSERT INTO "GALADM"."GAL238TBX" (GPCS_PLANT_CODE,GPCS_LINE_NO,GPCS_PROCESS_LOCATION,DIVISION_ID) VALUES ('HCM ','01','PO','PO1             ');
INSERT INTO "GALADM"."GAL238TBX" (GPCS_PLANT_CODE,GPCS_LINE_NO,GPCS_PROCESS_LOCATION,DIVISION_ID) VALUES ('HCM ','01','ST','ST1             ');
INSERT INTO "GALADM"."GAL238TBX" (GPCS_PLANT_CODE,GPCS_LINE_NO,GPCS_PROCESS_LOCATION,DIVISION_ID) VALUES ('HCM ','01','VQ','VQ1             ');
INSERT INTO "GALADM"."GAL238TBX" (GPCS_PLANT_CODE,GPCS_LINE_NO,GPCS_PROCESS_LOCATION,DIVISION_ID) VALUES ('SIM ','01','AF','SIMDIV01        ');
INSERT INTO "GALADM"."GAL238TBX" (GPCS_PLANT_CODE,GPCS_LINE_NO,GPCS_PROCESS_LOCATION,DIVISION_ID) VALUES ('HCM ','01','AF','AF1             ');
INSERT INTO "GALADM"."GAL238TBX" (GPCS_PLANT_CODE,GPCS_LINE_NO,GPCS_PROCESS_LOCATION,DIVISION_ID) VALUES ('HCM ','01','AF','AF              ');

-- Plant
INSERT INTO "GALADM"."GAL211TBX" (SITE_NAME,PLANT_NAME,PLANT_LONG_DESCRIPTION) VALUES ('HCM             ','001             ','Frame Plant 1                                                                                                                   ');
INSERT INTO "GALADM"."GAL211TBX" (SITE_NAME,PLANT_NAME,PLANT_LONG_DESCRIPTION) VALUES ('HCM             ','FRAME1          ','Frame Plant 1                                                                                                                   ');
INSERT INTO "GALADM"."GAL211TBX" (SITE_NAME,PLANT_NAME,PLANT_LONG_DESCRIPTION) VALUES ('HCM             ','FRAME2          ','Frame Plant 2                                                                                                                   ');
INSERT INTO "GALADM"."GAL211TBX" (SITE_NAME,PLANT_NAME,PLANT_LONG_DESCRIPTION) VALUES ('HCM             ','01SIMPLANT      ','Simulation Plant                                                                                                                ');
INSERT INTO "GALADM"."GAL211TBX" (SITE_NAME,PLANT_NAME,PLANT_LONG_DESCRIPTION) VALUES ('HCM             ','Test Plant      ','Interns                                                                                                                         ');

INSERT INTO "GALADM"."GAL214TBX" (PROCESS_POINT_NAME,PROCESS_POINT_ID,PROCESS_POINT_DESCRIPTION,PROCESS_POINT_TYPE,SITE_NAME,PLANT_NAME,DIVISION_ID,DIVISION_NAME,DIVISION_NAME1,DIVISION_NAME2,LINE_ID,LINE_NAME,BACK_FILL_PROCESS_POINT_ID,SEQUENCE_NUMBER,TRACKING_POINT_FLAG,RECOVERY_POINT_FLAG,PASSING_COUNT_FLAG,CREATE_TIMESTAMP,UPDATE_TIMESTAMP,CURRENT_PROD_LOT,FEATURE_ID,FEATURE_TYPE,CURRENT_KD_LOT) VALUES ('AEBlockLoad                     ','AE0EN10801      ','HCM AE Block Load                                                                                                               ',1,'HCM             ','Engine          ','AE              ','AE                              ','NONE                            ','NONE                            ','AE1PI1          ','Piston Insert                   ','                ',0,1,0,1,{ts '2008-04-18 11:09:08.224441'},{ts '2008-09-24 10:09:58.547130'},null,null,null,null);
INSERT INTO "GALADM"."GAL214TBX" (PROCESS_POINT_NAME,PROCESS_POINT_ID,PROCESS_POINT_DESCRIPTION,PROCESS_POINT_TYPE,SITE_NAME,PLANT_NAME,DIVISION_ID,DIVISION_NAME,DIVISION_NAME1,DIVISION_NAME2,LINE_ID,LINE_NAME,BACK_FILL_PROCESS_POINT_ID,SEQUENCE_NUMBER,TRACKING_POINT_FLAG,RECOVERY_POINT_FLAG,PASSING_COUNT_FLAG,CREATE_TIMESTAMP,UPDATE_TIMESTAMP,CURRENT_PROD_LOT,FEATURE_ID,FEATURE_TYPE,CURRENT_KD_LOT) VALUES ('AE Engine Numbering (AE ON)     ','AE0EN11001      ','AE Engine Numbering process                                                                                                     ',1,'HCM             ','Engine          ','AE              ','AE                              ','NONE                            ','NONE                            ','AE1BL1          ','Block                           ','                ',0,1,0,1,{ts '2008-04-18 11:09:08.224966'},{ts '2008-08-06 10:51:28.486768'},null,null,null,null);

-- Terminal
INSERT INTO "GALADM"."GAL234TBX" (HOST_NAME,IP_ADDRESS,PORT,ROUTER_PORT,TERMINAL_DESCRIPTION,LOCATED_PROCESS_POINT_ID,DIVISION_ID,AF_TERMINAL_FLAG,CREATE_TIMESTAMP,UPDATE_TIMESTAMP) VALUES ('AE0EN10801                      ','localhost',40000,13052,'Block Load Terminal                                                                                                             ','AE0EN10801      ','AE              ',1,{ts '2008-04-18 11:09:08.530340'},{ts '2018-10-30 09:16:56.031157'});
INSERT INTO "GALADM"."GAL234TBX" (HOST_NAME,IP_ADDRESS,PORT,ROUTER_PORT,TERMINAL_DESCRIPTION,LOCATED_PROCESS_POINT_ID,DIVISION_ID,AF_TERMINAL_FLAG,CREATE_TIMESTAMP,UPDATE_TIMESTAMP) VALUES ('AE0EN11001                      ','localhost',11001,0,'Terminal for Engine Numbering                                                                                                   ','AE0EN11001      ','AE              ',1,{ts '2008-04-18 11:09:08.530764'},{ts '2018-10-30 09:16:56.031157'});

-- Application
INSERT INTO "GALADM"."GAL241TBX" (APPLICATION_ID,APPLICATION_NAME,APPLICATION_TYPE,TERMINAL_APPLICATION_FLAG,SCREEN_ID,WINDOW_TITLE,SCREEN_CLASS,APPLICATION_DESCRIPTION,PRELOAD,SESSION_REQUIRED,PERSISTENT_SESSION) VALUES ('AE0TR18001      ','AE Shipping GUI                    ',1,1,'ESTS VIEW       ','Engine Shipping Tracking        ','com.honda.galc.client.gts.view.GtsTrackingWindow                                                                                ','Engine Shipping Tracking                                                                                                        ',0,0,0);

-- Application by Terminal
INSERT INTO "GALADM"."GAL242TBX" (APPLICATION_ID,HOST_NAME,DEFAULT_APPLICATION_FLAG,CREATE_TIMESTAMP,UPDATE_TIMESTAMP,SEQ_NUM) VALUES ('AE0TR18001      ','ESTS Client                     ',1,{ts '2008-05-20 15:27:04.257464'},{ts '2008-05-20 15:27:04.263373'},null);

-- Application Task
INSERT INTO "GALADM"."GAL243TBX" (APPLICATION_ID,JNDI_NAME,TASK_NAME,SEQUENCE_NO,INPUT_EVENT_EXIST_FLAG,BEGIN_FLAG,COMMIT_FLAG,STATEFULL_SESSION_BEAN_FLAG,ARGUMENT) VALUES ('AE0TR18001      ','                                                                                                                                ','GtsEngineBodyTrackingService    ',1,0,1,1,0,'                                                                                                                                ');

-- Task Spec
INSERT INTO "GALADM"."GAL244TBX" (TASK_NAME,TASKSPEC_DESCRIPTION,STATEFULL_SESSION_BEAN_FLAG,JNDI_NAME) VALUES ('GtsEngineBodyTrackingService    ','                                                                                                                                ',0,'                                                                                                                                ');

INSERT INTO "GALADM"."GAL212TBX" (PRODUCTION_LOT,LOT_SIZE,START_PRODUCT_ID,SEND_STATUS,STAMPED_COUNT,HOLD_STATUS,SENT_TIMESTAMP,NEXT_PRODUCTION_LOT,LOT_NUMBER,PLANT_CODE,PROCESS_LOCATION,LINE_NO,PRODUCT_SPEC_CODE,CREATE_TIMESTAMP,UPDATE_TIMESTAMP,BUILD_SEQ_NOT_FIXED_FLAG,BUILD_SEQUENCE_NUMBER,PLAN_CODE,KD_LOT_NUMBER) VALUES ('HCM 03AE201810190120',18,'K20C24205985     ',0,0,1,null,'HCM 03AE201810190130','201810190120','HCM ','AE','03','K5BBLF900             ',{ts '2018-10-13 10:50:48.668307'},{ts '2018-10-17 12:11:55.396152'},null,null,null,'HCM 01201810034502');
INSERT INTO "GALADM"."GAL212TBX" (PRODUCTION_LOT,LOT_SIZE,START_PRODUCT_ID,SEND_STATUS,STAMPED_COUNT,HOLD_STATUS,SENT_TIMESTAMP,NEXT_PRODUCTION_LOT,LOT_NUMBER,PLANT_CODE,PROCESS_LOCATION,LINE_NO,PRODUCT_SPEC_CODE,CREATE_TIMESTAMP,UPDATE_TIMESTAMP,BUILD_SEQ_NOT_FIXED_FLAG,BUILD_SEQUENCE_NUMBER,PLAN_CODE,KD_LOT_NUMBER) VALUES ('HCM 03AE201810190130',12,'K20C24206003     ',0,0,1,null,'HCM 03AE201810190140','201810190130','HCM ','AE','03','K5BBAF900             ',{ts '2018-10-13 10:50:49.773775'},{ts '2018-10-17 12:23:23.009600'},null,null,null,'HCM 01201810034501');
INSERT INTO "GALADM"."GAL212TBX" (PRODUCTION_LOT,LOT_SIZE,START_PRODUCT_ID,SEND_STATUS,STAMPED_COUNT,HOLD_STATUS,SENT_TIMESTAMP,NEXT_PRODUCTION_LOT,LOT_NUMBER,PLANT_CODE,PROCESS_LOCATION,LINE_NO,PRODUCT_SPEC_CODE,CREATE_TIMESTAMP,UPDATE_TIMESTAMP,BUILD_SEQ_NOT_FIXED_FLAG,BUILD_SEQUENCE_NUMBER,PLAN_CODE,KD_LOT_NUMBER) VALUES ('HCM 03AE201810190140',30,'K20C24206015     ',0,0,1,null,null,'201810190140','HCM ','AE','03','K5BBAF900             ',{ts '2018-10-13 10:50:50.865481'},{ts '2018-10-17 13:00:17.779271'},null,null,null,'HCM 01201810034401');

INSERT INTO "GALADM"."GAL217TBX" (PRODUCTION_LOT,PLAN_CODE,LINE_NO,PROCESS_LOCATION,WE_LINE_NO,WE_PROCESS_LOCATION,PA_LINE_NO,PA_PROCESS_LOCATION,PRODUCT_SPEC_CODE,KD_LOT_NUMBER,START_PRODUCT_ID,LOT_SIZE,DEMAND_TYPE,PLAN_OFF_DATE,PRODUCTION_DATE,LOT_PASS_FLAG,LOT_NUMBER,PLANT_CODE,LOT_STATUS,CREATE_TIMESTAMP,UPDATE_TIMESTAMP,PROD_LOT_KD) VALUES ('HCM 03AE201810190120','HCM 034AE  ','03','AE','  ','  ','  ','  ','K5BBLF900                     ','HCM 01201810034502','K20C24205985     ',18,'MP',{d '2018-10-19'},{d '2018-10-19'},0,'201810190120','HCM ',1,{ts '2018-10-13 10:50:48.599631'},{ts '2018-10-17 12:11:55.404034'},'HCM 03AE201810190120');
INSERT INTO "GALADM"."GAL217TBX" (PRODUCTION_LOT,PLAN_CODE,LINE_NO,PROCESS_LOCATION,WE_LINE_NO,WE_PROCESS_LOCATION,PA_LINE_NO,PA_PROCESS_LOCATION,PRODUCT_SPEC_CODE,KD_LOT_NUMBER,START_PRODUCT_ID,LOT_SIZE,DEMAND_TYPE,PLAN_OFF_DATE,PRODUCTION_DATE,LOT_PASS_FLAG,LOT_NUMBER,PLANT_CODE,LOT_STATUS,CREATE_TIMESTAMP,UPDATE_TIMESTAMP,PROD_LOT_KD) VALUES ('HCM 03AE201810190130','HCM 034AE  ','03','AE','  ','  ','  ','  ','K5BBAF900                     ','HCM 01201810034501','K20C24206003     ',12,'MP',{d '2018-10-19'},{d '2018-10-19'},0,'201810190130','HCM ',1,{ts '2018-10-13 10:50:49.691475'},{ts '2018-10-17 12:23:23.016611'},'HCM 03AE201810190130');
INSERT INTO "GALADM"."GAL217TBX" (PRODUCTION_LOT,PLAN_CODE,LINE_NO,PROCESS_LOCATION,WE_LINE_NO,WE_PROCESS_LOCATION,PA_LINE_NO,PA_PROCESS_LOCATION,PRODUCT_SPEC_CODE,KD_LOT_NUMBER,START_PRODUCT_ID,LOT_SIZE,DEMAND_TYPE,PLAN_OFF_DATE,PRODUCTION_DATE,LOT_PASS_FLAG,LOT_NUMBER,PLANT_CODE,LOT_STATUS,CREATE_TIMESTAMP,UPDATE_TIMESTAMP,PROD_LOT_KD) VALUES ('HCM 03AE201810190140','HCM 034AE  ','03','AE','  ','  ','  ','  ','K5BBAF900                     ','HCM 01201810034401','K20C24206015     ',30,'MP',{d '2018-10-19'},{d '2018-10-19'},0,'201810190140','HCM ',1,{ts '2018-10-13 10:50:50.786788'},{ts '2018-10-17 13:00:17.789570'},'HCM 03AE201810190140');

INSERT INTO "GALADM"."GAL131TBX" (PRODUCT_ID,VIN,MISSION_SERIAL_NO,ENGINE_FIRING_FLAG,PRODUCTION_LOT,KD_LOT_NUMBER,PRODUCT_SPEC_CODE,PLAN_OFF_DATE,TRACKING_STATUS,PRODUCTION_DATE,PRODUCT_START_DATE,ACTUAL_OFF_DATE,AUTO_HOLD_STATUS,LAST_PASSING_PROCESS_POINT_ID,MISSION_STATUS,FIRING_TYPE,REPAIR_FLAG,ACTUAL_MISSION_TYPE,CREATE_TIMESTAMP,UPDATE_TIMESTAMP,DEFECT_STATUS) VALUES ('K20C24205985     ',null,'JDJC4003963         ',0,'HCM 03AE201810190120','HCM 01201810034502','K5BBLF900             ',{d '2018-10-19'},'MEEN3          ',{d '2018-10-19'},null,null,0,'ME0EN16001      ',1,0,0,'K5DJCA0               ',{ts '2018-10-13 10:50:48.614839'},{ts '2018-10-17 14:39:46.659455'},null);
INSERT INTO "GALADM"."GAL131TBX" (PRODUCT_ID,VIN,MISSION_SERIAL_NO,ENGINE_FIRING_FLAG,PRODUCTION_LOT,KD_LOT_NUMBER,PRODUCT_SPEC_CODE,PLAN_OFF_DATE,TRACKING_STATUS,PRODUCTION_DATE,PRODUCT_START_DATE,ACTUAL_OFF_DATE,AUTO_HOLD_STATUS,LAST_PASSING_PROCESS_POINT_ID,MISSION_STATUS,FIRING_TYPE,REPAIR_FLAG,ACTUAL_MISSION_TYPE,CREATE_TIMESTAMP,UPDATE_TIMESTAMP,DEFECT_STATUS) VALUES ('K20C24205986     ',null,'JDJC4003962         ',0,'HCM 03AE201810190120','HCM 01201810034502','K5BBLF900             ',{d '2018-10-19'},'MEEN3          ',{d '2018-10-19'},null,null,0,'ME0EN16001      ',1,0,0,'K5DJCA0               ',{ts '2018-10-13 10:50:48.614997'},{ts '2018-10-17 14:39:46.747947'},null);
INSERT INTO "GALADM"."GAL131TBX" (PRODUCT_ID,VIN,MISSION_SERIAL_NO,ENGINE_FIRING_FLAG,PRODUCTION_LOT,KD_LOT_NUMBER,PRODUCT_SPEC_CODE,PLAN_OFF_DATE,TRACKING_STATUS,PRODUCTION_DATE,PRODUCT_START_DATE,ACTUAL_OFF_DATE,AUTO_HOLD_STATUS,LAST_PASSING_PROCESS_POINT_ID,MISSION_STATUS,FIRING_TYPE,REPAIR_FLAG,ACTUAL_MISSION_TYPE,CREATE_TIMESTAMP,UPDATE_TIMESTAMP,DEFECT_STATUS) VALUES ('K20C24205987     ',null,'JDJC4003958         ',0,'HCM 03AE201810190120','HCM 01201810034502','K5BBLF900             ',{d '2018-10-19'},'MEEN3          ',{d '2018-10-19'},null,null,0,'ME0EN16001      ',1,0,0,'K5DJCA0               ',{ts '2018-10-13 10:50:48.615093'},{ts '2018-10-17 14:39:46.818183'},null);
INSERT INTO "GALADM"."GAL131TBX" (PRODUCT_ID,VIN,MISSION_SERIAL_NO,ENGINE_FIRING_FLAG,PRODUCTION_LOT,KD_LOT_NUMBER,PRODUCT_SPEC_CODE,PLAN_OFF_DATE,TRACKING_STATUS,PRODUCTION_DATE,PRODUCT_START_DATE,ACTUAL_OFF_DATE,AUTO_HOLD_STATUS,LAST_PASSING_PROCESS_POINT_ID,MISSION_STATUS,FIRING_TYPE,REPAIR_FLAG,ACTUAL_MISSION_TYPE,CREATE_TIMESTAMP,UPDATE_TIMESTAMP,DEFECT_STATUS) VALUES ('K20C24205988     ',null,'JDJC4003959         ',0,'HCM 03AE201810190120','HCM 01201810034502','K5BBLF900             ',{d '2018-10-19'},'MEEN3          ',{d '2018-10-19'},null,null,0,'ME0EN16001      ',1,0,0,'K5DJCA0               ',{ts '2018-10-13 10:50:48.615204'},{ts '2018-10-17 17:06:25.453375'},null);
INSERT INTO "GALADM"."GAL131TBX" (PRODUCT_ID,VIN,MISSION_SERIAL_NO,ENGINE_FIRING_FLAG,PRODUCTION_LOT,KD_LOT_NUMBER,PRODUCT_SPEC_CODE,PLAN_OFF_DATE,TRACKING_STATUS,PRODUCTION_DATE,PRODUCT_START_DATE,ACTUAL_OFF_DATE,AUTO_HOLD_STATUS,LAST_PASSING_PROCESS_POINT_ID,MISSION_STATUS,FIRING_TYPE,REPAIR_FLAG,ACTUAL_MISSION_TYPE,CREATE_TIMESTAMP,UPDATE_TIMESTAMP,DEFECT_STATUS) VALUES ('K20C24205989     ',null,'JDJC4003965         ',0,'HCM 03AE201810190120','HCM 01201810034502','K5BBLF900             ',{d '2018-10-19'},'MEEN3          ',{d '2018-10-19'},null,null,0,'ME0EN16001      ',1,0,0,'K5DJCA0               ',{ts '2018-10-13 10:50:48.615271'},{ts '2018-10-17 14:39:46.875084'},null);
INSERT INTO "GALADM"."GAL131TBX" (PRODUCT_ID,VIN,MISSION_SERIAL_NO,ENGINE_FIRING_FLAG,PRODUCTION_LOT,KD_LOT_NUMBER,PRODUCT_SPEC_CODE,PLAN_OFF_DATE,TRACKING_STATUS,PRODUCTION_DATE,PRODUCT_START_DATE,ACTUAL_OFF_DATE,AUTO_HOLD_STATUS,LAST_PASSING_PROCESS_POINT_ID,MISSION_STATUS,FIRING_TYPE,REPAIR_FLAG,ACTUAL_MISSION_TYPE,CREATE_TIMESTAMP,UPDATE_TIMESTAMP,DEFECT_STATUS) VALUES ('K20C24205990     ',null,'JDJC4004020         ',0,'HCM 03AE201810190120','HCM 01201810034502','K5BBLF900             ',{d '2018-10-19'},'MEEN3          ',{d '2018-10-19'},null,null,0,'ME0EN16001      ',1,0,0,'K5DJCA0               ',{ts '2018-10-13 10:50:48.615337'},{ts '2018-10-17 17:06:25.388194'},null);
INSERT INTO "GALADM"."GAL131TBX" (PRODUCT_ID,VIN,MISSION_SERIAL_NO,ENGINE_FIRING_FLAG,PRODUCTION_LOT,KD_LOT_NUMBER,PRODUCT_SPEC_CODE,PLAN_OFF_DATE,TRACKING_STATUS,PRODUCTION_DATE,PRODUCT_START_DATE,ACTUAL_OFF_DATE,AUTO_HOLD_STATUS,LAST_PASSING_PROCESS_POINT_ID,MISSION_STATUS,FIRING_TYPE,REPAIR_FLAG,ACTUAL_MISSION_TYPE,CREATE_TIMESTAMP,UPDATE_TIMESTAMP,DEFECT_STATUS) VALUES ('K20C24205991     ',null,'JDJC4003960         ',0,'HCM 03AE201810190120','HCM 01201810034502','K5BBLF900             ',{d '2018-10-19'},'MEEN3          ',{d '2018-10-19'},null,null,0,'ME0EN16001      ',1,0,0,'K5DJCA0               ',{ts '2018-10-13 10:50:48.615404'},{ts '2018-10-17 14:39:46.928880'},null);
INSERT INTO "GALADM"."GAL131TBX" (PRODUCT_ID,VIN,MISSION_SERIAL_NO,ENGINE_FIRING_FLAG,PRODUCTION_LOT,KD_LOT_NUMBER,PRODUCT_SPEC_CODE,PLAN_OFF_DATE,TRACKING_STATUS,PRODUCTION_DATE,PRODUCT_START_DATE,ACTUAL_OFF_DATE,AUTO_HOLD_STATUS,LAST_PASSING_PROCESS_POINT_ID,MISSION_STATUS,FIRING_TYPE,REPAIR_FLAG,ACTUAL_MISSION_TYPE,CREATE_TIMESTAMP,UPDATE_TIMESTAMP,DEFECT_STATUS) VALUES ('K20C24205992     ',null,'JDJC4005992         ',0,'HCM 03AE201810190120','HCM 01201810034502','K5BBLF900             ',{d '2018-10-19'},'MEEN3          ',{d '2018-10-19'},null,null,0,'ME0EN16001      ',1,0,0,'K5DJCA0               ',{ts '2018-10-13 10:50:48.615469'},{ts '2018-10-17 14:39:46.987653'},null);
INSERT INTO "GALADM"."GAL131TBX" (PRODUCT_ID,VIN,MISSION_SERIAL_NO,ENGINE_FIRING_FLAG,PRODUCTION_LOT,KD_LOT_NUMBER,PRODUCT_SPEC_CODE,PLAN_OFF_DATE,TRACKING_STATUS,PRODUCTION_DATE,PRODUCT_START_DATE,ACTUAL_OFF_DATE,AUTO_HOLD_STATUS,LAST_PASSING_PROCESS_POINT_ID,MISSION_STATUS,FIRING_TYPE,REPAIR_FLAG,ACTUAL_MISSION_TYPE,CREATE_TIMESTAMP,UPDATE_TIMESTAMP,DEFECT_STATUS) VALUES ('K20C24205993     ',null,'JDJC4005996         ',0,'HCM 03AE201810190120','HCM 01201810034502','K5BBLF900             ',{d '2018-10-19'},'MEEN3          ',{d '2018-10-19'},null,null,0,'ME0EN16001      ',1,0,0,'K5DJCA0               ',{ts '2018-10-13 10:50:48.615562'},{ts '2018-10-17 14:39:47.064254'},null);
INSERT INTO "GALADM"."GAL131TBX" (PRODUCT_ID,VIN,MISSION_SERIAL_NO,ENGINE_FIRING_FLAG,PRODUCTION_LOT,KD_LOT_NUMBER,PRODUCT_SPEC_CODE,PLAN_OFF_DATE,TRACKING_STATUS,PRODUCTION_DATE,PRODUCT_START_DATE,ACTUAL_OFF_DATE,AUTO_HOLD_STATUS,LAST_PASSING_PROCESS_POINT_ID,MISSION_STATUS,FIRING_TYPE,REPAIR_FLAG,ACTUAL_MISSION_TYPE,CREATE_TIMESTAMP,UPDATE_TIMESTAMP,DEFECT_STATUS) VALUES ('K20C24205994     ',null,'JDJC4004022         ',0,'HCM 03AE201810190120','HCM 01201810034502','K5BBLF900             ',{d '2018-10-19'},'MEEN3          ',{d '2018-10-19'},null,null,0,'ME0EN16001      ',1,0,0,'K5DJCA0               ',{ts '2018-10-13 10:50:48.615663'},{ts '2018-10-17 14:39:47.108486'},null);
INSERT INTO "GALADM"."GAL131TBX" (PRODUCT_ID,VIN,MISSION_SERIAL_NO,ENGINE_FIRING_FLAG,PRODUCTION_LOT,KD_LOT_NUMBER,PRODUCT_SPEC_CODE,PLAN_OFF_DATE,TRACKING_STATUS,PRODUCTION_DATE,PRODUCT_START_DATE,ACTUAL_OFF_DATE,AUTO_HOLD_STATUS,LAST_PASSING_PROCESS_POINT_ID,MISSION_STATUS,FIRING_TYPE,REPAIR_FLAG,ACTUAL_MISSION_TYPE,CREATE_TIMESTAMP,UPDATE_TIMESTAMP,DEFECT_STATUS) VALUES ('K20C24205995     ',null,'JDJC4005994         ',0,'HCM 03AE201810190120','HCM 01201810034502','K5BBLF900             ',{d '2018-10-19'},'MEEN3          ',{d '2018-10-19'},null,null,0,'ME0EN16001      ',1,0,0,'K5DJCA0               ',{ts '2018-10-13 10:50:48.615749'},{ts '2018-10-17 14:39:47.169445'},null);
INSERT INTO "GALADM"."GAL131TBX" (PRODUCT_ID,VIN,MISSION_SERIAL_NO,ENGINE_FIRING_FLAG,PRODUCTION_LOT,KD_LOT_NUMBER,PRODUCT_SPEC_CODE,PLAN_OFF_DATE,TRACKING_STATUS,PRODUCTION_DATE,PRODUCT_START_DATE,ACTUAL_OFF_DATE,AUTO_HOLD_STATUS,LAST_PASSING_PROCESS_POINT_ID,MISSION_STATUS,FIRING_TYPE,REPAIR_FLAG,ACTUAL_MISSION_TYPE,CREATE_TIMESTAMP,UPDATE_TIMESTAMP,DEFECT_STATUS) VALUES ('K20C24205996     ',null,'JDJC4005997         ',0,'HCM 03AE201810190120','HCM 01201810034502','K5BBLF900             ',{d '2018-10-19'},'MEEN3          ',{d '2018-10-19'},null,null,0,'ME0EN16001      ',1,0,0,'K5DJCA0               ',{ts '2018-10-13 10:50:48.615822'},{ts '2018-10-17 14:39:47.228589'},null);
INSERT INTO "GALADM"."GAL131TBX" (PRODUCT_ID,VIN,MISSION_SERIAL_NO,ENGINE_FIRING_FLAG,PRODUCTION_LOT,KD_LOT_NUMBER,PRODUCT_SPEC_CODE,PLAN_OFF_DATE,TRACKING_STATUS,PRODUCTION_DATE,PRODUCT_START_DATE,ACTUAL_OFF_DATE,AUTO_HOLD_STATUS,LAST_PASSING_PROCESS_POINT_ID,MISSION_STATUS,FIRING_TYPE,REPAIR_FLAG,ACTUAL_MISSION_TYPE,CREATE_TIMESTAMP,UPDATE_TIMESTAMP,DEFECT_STATUS) VALUES ('K20C24205997     ',null,'JDJC4005998         ',0,'HCM 03AE201810190120','HCM 01201810034502','K5BBLF900             ',{d '2018-10-19'},'MEEN3          ',{d '2018-10-19'},null,null,0,'ME0EN16001      ',1,0,0,'K5DJCA0               ',{ts '2018-10-13 10:50:48.615890'},{ts '2018-10-17 14:39:47.283161'},null);
INSERT INTO "GALADM"."GAL131TBX" (PRODUCT_ID,VIN,MISSION_SERIAL_NO,ENGINE_FIRING_FLAG,PRODUCTION_LOT,KD_LOT_NUMBER,PRODUCT_SPEC_CODE,PLAN_OFF_DATE,TRACKING_STATUS,PRODUCTION_DATE,PRODUCT_START_DATE,ACTUAL_OFF_DATE,AUTO_HOLD_STATUS,LAST_PASSING_PROCESS_POINT_ID,MISSION_STATUS,FIRING_TYPE,REPAIR_FLAG,ACTUAL_MISSION_TYPE,CREATE_TIMESTAMP,UPDATE_TIMESTAMP,DEFECT_STATUS) VALUES ('K20C24205998     ',null,'JDJC4006014         ',0,'HCM 03AE201810190120','HCM 01201810034502','K5BBLF900             ',{d '2018-10-19'},'MEEN3          ',{d '2018-10-19'},null,null,0,'ME0EN16001      ',1,0,0,'K5DJCA0               ',{ts '2018-10-13 10:50:48.615986'},{ts '2018-10-19 13:12:32.044215'},null);
INSERT INTO "GALADM"."GAL131TBX" (PRODUCT_ID,VIN,MISSION_SERIAL_NO,ENGINE_FIRING_FLAG,PRODUCTION_LOT,KD_LOT_NUMBER,PRODUCT_SPEC_CODE,PLAN_OFF_DATE,TRACKING_STATUS,PRODUCTION_DATE,PRODUCT_START_DATE,ACTUAL_OFF_DATE,AUTO_HOLD_STATUS,LAST_PASSING_PROCESS_POINT_ID,MISSION_STATUS,FIRING_TYPE,REPAIR_FLAG,ACTUAL_MISSION_TYPE,CREATE_TIMESTAMP,UPDATE_TIMESTAMP,DEFECT_STATUS) VALUES ('K20C24205999     ',null,'JDJC4005999         ',0,'HCM 03AE201810190120','HCM 01201810034502','K5BBLF900             ',{d '2018-10-19'},'MEEN3          ',{d '2018-10-19'},null,null,0,'ME0EN16001      ',1,0,0,'K5DJCA0               ',{ts '2018-10-13 10:50:48.616060'},{ts '2018-10-19 13:12:32.440786'},null);
INSERT INTO "GALADM"."GAL131TBX" (PRODUCT_ID,VIN,MISSION_SERIAL_NO,ENGINE_FIRING_FLAG,PRODUCTION_LOT,KD_LOT_NUMBER,PRODUCT_SPEC_CODE,PLAN_OFF_DATE,TRACKING_STATUS,PRODUCTION_DATE,PRODUCT_START_DATE,ACTUAL_OFF_DATE,AUTO_HOLD_STATUS,LAST_PASSING_PROCESS_POINT_ID,MISSION_STATUS,FIRING_TYPE,REPAIR_FLAG,ACTUAL_MISSION_TYPE,CREATE_TIMESTAMP,UPDATE_TIMESTAMP,DEFECT_STATUS) VALUES ('K20C24206000     ',null,'JDJC4006016         ',0,'HCM 03AE201810190120','HCM 01201810034502','K5BBLF900             ',{d '2018-10-19'},'MEEN3          ',{d '2018-10-19'},null,null,0,'ME0EN16001      ',1,0,0,'K5DJCA0               ',{ts '2018-10-13 10:50:48.616148'},{ts '2018-10-19 13:12:32.470572'},null);
INSERT INTO "GALADM"."GAL131TBX" (PRODUCT_ID,VIN,MISSION_SERIAL_NO,ENGINE_FIRING_FLAG,PRODUCTION_LOT,KD_LOT_NUMBER,PRODUCT_SPEC_CODE,PLAN_OFF_DATE,TRACKING_STATUS,PRODUCTION_DATE,PRODUCT_START_DATE,ACTUAL_OFF_DATE,AUTO_HOLD_STATUS,LAST_PASSING_PROCESS_POINT_ID,MISSION_STATUS,FIRING_TYPE,REPAIR_FLAG,ACTUAL_MISSION_TYPE,CREATE_TIMESTAMP,UPDATE_TIMESTAMP,DEFECT_STATUS) VALUES ('K20C24206001     ',null,'JDJC4006018         ',0,'HCM 03AE201810190120','HCM 01201810034502','K5BBLF900             ',{d '2018-10-19'},'MEEN3          ',{d '2018-10-19'},null,null,0,'ME0EN16001      ',1,0,0,'K5DJCA0               ',{ts '2018-10-13 10:50:48.616233'},{ts '2018-10-19 13:12:32.507508'},null);
INSERT INTO "GALADM"."GAL131TBX" (PRODUCT_ID,VIN,MISSION_SERIAL_NO,ENGINE_FIRING_FLAG,PRODUCTION_LOT,KD_LOT_NUMBER,PRODUCT_SPEC_CODE,PLAN_OFF_DATE,TRACKING_STATUS,PRODUCTION_DATE,PRODUCT_START_DATE,ACTUAL_OFF_DATE,AUTO_HOLD_STATUS,LAST_PASSING_PROCESS_POINT_ID,MISSION_STATUS,FIRING_TYPE,REPAIR_FLAG,ACTUAL_MISSION_TYPE,CREATE_TIMESTAMP,UPDATE_TIMESTAMP,DEFECT_STATUS) VALUES ('K20C24206002     ',null,'JDJC4006012         ',0,'HCM 03AE201810190120','HCM 01201810034502','K5BBLF900             ',{d '2018-10-19'},'MEEN3          ',{d '2018-10-19'},null,null,0,'ME0EN16001      ',1,0,0,'K5DJCA0               ',{ts '2018-10-13 10:50:48.616302'},{ts '2018-10-19 13:12:32.556810'},null);
INSERT INTO "GALADM"."GAL131TBX" (PRODUCT_ID,VIN,MISSION_SERIAL_NO,ENGINE_FIRING_FLAG,PRODUCTION_LOT,KD_LOT_NUMBER,PRODUCT_SPEC_CODE,PLAN_OFF_DATE,TRACKING_STATUS,PRODUCTION_DATE,PRODUCT_START_DATE,ACTUAL_OFF_DATE,AUTO_HOLD_STATUS,LAST_PASSING_PROCESS_POINT_ID,MISSION_STATUS,FIRING_TYPE,REPAIR_FLAG,ACTUAL_MISSION_TYPE,CREATE_TIMESTAMP,UPDATE_TIMESTAMP,DEFECT_STATUS) VALUES ('K20C24206003     ',null,'JDJC4006015         ',0,'HCM 03AE201810190130','HCM 01201810034501','K5BBAF900             ',{d '2018-10-19'},'MEEN3          ',{d '2018-10-19'},null,null,0,'ME0EN16001      ',1,0,0,'K5DJCA0               ',{ts '2018-10-13 10:50:49.705331'},{ts '2018-10-17 14:39:47.850855'},null);
INSERT INTO "GALADM"."GAL131TBX" (PRODUCT_ID,VIN,MISSION_SERIAL_NO,ENGINE_FIRING_FLAG,PRODUCTION_LOT,KD_LOT_NUMBER,PRODUCT_SPEC_CODE,PLAN_OFF_DATE,TRACKING_STATUS,PRODUCTION_DATE,PRODUCT_START_DATE,ACTUAL_OFF_DATE,AUTO_HOLD_STATUS,LAST_PASSING_PROCESS_POINT_ID,MISSION_STATUS,FIRING_TYPE,REPAIR_FLAG,ACTUAL_MISSION_TYPE,CREATE_TIMESTAMP,UPDATE_TIMESTAMP,DEFECT_STATUS) VALUES ('K20C24206004     ',null,'JDJC4006013         ',0,'HCM 03AE201810190130','HCM 01201810034501','K5BBAF900             ',{d '2018-10-19'},'MEEN3          ',{d '2018-10-19'},null,null,0,'ME0EN16001      ',1,0,0,'K5DJCA0               ',{ts '2018-10-13 10:50:49.705518'},{ts '2018-10-17 14:39:47.900777'},null);
INSERT INTO "GALADM"."GAL131TBX" (PRODUCT_ID,VIN,MISSION_SERIAL_NO,ENGINE_FIRING_FLAG,PRODUCTION_LOT,KD_LOT_NUMBER,PRODUCT_SPEC_CODE,PLAN_OFF_DATE,TRACKING_STATUS,PRODUCTION_DATE,PRODUCT_START_DATE,ACTUAL_OFF_DATE,AUTO_HOLD_STATUS,LAST_PASSING_PROCESS_POINT_ID,MISSION_STATUS,FIRING_TYPE,REPAIR_FLAG,ACTUAL_MISSION_TYPE,CREATE_TIMESTAMP,UPDATE_TIMESTAMP,DEFECT_STATUS) VALUES ('K20C24206005     ',null,'JDJC4004024         ',0,'HCM 03AE201810190130','HCM 01201810034501','K5BBAF900             ',{d '2018-10-19'},'MEEN3          ',{d '2018-10-19'},null,null,0,'ME0EN16001      ',1,0,0,'K5DJCA0               ',{ts '2018-10-13 10:50:49.705611'},{ts '2018-10-17 14:39:47.967861'},null);
INSERT INTO "GALADM"."GAL131TBX" (PRODUCT_ID,VIN,MISSION_SERIAL_NO,ENGINE_FIRING_FLAG,PRODUCTION_LOT,KD_LOT_NUMBER,PRODUCT_SPEC_CODE,PLAN_OFF_DATE,TRACKING_STATUS,PRODUCTION_DATE,PRODUCT_START_DATE,ACTUAL_OFF_DATE,AUTO_HOLD_STATUS,LAST_PASSING_PROCESS_POINT_ID,MISSION_STATUS,FIRING_TYPE,REPAIR_FLAG,ACTUAL_MISSION_TYPE,CREATE_TIMESTAMP,UPDATE_TIMESTAMP,DEFECT_STATUS) VALUES ('K20C24206006     ',null,'JDJC4004023         ',0,'HCM 03AE201810190130','HCM 01201810034501','K5BBAF900             ',{d '2018-10-19'},'MEEN3          ',{d '2018-10-19'},null,null,0,'ME0EN16001      ',1,0,0,'K5DJCA0               ',{ts '2018-10-13 10:50:49.705680'},{ts '2018-10-17 14:39:48.000618'},null);
INSERT INTO "GALADM"."GAL131TBX" (PRODUCT_ID,VIN,MISSION_SERIAL_NO,ENGINE_FIRING_FLAG,PRODUCTION_LOT,KD_LOT_NUMBER,PRODUCT_SPEC_CODE,PLAN_OFF_DATE,TRACKING_STATUS,PRODUCTION_DATE,PRODUCT_START_DATE,ACTUAL_OFF_DATE,AUTO_HOLD_STATUS,LAST_PASSING_PROCESS_POINT_ID,MISSION_STATUS,FIRING_TYPE,REPAIR_FLAG,ACTUAL_MISSION_TYPE,CREATE_TIMESTAMP,UPDATE_TIMESTAMP,DEFECT_STATUS) VALUES ('K20C24206007     ',null,'JDJC4004019         ',0,'HCM 03AE201810190130','HCM 01201810034501','K5BBAF900             ',{d '2018-10-19'},'MEEN3          ',{d '2018-10-19'},null,null,0,'ME0EN16001      ',1,0,0,'K5DJCA0               ',{ts '2018-10-13 10:50:49.705804'},{ts '2018-10-17 14:39:48.040907'},null);
INSERT INTO "GALADM"."GAL131TBX" (PRODUCT_ID,VIN,MISSION_SERIAL_NO,ENGINE_FIRING_FLAG,PRODUCTION_LOT,KD_LOT_NUMBER,PRODUCT_SPEC_CODE,PLAN_OFF_DATE,TRACKING_STATUS,PRODUCTION_DATE,PRODUCT_START_DATE,ACTUAL_OFF_DATE,AUTO_HOLD_STATUS,LAST_PASSING_PROCESS_POINT_ID,MISSION_STATUS,FIRING_TYPE,REPAIR_FLAG,ACTUAL_MISSION_TYPE,CREATE_TIMESTAMP,UPDATE_TIMESTAMP,DEFECT_STATUS) VALUES ('K20C24206008     ',null,'JDJC4004021         ',0,'HCM 03AE201810190130','HCM 01201810034501','K5BBAF900             ',{d '2018-10-19'},'MEEN3          ',{d '2018-10-19'},null,null,0,'ME0EN16001      ',1,0,0,'K5DJCA0               ',{ts '2018-10-13 10:50:49.705882'},{ts '2018-10-17 14:39:48.079357'},null);
INSERT INTO "GALADM"."GAL131TBX" (PRODUCT_ID,VIN,MISSION_SERIAL_NO,ENGINE_FIRING_FLAG,PRODUCTION_LOT,KD_LOT_NUMBER,PRODUCT_SPEC_CODE,PLAN_OFF_DATE,TRACKING_STATUS,PRODUCTION_DATE,PRODUCT_START_DATE,ACTUAL_OFF_DATE,AUTO_HOLD_STATUS,LAST_PASSING_PROCESS_POINT_ID,MISSION_STATUS,FIRING_TYPE,REPAIR_FLAG,ACTUAL_MISSION_TYPE,CREATE_TIMESTAMP,UPDATE_TIMESTAMP,DEFECT_STATUS) VALUES ('K20C24206009     ',null,'JDJC4003777         ',0,'HCM 03AE201810190130','HCM 01201810034501','K5BBAF900             ',{d '2018-10-19'},'MEEN3          ',{d '2018-10-19'},null,null,0,'ME0EN16001      ',1,0,0,'K5DJCA0               ',{ts '2018-10-13 10:50:49.705968'},{ts '2018-10-17 14:39:48.127058'},null);
INSERT INTO "GALADM"."GAL131TBX" (PRODUCT_ID,VIN,MISSION_SERIAL_NO,ENGINE_FIRING_FLAG,PRODUCTION_LOT,KD_LOT_NUMBER,PRODUCT_SPEC_CODE,PLAN_OFF_DATE,TRACKING_STATUS,PRODUCTION_DATE,PRODUCT_START_DATE,ACTUAL_OFF_DATE,AUTO_HOLD_STATUS,LAST_PASSING_PROCESS_POINT_ID,MISSION_STATUS,FIRING_TYPE,REPAIR_FLAG,ACTUAL_MISSION_TYPE,CREATE_TIMESTAMP,UPDATE_TIMESTAMP,DEFECT_STATUS) VALUES ('K20C24206010     ',null,'JDJC4003776         ',0,'HCM 03AE201810190130','HCM 01201810034501','K5BBAF900             ',{d '2018-10-19'},'MEEN3          ',{d '2018-10-19'},null,null,0,'ME0EN16001      ',1,0,0,'K5DJCA0               ',{ts '2018-10-13 10:50:49.706036'},{ts '2018-10-17 14:39:48.179763'},null);
INSERT INTO "GALADM"."GAL131TBX" (PRODUCT_ID,VIN,MISSION_SERIAL_NO,ENGINE_FIRING_FLAG,PRODUCTION_LOT,KD_LOT_NUMBER,PRODUCT_SPEC_CODE,PLAN_OFF_DATE,TRACKING_STATUS,PRODUCTION_DATE,PRODUCT_START_DATE,ACTUAL_OFF_DATE,AUTO_HOLD_STATUS,LAST_PASSING_PROCESS_POINT_ID,MISSION_STATUS,FIRING_TYPE,REPAIR_FLAG,ACTUAL_MISSION_TYPE,CREATE_TIMESTAMP,UPDATE_TIMESTAMP,DEFECT_STATUS) VALUES ('K20C24206011     ',null,'JDJC4003779         ',0,'HCM 03AE201810190130','HCM 01201810034501','K5BBAF900             ',{d '2018-10-19'},'MEEN3          ',{d '2018-10-19'},null,null,0,'ME0EN16001      ',1,0,0,'K5DJCA0               ',{ts '2018-10-13 10:50:49.715888'},{ts '2018-10-17 14:39:48.223962'},null);
INSERT INTO "GALADM"."GAL131TBX" (PRODUCT_ID,VIN,MISSION_SERIAL_NO,ENGINE_FIRING_FLAG,PRODUCTION_LOT,KD_LOT_NUMBER,PRODUCT_SPEC_CODE,PLAN_OFF_DATE,TRACKING_STATUS,PRODUCTION_DATE,PRODUCT_START_DATE,ACTUAL_OFF_DATE,AUTO_HOLD_STATUS,LAST_PASSING_PROCESS_POINT_ID,MISSION_STATUS,FIRING_TYPE,REPAIR_FLAG,ACTUAL_MISSION_TYPE,CREATE_TIMESTAMP,UPDATE_TIMESTAMP,DEFECT_STATUS) VALUES ('K20C24206012     ',null,'JDJC4003772         ',0,'HCM 03AE201810190130','HCM 01201810034501','K5BBAF900             ',{d '2018-10-19'},'MEEN3          ',{d '2018-10-19'},null,null,0,'ME0EN16001      ',1,0,0,'K5DJCA0               ',{ts '2018-10-13 10:50:49.715966'},{ts '2018-10-17 14:39:48.289730'},null);
INSERT INTO "GALADM"."GAL131TBX" (PRODUCT_ID,VIN,MISSION_SERIAL_NO,ENGINE_FIRING_FLAG,PRODUCTION_LOT,KD_LOT_NUMBER,PRODUCT_SPEC_CODE,PLAN_OFF_DATE,TRACKING_STATUS,PRODUCTION_DATE,PRODUCT_START_DATE,ACTUAL_OFF_DATE,AUTO_HOLD_STATUS,LAST_PASSING_PROCESS_POINT_ID,MISSION_STATUS,FIRING_TYPE,REPAIR_FLAG,ACTUAL_MISSION_TYPE,CREATE_TIMESTAMP,UPDATE_TIMESTAMP,DEFECT_STATUS) VALUES ('K20C24206013     ',null,'JDJC4003775         ',0,'HCM 03AE201810190130','HCM 01201810034501','K5BBAF900             ',{d '2018-10-19'},'MEEN3          ',{d '2018-10-19'},null,null,0,'ME0EN16001      ',1,0,0,'K5DJCA0               ',{ts '2018-10-13 10:50:49.730204'},{ts '2018-10-17 14:39:48.327816'},null);
INSERT INTO "GALADM"."GAL131TBX" (PRODUCT_ID,VIN,MISSION_SERIAL_NO,ENGINE_FIRING_FLAG,PRODUCTION_LOT,KD_LOT_NUMBER,PRODUCT_SPEC_CODE,PLAN_OFF_DATE,TRACKING_STATUS,PRODUCTION_DATE,PRODUCT_START_DATE,ACTUAL_OFF_DATE,AUTO_HOLD_STATUS,LAST_PASSING_PROCESS_POINT_ID,MISSION_STATUS,FIRING_TYPE,REPAIR_FLAG,ACTUAL_MISSION_TYPE,CREATE_TIMESTAMP,UPDATE_TIMESTAMP,DEFECT_STATUS) VALUES ('K20C24206014     ',null,'JDJC4003774         ',0,'HCM 03AE201810190130','HCM 01201810034501','K5BBAF900             ',{d '2018-10-19'},'MEEN3          ',{d '2018-10-19'},null,null,0,'ME0EN16001      ',1,0,0,'K5DJCA0               ',{ts '2018-10-13 10:50:49.730331'},{ts '2018-10-17 14:39:48.381681'},null);
INSERT INTO "GALADM"."GAL131TBX" (PRODUCT_ID,VIN,MISSION_SERIAL_NO,ENGINE_FIRING_FLAG,PRODUCTION_LOT,KD_LOT_NUMBER,PRODUCT_SPEC_CODE,PLAN_OFF_DATE,TRACKING_STATUS,PRODUCTION_DATE,PRODUCT_START_DATE,ACTUAL_OFF_DATE,AUTO_HOLD_STATUS,LAST_PASSING_PROCESS_POINT_ID,MISSION_STATUS,FIRING_TYPE,REPAIR_FLAG,ACTUAL_MISSION_TYPE,CREATE_TIMESTAMP,UPDATE_TIMESTAMP,DEFECT_STATUS) VALUES ('K20C24206015     ',null,'JDJC4006113         ',0,'HCM 03AE201810190140','HCM 01201810034401','K5BBAF900             ',{d '2018-10-19'},'MEEN3          ',{d '2018-10-19'},null,null,0,'ME0EN16001      ',1,0,0,'K5DJCA0               ',{ts '2018-10-13 10:50:50.807047'},{ts '2018-10-17 14:39:48.431737'},null);
INSERT INTO "GALADM"."GAL131TBX" (PRODUCT_ID,VIN,MISSION_SERIAL_NO,ENGINE_FIRING_FLAG,PRODUCTION_LOT,KD_LOT_NUMBER,PRODUCT_SPEC_CODE,PLAN_OFF_DATE,TRACKING_STATUS,PRODUCTION_DATE,PRODUCT_START_DATE,ACTUAL_OFF_DATE,AUTO_HOLD_STATUS,LAST_PASSING_PROCESS_POINT_ID,MISSION_STATUS,FIRING_TYPE,REPAIR_FLAG,ACTUAL_MISSION_TYPE,CREATE_TIMESTAMP,UPDATE_TIMESTAMP,DEFECT_STATUS) VALUES ('K20C24206016     ',null,'JDJC4006114         ',0,'HCM 03AE201810190140','HCM 01201810034401','K5BBAF900             ',{d '2018-10-19'},'MEEN3          ',{d '2018-10-19'},null,null,0,'ME0EN16001      ',1,0,0,'K5DJCA0               ',{ts '2018-10-13 10:50:50.807238'},{ts '2018-10-17 14:39:48.481846'},null);
INSERT INTO "GALADM"."GAL131TBX" (PRODUCT_ID,VIN,MISSION_SERIAL_NO,ENGINE_FIRING_FLAG,PRODUCTION_LOT,KD_LOT_NUMBER,PRODUCT_SPEC_CODE,PLAN_OFF_DATE,TRACKING_STATUS,PRODUCTION_DATE,PRODUCT_START_DATE,ACTUAL_OFF_DATE,AUTO_HOLD_STATUS,LAST_PASSING_PROCESS_POINT_ID,MISSION_STATUS,FIRING_TYPE,REPAIR_FLAG,ACTUAL_MISSION_TYPE,CREATE_TIMESTAMP,UPDATE_TIMESTAMP,DEFECT_STATUS) VALUES ('K20C24206017     ',null,'JDJC4006112         ',0,'HCM 03AE201810190140','HCM 01201810034401','K5BBAF900             ',{d '2018-10-19'},'MEEN3          ',{d '2018-10-19'},null,null,0,'ME0EN16001      ',1,0,0,'K5DJCA0               ',{ts '2018-10-13 10:50:50.807355'},{ts '2018-10-17 14:39:48.517165'},null);
INSERT INTO "GALADM"."GAL131TBX" (PRODUCT_ID,VIN,MISSION_SERIAL_NO,ENGINE_FIRING_FLAG,PRODUCTION_LOT,KD_LOT_NUMBER,PRODUCT_SPEC_CODE,PLAN_OFF_DATE,TRACKING_STATUS,PRODUCTION_DATE,PRODUCT_START_DATE,ACTUAL_OFF_DATE,AUTO_HOLD_STATUS,LAST_PASSING_PROCESS_POINT_ID,MISSION_STATUS,FIRING_TYPE,REPAIR_FLAG,ACTUAL_MISSION_TYPE,CREATE_TIMESTAMP,UPDATE_TIMESTAMP,DEFECT_STATUS) VALUES ('K20C24206018     ',null,'JDJC4006129         ',0,'HCM 03AE201810190140','HCM 01201810034401','K5BBAF900             ',{d '2018-10-19'},'MEEN3          ',{d '2018-10-19'},null,null,0,'ME0EN16001      ',1,0,0,'K5DJCA0               ',{ts '2018-10-13 10:50:50.807460'},{ts '2018-10-17 14:39:48.553677'},null);
INSERT INTO "GALADM"."GAL131TBX" (PRODUCT_ID,VIN,MISSION_SERIAL_NO,ENGINE_FIRING_FLAG,PRODUCTION_LOT,KD_LOT_NUMBER,PRODUCT_SPEC_CODE,PLAN_OFF_DATE,TRACKING_STATUS,PRODUCTION_DATE,PRODUCT_START_DATE,ACTUAL_OFF_DATE,AUTO_HOLD_STATUS,LAST_PASSING_PROCESS_POINT_ID,MISSION_STATUS,FIRING_TYPE,REPAIR_FLAG,ACTUAL_MISSION_TYPE,CREATE_TIMESTAMP,UPDATE_TIMESTAMP,DEFECT_STATUS) VALUES ('K20C24206019     ',null,'JDJC4006110         ',0,'HCM 03AE201810190140','HCM 01201810034401','K5BBAF900             ',{d '2018-10-19'},'MEEN3          ',{d '2018-10-19'},null,null,0,'ME0EN16001      ',1,0,0,'K5DJCA0               ',{ts '2018-10-13 10:50:50.807549'},{ts '2018-10-17 14:39:48.586962'},null);
INSERT INTO "GALADM"."GAL131TBX" (PRODUCT_ID,VIN,MISSION_SERIAL_NO,ENGINE_FIRING_FLAG,PRODUCTION_LOT,KD_LOT_NUMBER,PRODUCT_SPEC_CODE,PLAN_OFF_DATE,TRACKING_STATUS,PRODUCTION_DATE,PRODUCT_START_DATE,ACTUAL_OFF_DATE,AUTO_HOLD_STATUS,LAST_PASSING_PROCESS_POINT_ID,MISSION_STATUS,FIRING_TYPE,REPAIR_FLAG,ACTUAL_MISSION_TYPE,CREATE_TIMESTAMP,UPDATE_TIMESTAMP,DEFECT_STATUS) VALUES ('K20C24206020     ',null,'JDJC4006133         ',0,'HCM 03AE201810190140','HCM 01201810034401','K5BBAF900             ',{d '2018-10-19'},'MEEN3          ',{d '2018-10-19'},null,null,0,'ME0EN16001      ',1,0,0,'K5DJCA0               ',{ts '2018-10-13 10:50:50.807637'},{ts '2018-10-17 18:07:23.224984'},null);
INSERT INTO "GALADM"."GAL131TBX" (PRODUCT_ID,VIN,MISSION_SERIAL_NO,ENGINE_FIRING_FLAG,PRODUCTION_LOT,KD_LOT_NUMBER,PRODUCT_SPEC_CODE,PLAN_OFF_DATE,TRACKING_STATUS,PRODUCTION_DATE,PRODUCT_START_DATE,ACTUAL_OFF_DATE,AUTO_HOLD_STATUS,LAST_PASSING_PROCESS_POINT_ID,MISSION_STATUS,FIRING_TYPE,REPAIR_FLAG,ACTUAL_MISSION_TYPE,CREATE_TIMESTAMP,UPDATE_TIMESTAMP,DEFECT_STATUS) VALUES ('K20C24206021     ',null,'JDJC4006132         ',0,'HCM 03AE201810190140','HCM 01201810034401','K5BBAF900             ',{d '2018-10-19'},'MEEN3          ',{d '2018-10-19'},null,null,0,'ME0EN16001      ',1,0,0,'K5DJCA0               ',{ts '2018-10-13 10:50:50.807771'},{ts '2018-10-17 14:39:48.621237'},null);
INSERT INTO "GALADM"."GAL131TBX" (PRODUCT_ID,VIN,MISSION_SERIAL_NO,ENGINE_FIRING_FLAG,PRODUCTION_LOT,KD_LOT_NUMBER,PRODUCT_SPEC_CODE,PLAN_OFF_DATE,TRACKING_STATUS,PRODUCTION_DATE,PRODUCT_START_DATE,ACTUAL_OFF_DATE,AUTO_HOLD_STATUS,LAST_PASSING_PROCESS_POINT_ID,MISSION_STATUS,FIRING_TYPE,REPAIR_FLAG,ACTUAL_MISSION_TYPE,CREATE_TIMESTAMP,UPDATE_TIMESTAMP,DEFECT_STATUS) VALUES ('K20C24206022     ',null,'JDJC4006131         ',0,'HCM 03AE201810190140','HCM 01201810034401','K5BBAF900             ',{d '2018-10-19'},'MEEN3          ',{d '2018-10-19'},null,null,0,'ME0EN16001      ',1,0,0,'K5DJCA0               ',{ts '2018-10-13 10:50:50.807870'},{ts '2018-10-17 14:39:48.662448'},null);
INSERT INTO "GALADM"."GAL131TBX" (PRODUCT_ID,VIN,MISSION_SERIAL_NO,ENGINE_FIRING_FLAG,PRODUCTION_LOT,KD_LOT_NUMBER,PRODUCT_SPEC_CODE,PLAN_OFF_DATE,TRACKING_STATUS,PRODUCTION_DATE,PRODUCT_START_DATE,ACTUAL_OFF_DATE,AUTO_HOLD_STATUS,LAST_PASSING_PROCESS_POINT_ID,MISSION_STATUS,FIRING_TYPE,REPAIR_FLAG,ACTUAL_MISSION_TYPE,CREATE_TIMESTAMP,UPDATE_TIMESTAMP,DEFECT_STATUS) VALUES ('K20C24206023     ',null,'JDJC4006134         ',0,'HCM 03AE201810190140','HCM 01201810034401','K5BBAF900             ',{d '2018-10-19'},'MEEN3          ',{d '2018-10-19'},null,null,0,'ME0EN16001      ',1,0,0,'K5DJCA0               ',{ts '2018-10-13 10:50:50.807959'},{ts '2018-10-17 14:39:48.714865'},null);
INSERT INTO "GALADM"."GAL131TBX" (PRODUCT_ID,VIN,MISSION_SERIAL_NO,ENGINE_FIRING_FLAG,PRODUCTION_LOT,KD_LOT_NUMBER,PRODUCT_SPEC_CODE,PLAN_OFF_DATE,TRACKING_STATUS,PRODUCTION_DATE,PRODUCT_START_DATE,ACTUAL_OFF_DATE,AUTO_HOLD_STATUS,LAST_PASSING_PROCESS_POINT_ID,MISSION_STATUS,FIRING_TYPE,REPAIR_FLAG,ACTUAL_MISSION_TYPE,CREATE_TIMESTAMP,UPDATE_TIMESTAMP,DEFECT_STATUS) VALUES ('K20C24206024     ',null,'JDJC4006130         ',0,'HCM 03AE201810190140','HCM 01201810034401','K5BBAF900             ',{d '2018-10-19'},'MEEN3         ',{d '2018-10-19'},null,null,0,'ME0EN160011      ',1,0,0,'K5DJCA0               ',{ts '2018-10-13 10:50:50.808047'},{ts '2018-10-17 14:07:36.129290'},null);
INSERT INTO "GALADM"."GAL131TBX" (PRODUCT_ID,VIN,MISSION_SERIAL_NO,ENGINE_FIRING_FLAG,PRODUCTION_LOT,KD_LOT_NUMBER,PRODUCT_SPEC_CODE,PLAN_OFF_DATE,TRACKING_STATUS,PRODUCTION_DATE,PRODUCT_START_DATE,ACTUAL_OFF_DATE,AUTO_HOLD_STATUS,LAST_PASSING_PROCESS_POINT_ID,MISSION_STATUS,FIRING_TYPE,REPAIR_FLAG,ACTUAL_MISSION_TYPE,CREATE_TIMESTAMP,UPDATE_TIMESTAMP,DEFECT_STATUS) VALUES ('K20C24206025     ',null,'JDJC4003974         ',0,'HCM 03AE201810190140','HCM 01201810034401','K5BBAF900             ',{d '2018-10-19'},'MEEN3          ',{d '2018-10-19'},null,null,0,'ME0EN16001      ',1,0,0,'K5DJCA0               ',{ts '2018-10-13 10:50:50.808163'},{ts '2018-10-17 14:39:48.771548'},null);
INSERT INTO "GALADM"."GAL131TBX" (PRODUCT_ID,VIN,MISSION_SERIAL_NO,ENGINE_FIRING_FLAG,PRODUCTION_LOT,KD_LOT_NUMBER,PRODUCT_SPEC_CODE,PLAN_OFF_DATE,TRACKING_STATUS,PRODUCTION_DATE,PRODUCT_START_DATE,ACTUAL_OFF_DATE,AUTO_HOLD_STATUS,LAST_PASSING_PROCESS_POINT_ID,MISSION_STATUS,FIRING_TYPE,REPAIR_FLAG,ACTUAL_MISSION_TYPE,CREATE_TIMESTAMP,UPDATE_TIMESTAMP,DEFECT_STATUS) VALUES ('K20C24206026     ',null,'JDJC4003977         ',0,'HCM 03AE201810190140','HCM 01201810034401','K5BBAF900             ',{d '2018-10-19'},'MEEN3          ',{d '2018-10-19'},null,null,0,'ME0EN16001      ',1,0,0,'K5DJCA0               ',{ts '2018-10-13 10:50:50.808276'},{ts '2018-10-17 14:39:48.833479'},null);
INSERT INTO "GALADM"."GAL131TBX" (PRODUCT_ID,VIN,MISSION_SERIAL_NO,ENGINE_FIRING_FLAG,PRODUCTION_LOT,KD_LOT_NUMBER,PRODUCT_SPEC_CODE,PLAN_OFF_DATE,TRACKING_STATUS,PRODUCTION_DATE,PRODUCT_START_DATE,ACTUAL_OFF_DATE,AUTO_HOLD_STATUS,LAST_PASSING_PROCESS_POINT_ID,MISSION_STATUS,FIRING_TYPE,REPAIR_FLAG,ACTUAL_MISSION_TYPE,CREATE_TIMESTAMP,UPDATE_TIMESTAMP,DEFECT_STATUS) VALUES ('K20C24206027     ',null,'JDJC4003972         ',0,'HCM 03AE201810190140','HCM 01201810034401','K5BBAF900             ',{d '2018-10-19'},'MEEN3          ',{d '2018-10-19'},null,null,0,'ME0EN16001      ',1,0,0,'K5DJCA0               ',{ts '2018-10-13 10:50:50.808387'},{ts '2018-10-17 14:39:48.892477'},null);
INSERT INTO "GALADM"."GAL131TBX" (PRODUCT_ID,VIN,MISSION_SERIAL_NO,ENGINE_FIRING_FLAG,PRODUCTION_LOT,KD_LOT_NUMBER,PRODUCT_SPEC_CODE,PLAN_OFF_DATE,TRACKING_STATUS,PRODUCTION_DATE,PRODUCT_START_DATE,ACTUAL_OFF_DATE,AUTO_HOLD_STATUS,LAST_PASSING_PROCESS_POINT_ID,MISSION_STATUS,FIRING_TYPE,REPAIR_FLAG,ACTUAL_MISSION_TYPE,CREATE_TIMESTAMP,UPDATE_TIMESTAMP,DEFECT_STATUS) VALUES ('K20C24206028     ',null,'JDJC4003953         ',0,'HCM 03AE201810190140','HCM 01201810034401','K5BBAF900             ',{d '2018-10-19'},'MEEN3          ',{d '2018-10-19'},null,null,0,'ME0EN16001      ',1,0,0,'K5DJCA0               ',{ts '2018-10-13 10:50:50.808484'},{ts '2018-10-17 14:39:48.930399'},null);
INSERT INTO "GALADM"."GAL131TBX" (PRODUCT_ID,VIN,MISSION_SERIAL_NO,ENGINE_FIRING_FLAG,PRODUCTION_LOT,KD_LOT_NUMBER,PRODUCT_SPEC_CODE,PLAN_OFF_DATE,TRACKING_STATUS,PRODUCTION_DATE,PRODUCT_START_DATE,ACTUAL_OFF_DATE,AUTO_HOLD_STATUS,LAST_PASSING_PROCESS_POINT_ID,MISSION_STATUS,FIRING_TYPE,REPAIR_FLAG,ACTUAL_MISSION_TYPE,CREATE_TIMESTAMP,UPDATE_TIMESTAMP,DEFECT_STATUS) VALUES ('K20C24206029     ',null,'JDJC4003973         ',0,'HCM 03AE201810190140','HCM 01201810034401','K5BBAF900             ',{d '2018-10-19'},'MEEN3          ',{d '2018-10-19'},null,null,0,'ME0EN16001      ',1,0,0,'K5DJCA0               ',{ts '2018-10-13 10:50:50.808574'},{ts '2018-10-17 14:39:48.991096'},null);
INSERT INTO "GALADM"."GAL131TBX" (PRODUCT_ID,VIN,MISSION_SERIAL_NO,ENGINE_FIRING_FLAG,PRODUCTION_LOT,KD_LOT_NUMBER,PRODUCT_SPEC_CODE,PLAN_OFF_DATE,TRACKING_STATUS,PRODUCTION_DATE,PRODUCT_START_DATE,ACTUAL_OFF_DATE,AUTO_HOLD_STATUS,LAST_PASSING_PROCESS_POINT_ID,MISSION_STATUS,FIRING_TYPE,REPAIR_FLAG,ACTUAL_MISSION_TYPE,CREATE_TIMESTAMP,UPDATE_TIMESTAMP,DEFECT_STATUS) VALUES ('K20C24206030     ',null,'JDJC4003957         ',0,'HCM 03AE201810190140','HCM 01201810034401','K5BBAF900             ',{d '2018-10-19'},'MEEN3          ',{d '2018-10-19'},null,null,0,'ME0EN16001      ',1,0,0,'K5DJCA0               ',{ts '2018-10-13 10:50:50.808663'},{ts '2018-10-17 14:39:49.048508'},null);
INSERT INTO "GALADM"."GAL131TBX" (PRODUCT_ID,VIN,MISSION_SERIAL_NO,ENGINE_FIRING_FLAG,PRODUCTION_LOT,KD_LOT_NUMBER,PRODUCT_SPEC_CODE,PLAN_OFF_DATE,TRACKING_STATUS,PRODUCTION_DATE,PRODUCT_START_DATE,ACTUAL_OFF_DATE,AUTO_HOLD_STATUS,LAST_PASSING_PROCESS_POINT_ID,MISSION_STATUS,FIRING_TYPE,REPAIR_FLAG,ACTUAL_MISSION_TYPE,CREATE_TIMESTAMP,UPDATE_TIMESTAMP,DEFECT_STATUS) VALUES ('K20C24206031     ',null,'JDJC4003955         ',0,'HCM 03AE201810190140','HCM 01201810034401','K5BBAF900             ',{d '2018-10-19'},'MEEN3          ',{d '2018-10-19'},null,null,0,'ME0EN16001      ',1,0,0,'K5DJCA0               ',{ts '2018-10-13 10:50:50.808752'},{ts '2018-10-17 14:39:49.091437'},null);
INSERT INTO "GALADM"."GAL131TBX" (PRODUCT_ID,VIN,MISSION_SERIAL_NO,ENGINE_FIRING_FLAG,PRODUCTION_LOT,KD_LOT_NUMBER,PRODUCT_SPEC_CODE,PLAN_OFF_DATE,TRACKING_STATUS,PRODUCTION_DATE,PRODUCT_START_DATE,ACTUAL_OFF_DATE,AUTO_HOLD_STATUS,LAST_PASSING_PROCESS_POINT_ID,MISSION_STATUS,FIRING_TYPE,REPAIR_FLAG,ACTUAL_MISSION_TYPE,CREATE_TIMESTAMP,UPDATE_TIMESTAMP,DEFECT_STATUS) VALUES ('K20C24206032     ',null,'JDJC4003956         ',0,'HCM 03AE201810190140','HCM 01201810034401','K5BBAF900             ',{d '2018-10-19'},'MEEN3          ',{d '2018-10-19'},null,null,0,'ME0EN16001      ',1,0,0,'K5DJCA0               ',{ts '2018-10-13 10:50:50.808845'},{ts '2018-10-17 14:39:49.144334'},null);
INSERT INTO "GALADM"."GAL131TBX" (PRODUCT_ID,VIN,MISSION_SERIAL_NO,ENGINE_FIRING_FLAG,PRODUCTION_LOT,KD_LOT_NUMBER,PRODUCT_SPEC_CODE,PLAN_OFF_DATE,TRACKING_STATUS,PRODUCTION_DATE,PRODUCT_START_DATE,ACTUAL_OFF_DATE,AUTO_HOLD_STATUS,LAST_PASSING_PROCESS_POINT_ID,MISSION_STATUS,FIRING_TYPE,REPAIR_FLAG,ACTUAL_MISSION_TYPE,CREATE_TIMESTAMP,UPDATE_TIMESTAMP,DEFECT_STATUS) VALUES ('K20C24206033     ',null,'JDJC4003954         ',0,'HCM 03AE201810190140','HCM 01201810034401','K5BBAF900             ',{d '2018-10-19'},'MEEN3          ',{d '2018-10-19'},null,null,0,'ME0EN16001      ',1,0,0,'K5DJCA0               ',{ts '2018-10-13 10:50:50.808945'},{ts '2018-10-17 14:39:49.202569'},null);
INSERT INTO "GALADM"."GAL131TBX" (PRODUCT_ID,VIN,MISSION_SERIAL_NO,ENGINE_FIRING_FLAG,PRODUCTION_LOT,KD_LOT_NUMBER,PRODUCT_SPEC_CODE,PLAN_OFF_DATE,TRACKING_STATUS,PRODUCTION_DATE,PRODUCT_START_DATE,ACTUAL_OFF_DATE,AUTO_HOLD_STATUS,LAST_PASSING_PROCESS_POINT_ID,MISSION_STATUS,FIRING_TYPE,REPAIR_FLAG,ACTUAL_MISSION_TYPE,CREATE_TIMESTAMP,UPDATE_TIMESTAMP,DEFECT_STATUS) VALUES ('K20C24206034     ',null,'JDJC4003952         ',0,'HCM 03AE201810190140','HCM 01201810034401','K5BBAF900             ',{d '2018-10-19'},'MEEN3          ',{d '2018-10-19'},null,null,0,'ME0EN16001      ',1,0,0,'K5DJCA0               ',{ts '2018-10-13 10:50:50.809044'},{ts '2018-10-17 14:39:49.270481'},null);
INSERT INTO "GALADM"."GAL131TBX" (PRODUCT_ID,VIN,MISSION_SERIAL_NO,ENGINE_FIRING_FLAG,PRODUCTION_LOT,KD_LOT_NUMBER,PRODUCT_SPEC_CODE,PLAN_OFF_DATE,TRACKING_STATUS,PRODUCTION_DATE,PRODUCT_START_DATE,ACTUAL_OFF_DATE,AUTO_HOLD_STATUS,LAST_PASSING_PROCESS_POINT_ID,MISSION_STATUS,FIRING_TYPE,REPAIR_FLAG,ACTUAL_MISSION_TYPE,CREATE_TIMESTAMP,UPDATE_TIMESTAMP,DEFECT_STATUS) VALUES ('K20C24206035     ',null,'JDJC4006150         ',0,'HCM 03AE201810190140','HCM 01201810034401','K5BBAF900             ',{d '2018-10-19'},'MEEN3          ',{d '2018-10-19'},null,null,0,'ME0EN16001      ',1,0,0,'K5DJCA0               ',{ts '2018-10-13 10:50:50.809155'},{ts '2018-10-17 14:39:49.316817'},null);
INSERT INTO "GALADM"."GAL131TBX" (PRODUCT_ID,VIN,MISSION_SERIAL_NO,ENGINE_FIRING_FLAG,PRODUCTION_LOT,KD_LOT_NUMBER,PRODUCT_SPEC_CODE,PLAN_OFF_DATE,TRACKING_STATUS,PRODUCTION_DATE,PRODUCT_START_DATE,ACTUAL_OFF_DATE,AUTO_HOLD_STATUS,LAST_PASSING_PROCESS_POINT_ID,MISSION_STATUS,FIRING_TYPE,REPAIR_FLAG,ACTUAL_MISSION_TYPE,CREATE_TIMESTAMP,UPDATE_TIMESTAMP,DEFECT_STATUS) VALUES ('K20C24206036     ',null,'JDJC4006151         ',0,'HCM 03AE201810190140','HCM 01201810034401','K5BBAF900             ',{d '2018-10-19'},'MEEN3          ',{d '2018-10-19'},null,null,0,'ME0EN16001      ',1,0,0,'K5DJCA0               ',{ts '2018-10-13 10:50:50.809286'},{ts '2018-10-17 14:39:49.376035'},null);
INSERT INTO "GALADM"."GAL131TBX" (PRODUCT_ID,VIN,MISSION_SERIAL_NO,ENGINE_FIRING_FLAG,PRODUCTION_LOT,KD_LOT_NUMBER,PRODUCT_SPEC_CODE,PLAN_OFF_DATE,TRACKING_STATUS,PRODUCTION_DATE,PRODUCT_START_DATE,ACTUAL_OFF_DATE,AUTO_HOLD_STATUS,LAST_PASSING_PROCESS_POINT_ID,MISSION_STATUS,FIRING_TYPE,REPAIR_FLAG,ACTUAL_MISSION_TYPE,CREATE_TIMESTAMP,UPDATE_TIMESTAMP,DEFECT_STATUS) VALUES ('K20C24206037     ',null,'JDJC4006148         ',0,'HCM 03AE201810190140','HCM 01201810034401','K5BBAF900             ',{d '2018-10-19'},'MEEN3          ',{d '2018-10-19'},null,null,0,'ME0EN16001      ',1,0,0,'K5DJCA0               ',{ts '2018-10-13 10:50:50.809374'},{ts '2018-10-17 14:39:49.438617'},null);
INSERT INTO "GALADM"."GAL131TBX" (PRODUCT_ID,VIN,MISSION_SERIAL_NO,ENGINE_FIRING_FLAG,PRODUCTION_LOT,KD_LOT_NUMBER,PRODUCT_SPEC_CODE,PLAN_OFF_DATE,TRACKING_STATUS,PRODUCTION_DATE,PRODUCT_START_DATE,ACTUAL_OFF_DATE,AUTO_HOLD_STATUS,LAST_PASSING_PROCESS_POINT_ID,MISSION_STATUS,FIRING_TYPE,REPAIR_FLAG,ACTUAL_MISSION_TYPE,CREATE_TIMESTAMP,UPDATE_TIMESTAMP,DEFECT_STATUS) VALUES ('K20C24206038     ',null,'JDJC4006147         ',0,'HCM 03AE201810190140','HCM 01201810034401','K5BBAF900             ',{d '2018-10-19'},'MEEN3          ',{d '2018-10-19'},null,null,0,'ME0EN16001      ',1,0,0,'K5DJCA0               ',{ts '2018-10-13 10:50:50.809464'},{ts '2018-10-17 14:39:49.497607'},null);
INSERT INTO "GALADM"."GAL131TBX" (PRODUCT_ID,VIN,MISSION_SERIAL_NO,ENGINE_FIRING_FLAG,PRODUCTION_LOT,KD_LOT_NUMBER,PRODUCT_SPEC_CODE,PLAN_OFF_DATE,TRACKING_STATUS,PRODUCTION_DATE,PRODUCT_START_DATE,ACTUAL_OFF_DATE,AUTO_HOLD_STATUS,LAST_PASSING_PROCESS_POINT_ID,MISSION_STATUS,FIRING_TYPE,REPAIR_FLAG,ACTUAL_MISSION_TYPE,CREATE_TIMESTAMP,UPDATE_TIMESTAMP,DEFECT_STATUS) VALUES ('K20C24206039     ',null,'JDJC4004013         ',0,'HCM 03AE201810190140','HCM 01201810034401','K5BBAF900             ',{d '2018-10-19'},'MEEN3          ',{d '2018-10-19'},null,null,0,'ME0EN16001      ',1,0,0,'K5DJCA0               ',{ts '2018-10-13 10:50:50.809605'},{ts '2018-10-17 14:39:49.563595'},null);
INSERT INTO "GALADM"."GAL131TBX" (PRODUCT_ID,VIN,MISSION_SERIAL_NO,ENGINE_FIRING_FLAG,PRODUCTION_LOT,KD_LOT_NUMBER,PRODUCT_SPEC_CODE,PLAN_OFF_DATE,TRACKING_STATUS,PRODUCTION_DATE,PRODUCT_START_DATE,ACTUAL_OFF_DATE,AUTO_HOLD_STATUS,LAST_PASSING_PROCESS_POINT_ID,MISSION_STATUS,FIRING_TYPE,REPAIR_FLAG,ACTUAL_MISSION_TYPE,CREATE_TIMESTAMP,UPDATE_TIMESTAMP,DEFECT_STATUS) VALUES ('K20C24206040     ',null,'JDJC4004016         ',0,'HCM 03AE201810190140','HCM 01201810034401','K5BBAF900             ',{d '2018-10-19'},'MEEN3          ',{d '2018-10-19'},null,null,0,'ME0EN16001      ',1,0,0,'K5DJCA0               ',{ts '2018-10-13 10:50:50.809981'},{ts '2018-10-17 14:39:49.614265'},null);
INSERT INTO "GALADM"."GAL131TBX" (PRODUCT_ID,VIN,MISSION_SERIAL_NO,ENGINE_FIRING_FLAG,PRODUCTION_LOT,KD_LOT_NUMBER,PRODUCT_SPEC_CODE,PLAN_OFF_DATE,TRACKING_STATUS,PRODUCTION_DATE,PRODUCT_START_DATE,ACTUAL_OFF_DATE,AUTO_HOLD_STATUS,LAST_PASSING_PROCESS_POINT_ID,MISSION_STATUS,FIRING_TYPE,REPAIR_FLAG,ACTUAL_MISSION_TYPE,CREATE_TIMESTAMP,UPDATE_TIMESTAMP,DEFECT_STATUS) VALUES ('K20C24206041     ',null,'JDJC4004018         ',0,'HCM 03AE201810190140','HCM 01201810034401','K5BBAF900             ',{d '2018-10-19'},'MEEN3          ',{d '2018-10-19'},null,null,0,'ME0EN16001      ',1,0,0,'K5DJCA0               ',{ts '2018-10-13 10:50:50.810097'},{ts '2018-10-17 14:39:49.656933'},null);
INSERT INTO "GALADM"."GAL131TBX" (PRODUCT_ID,VIN,MISSION_SERIAL_NO,ENGINE_FIRING_FLAG,PRODUCTION_LOT,KD_LOT_NUMBER,PRODUCT_SPEC_CODE,PLAN_OFF_DATE,TRACKING_STATUS,PRODUCTION_DATE,PRODUCT_START_DATE,ACTUAL_OFF_DATE,AUTO_HOLD_STATUS,LAST_PASSING_PROCESS_POINT_ID,MISSION_STATUS,FIRING_TYPE,REPAIR_FLAG,ACTUAL_MISSION_TYPE,CREATE_TIMESTAMP,UPDATE_TIMESTAMP,DEFECT_STATUS) VALUES ('K20C24206042     ',null,'JDJC4004017         ',0,'HCM 03AE201810190140','HCM 01201810034401','K5BBAF900             ',{d '2018-10-19'},'MEEN3          ',{d '2018-10-19'},null,null,0,'ME0EN16001      ',1,0,0,'K5DJCA0               ',{ts '2018-10-13 10:50:50.810188'},{ts '2018-10-17 14:39:49.696242'},null);
INSERT INTO "GALADM"."GAL131TBX" (PRODUCT_ID,VIN,MISSION_SERIAL_NO,ENGINE_FIRING_FLAG,PRODUCTION_LOT,KD_LOT_NUMBER,PRODUCT_SPEC_CODE,PLAN_OFF_DATE,TRACKING_STATUS,PRODUCTION_DATE,PRODUCT_START_DATE,ACTUAL_OFF_DATE,AUTO_HOLD_STATUS,LAST_PASSING_PROCESS_POINT_ID,MISSION_STATUS,FIRING_TYPE,REPAIR_FLAG,ACTUAL_MISSION_TYPE,CREATE_TIMESTAMP,UPDATE_TIMESTAMP,DEFECT_STATUS) VALUES ('K20C24206043     ',null,'JDJC4004014         ',0,'HCM 03AE201810190140','HCM 01201810034401','K5BBAF900             ',{d '2018-10-19'},'MEEN3          ',{d '2018-10-19'},null,null,0,'ME0EN16001      ',1,0,0,'K5DJCA0               ',{ts '2018-10-13 10:50:50.810300'},{ts '2018-10-17 14:39:49.761465'},null);
INSERT INTO "GALADM"."GAL131TBX" (PRODUCT_ID,VIN,MISSION_SERIAL_NO,ENGINE_FIRING_FLAG,PRODUCTION_LOT,KD_LOT_NUMBER,PRODUCT_SPEC_CODE,PLAN_OFF_DATE,TRACKING_STATUS,PRODUCTION_DATE,PRODUCT_START_DATE,ACTUAL_OFF_DATE,AUTO_HOLD_STATUS,LAST_PASSING_PROCESS_POINT_ID,MISSION_STATUS,FIRING_TYPE,REPAIR_FLAG,ACTUAL_MISSION_TYPE,CREATE_TIMESTAMP,UPDATE_TIMESTAMP,DEFECT_STATUS) VALUES ('K20C24206044     ',null,'JDJC4006152         ',0,'HCM 03AE201810190140','HCM 01201810034401','K5BBAF900             ',{d '2018-10-19'},'MEEN3          ',{d '2018-10-19'},null,null,0,'ME0EN16001      ',1,0,0,'K5DJCA0               ',{ts '2018-10-13 10:50:50.810391'},{ts '2018-10-17 17:06:23.636401'},null);

INSERT INTO "GALADM"."GAL133TBX" (PRODUCT_SPEC_CODE,MISSION_PLANT_CODE,MISSION_MODEL_CODE,MISSION_PROTOTYPE_CODE,MISSION_MODEL_TYPE_CODE,ENGINE_NO_PREFIX,TRANSMISSION,TRANSMISSION_DESCRIPTION,GEAR_SHIFT,GEAR_SHIFT_DESCRIPTION,DISPLACEMENT,DISPLACEMENT_COMMENT,ENGINE_PROTOTYPE_CODE,PLANT_CODE,MODEL_YEAR_CODE,MODEL_CODE,MODEL_TYPE_CODE,MODEL_OPTION_CODE,MODEL_YEAR_DESCRIPTION,MISSION_MODEL_YEAR_CODE) VALUES ('K5BBLF900             ','HCM ','5DJ','W','C10','K20C2','CVT  ','CONSTANT VELOCITY   ','0','CVT                 ','02000','2.0 LITRE           ','W','HCM ','K','5BB','LF9','00 ','2019','K');
INSERT INTO "GALADM"."GAL133TBX" (PRODUCT_SPEC_CODE,MISSION_PLANT_CODE,MISSION_MODEL_CODE,MISSION_PROTOTYPE_CODE,MISSION_MODEL_TYPE_CODE,ENGINE_NO_PREFIX,TRANSMISSION,TRANSMISSION_DESCRIPTION,GEAR_SHIFT,GEAR_SHIFT_DESCRIPTION,DISPLACEMENT,DISPLACEMENT_COMMENT,ENGINE_PROTOTYPE_CODE,PLANT_CODE,MODEL_YEAR_CODE,MODEL_CODE,MODEL_TYPE_CODE,MODEL_OPTION_CODE,MODEL_YEAR_DESCRIPTION,MISSION_MODEL_YEAR_CODE) VALUES ('K5BBAF900             ','HCM ','5DJ','W','CA0','K20C2','CVT  ','CONSTANT VELOCITY   ','0','CVT                 ','02000','2.0 LITRE           ','W','HCM ','K','5BB','AF9','00 ','2019','K');

-- Expected Product
INSERT INTO "GALADM"."GAL135TBX" (PROCESS_POINT_ID,PRODUCT_ID,CREATE_TIMESTAMP,UPDATE_TIMESTAMP,LAST_PROCESSED_PRODUCT) VALUES ('AE0EN11001      ','K20C24205985     ',{ts '2008-08-01 15:54:17.417522'},{ts '2018-10-21 16:43:40.078162'},null);

INSERT INTO "GALADM"."GAL253TBX" (CLIENT_ID,ALIAS_NAME,DEVICE_TYPE,DEVICE_DESCRIPTION,EIF_IP_ADDRESS,EIF_PORT,IO_PROCESS_POINT_ID,DIVISION_ID,REPLY_CLIENT_ID,CREATE_TIMESTAMP,UPDATE_TIMESTAMP) VALUES ('AE0EN10801                      ','AEBlockLoadTorque                                               ',3,'Block Load - Oil Pressure Switch - Rundown to GALC                                                                              ','localhost',13050,'AE0EN10801      ','AE              ','AE0EN10801Rep                   ',{ts '2013-11-10 08:03:29.528435'},{ts '2018-10-30 09:16:55.951718'});
INSERT INTO "GALADM"."GAL253TBX" (CLIENT_ID,ALIAS_NAME,DEVICE_TYPE,DEVICE_DESCRIPTION,EIF_IP_ADDRESS,EIF_PORT,IO_PROCESS_POINT_ID,DIVISION_ID,REPLY_CLIENT_ID,CREATE_TIMESTAMP,UPDATE_TIMESTAMP) VALUES ('AE0EN10801ABORT                 ','                                                                ',3,'Block Load - Abort to TC                                                                                                        ','localhost',13050,'AE0EN10801      ','AE              ','                                ',{ts '2013-11-10 08:03:29.528478'},{ts '2018-10-30 09:16:55.951718'});
INSERT INTO "GALADM"."GAL253TBX" (CLIENT_ID,ALIAS_NAME,DEVICE_TYPE,DEVICE_DESCRIPTION,EIF_IP_ADDRESS,EIF_PORT,IO_PROCESS_POINT_ID,DIVISION_ID,REPLY_CLIENT_ID,CREATE_TIMESTAMP,UPDATE_TIMESTAMP) VALUES ('AE0EN10801CMP                   ','AEBLockCycleComp                                                ',3,'Block Load -PLC sending Cycle Comp                                                                                              ','localhost',13050,'AE0EN10801      ','AE              ','AE0EN10801CMPRep                ',{ts '2013-11-10 08:03:29.528522'},{ts '2018-10-30 09:16:55.951718'});
INSERT INTO "GALADM"."GAL253TBX" (CLIENT_ID,ALIAS_NAME,DEVICE_TYPE,DEVICE_DESCRIPTION,EIF_IP_ADDRESS,EIF_PORT,IO_PROCESS_POINT_ID,DIVISION_ID,REPLY_CLIENT_ID,CREATE_TIMESTAMP,UPDATE_TIMESTAMP) VALUES ('AE0EN10801JOB                   ','Torque Gun                                                      ',3,'Block Load - Oil Pressure Switch - Job to TC                                                                                    ','localhost',13050,'AE0EN10801      ','AE              ','                                ',{ts '2013-11-10 08:03:29.528567'},{ts '2018-10-30 09:16:55.951718'});
INSERT INTO "GALADM"."GAL253TBX" (CLIENT_ID,ALIAS_NAME,DEVICE_TYPE,DEVICE_DESCRIPTION,EIF_IP_ADDRESS,EIF_PORT,IO_PROCESS_POINT_ID,DIVISION_ID,REPLY_CLIENT_ID,CREATE_TIMESTAMP,UPDATE_TIMESTAMP) VALUES ('AE0EN10801MC                    ','                                                                ',3,'Block Load - MC number                                                                                                          ','localhost',13050,'AE0EN10801      ','AE              ','AE0EN10801MCRep                 ',{ts '2013-11-10 08:03:29.528619'},{ts '2018-10-30 09:16:55.951718'});
INSERT INTO "GALADM"."GAL253TBX" (CLIENT_ID,ALIAS_NAME,DEVICE_TYPE,DEVICE_DESCRIPTION,EIF_IP_ADDRESS,EIF_PORT,IO_PROCESS_POINT_ID,DIVISION_ID,REPLY_CLIENT_ID,CREATE_TIMESTAMP,UPDATE_TIMESTAMP) VALUES ('AE0EN10801PSTN                  ','AE Piston PLC                                                   ',3,'To receive DATA from Block Load                                                                                                 ','localhost',13050,'AE0EN10801      ','AE              ','AE0EN10801PSTNRep               ',{ts '2013-11-10 08:03:29.528663'},{ts '2018-10-30 09:16:55.951718'});
INSERT INTO "GALADM"."GAL253TBX" (CLIENT_ID,ALIAS_NAME,DEVICE_TYPE,DEVICE_DESCRIPTION,EIF_IP_ADDRESS,EIF_PORT,IO_PROCESS_POINT_ID,DIVISION_ID,REPLY_CLIENT_ID,CREATE_TIMESTAMP,UPDATE_TIMESTAMP) VALUES ('AE0EN10801RST                   ','AEBlockLoadReset                                                ',3,'Reset for Block Load Client                                                                                                     ','localhost',13050,'AE0EN10801      ','AE              ','AE0EN10801RSTRep                ',{ts '2013-11-10 08:03:29.528705'},{ts '2018-10-30 09:16:55.951718'});
INSERT INTO "GALADM"."GAL253TBX" (CLIENT_ID,ALIAS_NAME,DEVICE_TYPE,DEVICE_DESCRIPTION,EIF_IP_ADDRESS,EIF_PORT,IO_PROCESS_POINT_ID,DIVISION_ID,REPLY_CLIENT_ID,CREATE_TIMESTAMP,UPDATE_TIMESTAMP) VALUES ('AE0EN10801TORQUE                ','                                                                ',3,'Torque Data Collection Complete                                                                                                 ','localhost',13050,'AE0EN10801      ','AE              ','                                ',{ts '2014-11-30 07:58:20.291638'},{ts '2018-10-30 09:16:55.951718'});
INSERT INTO "GALADM"."GAL253TBX" (CLIENT_ID,ALIAS_NAME,DEVICE_TYPE,DEVICE_DESCRIPTION,EIF_IP_ADDRESS,EIF_PORT,IO_PROCESS_POINT_ID,DIVISION_ID,REPLY_CLIENT_ID,CREATE_TIMESTAMP,UPDATE_TIMESTAMP) VALUES ('AE Engine Numbering MC Only     ','                                                                ',3,'PLC Send MC to GALC for validation                                                                                              ','localhost',0,'AE0EN11001      ','AE              ','R AE Engine Numbering MC Only   ',{ts '2013-11-10 08:03:29.528295'},{ts '2018-10-30 09:16:55.951718'});
INSERT INTO "GALADM"."GAL253TBX" (CLIENT_ID,ALIAS_NAME,DEVICE_TYPE,DEVICE_DESCRIPTION,EIF_IP_ADDRESS,EIF_PORT,IO_PROCESS_POINT_ID,DIVISION_ID,REPLY_CLIENT_ID,CREATE_TIMESTAMP,UPDATE_TIMESTAMP) VALUES ('AE Engine Numbering PLC         ','AEEnNumberingPLC                                                ',3,'Receiving EIN & MC from PLC                                                                                                     ','localhost',13030,'AE0EN11001      ','AE              ','R AE Engine Numbering PLC       ',{ts '2013-11-10 08:03:29.528347'},{ts '2018-10-30 09:16:55.951718'});
INSERT INTO "GALADM"."GAL253TBX" (CLIENT_ID,ALIAS_NAME,DEVICE_TYPE,DEVICE_DESCRIPTION,EIF_IP_ADDRESS,EIF_PORT,IO_PROCESS_POINT_ID,DIVISION_ID,REPLY_CLIENT_ID,CREATE_TIMESTAMP,UPDATE_TIMESTAMP) VALUES ('AE EnNumbering PLC(Send)        ','AE EnNumbering PLC                                              ',3,'Receving MC from Client and Send to PLC                                                                                         ','localhost',13030,'AE0EN11001      ','AE              ','R AE EnNumbering PLC(Send)      ',{ts '2013-11-10 08:03:29.528391'},{ts '2018-10-30 09:16:55.951718'});

-- Device Format
INSERT INTO "GALADM"."GAL257TBX" (CLIENT_ID,TAG,SEQUENCE_NUMBER,"OFFSET",LENGTH,TAG_TYPE,TAG_VALUE,CREATE_TIMESTAMP,UPDATE_TIMESTAMP,DATA_TYPE,TAG_NAME) VALUES ('AE Engine Numbering             ','ALMCB_NUMBER                                                                                                                    ',2,0,0,2,'ALMCB_NUMBER',{ts '2008-05-26 13:27:53.748095'},{ts '2008-05-26 13:27:53.754754'},null,null);
INSERT INTO "GALADM"."GAL257TBX" (CLIENT_ID,TAG,SEQUENCE_NUMBER,"OFFSET",LENGTH,TAG_TYPE,TAG_VALUE,CREATE_TIMESTAMP,UPDATE_TIMESTAMP,DATA_TYPE,TAG_NAME) VALUES ('AE Engine Numbering             ','ENGINE_SN                                                                                                                       ',1,0,0,2,'ENGINE_SN',{ts '2008-05-26 13:27:53.745746'},{ts '2008-05-26 13:27:53.754097'},null,null);
INSERT INTO "GALADM"."GAL257TBX" (CLIENT_ID,TAG,SEQUENCE_NUMBER,"OFFSET",LENGTH,TAG_TYPE,TAG_VALUE,CREATE_TIMESTAMP,UPDATE_TIMESTAMP,DATA_TYPE,TAG_NAME) VALUES ('AE Engine Numbering MC Only     ','ALMCB_NUMBER                                                                                                                    ',1,0,0,2,'AE1_320_PISTON_PLC.ENGINE_NUMBERING.ENGINE_NUMBERING.MCDC_NUMBER',{ts '2008-07-09 12:39:21.884142'},{ts '2008-07-09 12:39:21.892222'},null,null);
INSERT INTO "GALADM"."GAL257TBX" (CLIENT_ID,TAG,SEQUENCE_NUMBER,"OFFSET",LENGTH,TAG_TYPE,TAG_VALUE,CREATE_TIMESTAMP,UPDATE_TIMESTAMP,DATA_TYPE,TAG_NAME) VALUES ('AE Engine Numbering PLC         ','ALMCB_NUMBER                                                                                                                    ',1,0,0,2,'AE1_320_PISTON_PLC.ENGINE_NUMBERING.ENGINE_NUMBERING.ALMCB_NUMBER',{ts '2008-06-23 09:49:25.865968'},{ts '2008-06-23 09:49:25.875354'},null,null);
INSERT INTO "GALADM"."GAL257TBX" (CLIENT_ID,TAG,SEQUENCE_NUMBER,"OFFSET",LENGTH,TAG_TYPE,TAG_VALUE,CREATE_TIMESTAMP,UPDATE_TIMESTAMP,DATA_TYPE,TAG_NAME) VALUES ('AE Engine Numbering PLC         ','ENGINE_SN                                                                                                                       ',3,0,0,2,'AE1_320_PISTON_PLC.ENGINE_NUMBERING.ENGINE_NUMBERING.ENGINE_SN',{ts '2008-06-23 09:49:25.868763'},{ts '2008-06-23 09:49:25.876282'},null,null);
INSERT INTO "GALADM"."GAL257TBX" (CLIENT_ID,TAG,SEQUENCE_NUMBER,"OFFSET",LENGTH,TAG_TYPE,TAG_VALUE,CREATE_TIMESTAMP,UPDATE_TIMESTAMP,DATA_TYPE,TAG_NAME) VALUES ('AE EnNumbering PLC(Send)        ','AE1_320_PISTON_PLC.ENGINE_NUMBERING.ENGINE_NUMBERING.MC_NUMBER_TO_PLC                                                           ',1,0,0,2,'ALMCB_NUMBER',{ts '2008-06-23 09:52:39.540027'},{ts '2008-06-23 09:52:39.542448'},null,null);
INSERT INTO "GALADM"."GAL257TBX" (CLIENT_ID,TAG,SEQUENCE_NUMBER,"OFFSET",LENGTH,TAG_TYPE,TAG_VALUE,CREATE_TIMESTAMP,UPDATE_TIMESTAMP,DATA_TYPE,TAG_NAME) VALUES ('AE0EN10801                      ','OIL-PRESSURE-SWITCH_ANGLE                                                                                                       ',4,0,0,2,'AE1_311_PISTON_DC_TOOL.OIL_PRESSURE_SWITCH.RUNDOWN_RESULT.ANGLE_VALUE',{ts '2008-07-22 08:12:30.155809'},{ts '2008-07-22 08:12:30.173559'},null,null);
INSERT INTO "GALADM"."GAL257TBX" (CLIENT_ID,TAG,SEQUENCE_NUMBER,"OFFSET",LENGTH,TAG_TYPE,TAG_VALUE,CREATE_TIMESTAMP,UPDATE_TIMESTAMP,DATA_TYPE,TAG_NAME) VALUES ('AE0EN10801                      ','OIL-PRESSURE-SWITCH_ANGLE_STATUS                                                                                                ',5,0,0,2,'AE1_311_PISTON_DC_TOOL.OIL_PRESSURE_SWITCH.RUNDOWN_RESULT.ANGLE_STATUS',{ts '2008-07-22 08:12:30.163780'},{ts '2008-07-22 08:12:30.174429'},null,null);
INSERT INTO "GALADM"."GAL257TBX" (CLIENT_ID,TAG,SEQUENCE_NUMBER,"OFFSET",LENGTH,TAG_TYPE,TAG_VALUE,CREATE_TIMESTAMP,UPDATE_TIMESTAMP,DATA_TYPE,TAG_NAME) VALUES ('AE0EN10801                      ','OIL-PRESSURE-SWITCH_RESULT                                                                                                      ',1,0,0,2,'AE1_311_PISTON_DC_TOOL.OIL_PRESSURE_SWITCH.RUNDOWN_RESULT.TIGHTENING_STATUS',{ts '2008-07-22 08:12:30.142016'},{ts '2008-07-22 08:12:30.166575'},null,null);
INSERT INTO "GALADM"."GAL257TBX" (CLIENT_ID,TAG,SEQUENCE_NUMBER,"OFFSET",LENGTH,TAG_TYPE,TAG_VALUE,CREATE_TIMESTAMP,UPDATE_TIMESTAMP,DATA_TYPE,TAG_NAME) VALUES ('AE0EN10801                      ','OIL-PRESSURE-SWITCH_TORQUE                                                                                                      ',2,0,0,2,'AE1_311_PISTON_DC_TOOL.OIL_PRESSURE_SWITCH.RUNDOWN_RESULT.TORQUE_VALUE',{ts '2008-07-22 08:12:30.145021'},{ts '2008-07-22 08:12:30.167463'},null,null);
INSERT INTO "GALADM"."GAL257TBX" (CLIENT_ID,TAG,SEQUENCE_NUMBER,"OFFSET",LENGTH,TAG_TYPE,TAG_VALUE,CREATE_TIMESTAMP,UPDATE_TIMESTAMP,DATA_TYPE,TAG_NAME) VALUES ('AE0EN10801                      ','OIL-PRESSURE-SWITCH_TORQUE_STATUS                                                                                               ',3,0,0,2,'AE1_311_PISTON_DC_TOOL.OIL_PRESSURE_SWITCH.RUNDOWN_RESULT.TORQUE_STATUS',{ts '2008-07-22 08:12:30.152935'},{ts '2008-07-22 08:12:30.172233'},null,null);
INSERT INTO "GALADM"."GAL257TBX" (CLIENT_ID,TAG,SEQUENCE_NUMBER,"OFFSET",LENGTH,TAG_TYPE,TAG_VALUE,CREATE_TIMESTAMP,UPDATE_TIMESTAMP,DATA_TYPE,TAG_NAME) VALUES ('AE0EN10801CMP                   ','CYCLE_COMPLETE                                                                                                                  ',1,0,0,2,'AE1_320_PISTON_PLC.ENGINE_NUMBERING.BLOCK_LOAD.CYCLE_COMPLETE',{ts '2008-07-09 13:55:06.787957'},{ts '2008-07-09 13:55:06.795488'},null,null);
INSERT INTO "GALADM"."GAL257TBX" (CLIENT_ID,TAG,SEQUENCE_NUMBER,"OFFSET",LENGTH,TAG_TYPE,TAG_VALUE,CREATE_TIMESTAMP,UPDATE_TIMESTAMP,DATA_TYPE,TAG_NAME) VALUES ('AE0EN10801CMPRep                ','DATA_COLLECTION_COMPLETE                                                                                                        ',1,0,0,0,'DATA_COLLECTION_COMPLETE',{ts '2008-07-09 14:42:45.975806'},{ts '2008-07-09 14:42:45.982092'},null,null);
INSERT INTO "GALADM"."GAL257TBX" (CLIENT_ID,TAG,SEQUENCE_NUMBER,"OFFSET",LENGTH,TAG_TYPE,TAG_VALUE,CREATE_TIMESTAMP,UPDATE_TIMESTAMP,DATA_TYPE,TAG_NAME) VALUES ('AE0EN10801JOB                   ','AE1_311_PISTON_DC_TOOL.OIL_PRESSURE_SWITCH.JOB_NUMBER                                                                           ',2,0,0,2,'PARAMETER_SET',{ts '2008-10-31 15:18:53.608551'},{ts '2008-10-31 15:18:53.621812'},null,null);
INSERT INTO "GALADM"."GAL257TBX" (CLIENT_ID,TAG,SEQUENCE_NUMBER,"OFFSET",LENGTH,TAG_TYPE,TAG_VALUE,CREATE_TIMESTAMP,UPDATE_TIMESTAMP,DATA_TYPE,TAG_NAME) VALUES ('AE0EN10801JOB                   ','AE1_311_PISTON_DC_TOOL.OIL_PRESSURE_SWITCH.PRODUCT_ID                                                                           ',1,0,0,2,'PRODUCT_ID',{ts '2008-10-31 15:18:53.568972'},{ts '2008-10-31 15:18:53.620245'},null,null);
INSERT INTO "GALADM"."GAL257TBX" (CLIENT_ID,TAG,SEQUENCE_NUMBER,"OFFSET",LENGTH,TAG_TYPE,TAG_VALUE,CREATE_TIMESTAMP,UPDATE_TIMESTAMP,DATA_TYPE,TAG_NAME) VALUES ('AE0EN10801MC                    ','ALMCB_NUMBER                                                                                                                    ',1,0,0,2,'AE1_320_PISTON_PLC.ENGINE_NUMBERING.BLOCK_LOAD.MC_NUMBER',{ts '2010-04-30 05:10:33.500978'},{ts '2010-04-30 05:10:33.508389'},null,null);
INSERT INTO "GALADM"."GAL257TBX" (CLIENT_ID,TAG,SEQUENCE_NUMBER,"OFFSET",LENGTH,TAG_TYPE,TAG_VALUE,CREATE_TIMESTAMP,UPDATE_TIMESTAMP,DATA_TYPE,TAG_NAME) VALUES ('AE0EN10801MCRep                 ','DATA_COLLECTION_COMPLETE                                                                                                        ',1,0,0,0,'DATA_COLLECTION_COMPLETE',{ts '2010-04-30 05:10:22.761183'},{ts '2010-04-30 05:10:22.762759'},null,null);
INSERT INTO "GALADM"."GAL257TBX" (CLIENT_ID,TAG,SEQUENCE_NUMBER,"OFFSET",LENGTH,TAG_TYPE,TAG_VALUE,CREATE_TIMESTAMP,UPDATE_TIMESTAMP,DATA_TYPE,TAG_NAME) VALUES ('AE0EN10801Rep                   ','AE1_320_PISTON_PLC.ENGINE_NUMBERING.BLOCK_LOAD.DATA_COLLECTION_COMPLETE                                                         ',1,0,0,2,'DATA_COLLECTION_COMPLETE',{ts '2008-08-25 18:02:07.438978'},{ts '2008-08-25 18:02:07.444838'},null,null);
INSERT INTO "GALADM"."GAL257TBX" (CLIENT_ID,TAG,SEQUENCE_NUMBER,"OFFSET",LENGTH,TAG_TYPE,TAG_VALUE,CREATE_TIMESTAMP,UPDATE_TIMESTAMP,DATA_TYPE,TAG_NAME) VALUES ('AE0EN10801RST                   ','RESET                                                                                                                           ',1,0,0,2,'AE1_320_PISTON_PLC.ENGINE_NUMBERING.BLOCK_LOAD.RESET',{ts '2011-10-21 05:28:15.226534'},{ts '2011-10-21 05:28:15.266374'},null,null);
INSERT INTO "GALADM"."GAL257TBX" (CLIENT_ID,TAG,SEQUENCE_NUMBER,"OFFSET",LENGTH,TAG_TYPE,TAG_VALUE,CREATE_TIMESTAMP,UPDATE_TIMESTAMP,DATA_TYPE,TAG_NAME) VALUES ('AE0EN10801RSTRep                ','DATA_COLLECTION_COMPLETE                                                                                                        ',1,0,0,0,'DATA_COLLECTION_COMPLETE',{ts '2011-10-21 05:28:57.063404'},{ts '2011-10-21 05:28:57.065149'},null,null);
INSERT INTO "GALADM"."GAL257TBX" (CLIENT_ID,TAG,SEQUENCE_NUMBER,"OFFSET",LENGTH,TAG_TYPE,TAG_VALUE,CREATE_TIMESTAMP,UPDATE_TIMESTAMP,DATA_TYPE,TAG_NAME) VALUES ('AE0EN10801TORQUE                ','AE1_320_PISTON_PLC.ENGINE_NUMBERING.BLOCK_LOAD.DATA_COLLECTION_COMPLETE                                                         ',1,0,0,2,'DATA_COLLECTION_COMPLETE',{ts '2014-11-30 08:00:34.248417'},{ts '2014-11-30 08:03:14.751511'},4,null);

-- Build Attribute
INSERT INTO "GALADM"."GAL259TBX" (ATTRIBUTE,PRODUCT_SPEC_CODE,ATTRIBUTE_VALUE,CREATE_TIMESTAMP,UPDATE_TIMESTAMP,ATTRIBUTE_DESCRIPTION,PRODUCT_TYPE,SUB_ID,UPDATE_USER) VALUES ('BLOCK_MC_MODEL                  ','K5BB   00                     ','5BA',{ts '2017-11-17 13:55:32.377720'},null,'                                ','ENGINE    ','  ',null);
INSERT INTO "GALADM"."GAL259TBX" (ATTRIBUTE,PRODUCT_SPEC_CODE,ATTRIBUTE_VALUE,CREATE_TIMESTAMP,UPDATE_TIMESTAMP,ATTRIBUTE_DESCRIPTION,PRODUCT_TYPE,SUB_ID,UPDATE_USER) VALUES ('BLOCK_MC_MODEL                  ','J5BB   00                     ','5BA',{ts '2017-02-15 11:33:17.324067'},null,'                                ','ENGINE    ','  ',null);
INSERT INTO "GALADM"."GAL259TBX" (ATTRIBUTE,PRODUCT_SPEC_CODE,ATTRIBUTE_VALUE,CREATE_TIMESTAMP,UPDATE_TIMESTAMP,ATTRIBUTE_DESCRIPTION,PRODUCT_TYPE,SUB_ID,UPDATE_USER) VALUES ('BLOCK_MC_MODEL                  ','J5VZ   00                     ','5A2',{ts '2017-06-08 10:05:26.029669'},null,'                                ','ENGINE    ','  ',null);
INSERT INTO "GALADM"."GAL259TBX" (ATTRIBUTE,PRODUCT_SPEC_CODE,ATTRIBUTE_VALUE,CREATE_TIMESTAMP,UPDATE_TIMESTAMP,ATTRIBUTE_DESCRIPTION,PRODUCT_TYPE,SUB_ID,UPDATE_USER) VALUES ('BLOCK_MC_MODEL                  ','J5VZA0500                     ','5A2',{ts '2017-06-08 10:06:03.334166'},null,'                                ','ENGINE    ','  ',null);
INSERT INTO "GALADM"."GAL259TBX" (ATTRIBUTE,PRODUCT_SPEC_CODE,ATTRIBUTE_VALUE,CREATE_TIMESTAMP,UPDATE_TIMESTAMP,ATTRIBUTE_DESCRIPTION,PRODUCT_TYPE,SUB_ID,UPDATE_USER) VALUES ('BLOCK_MC_MODEL                  ','J5VZAA500                     ','5A2',{ts '2017-06-08 10:06:39.831737'},null,'                                ','ENGINE    ','  ',null);
INSERT INTO "GALADM"."GAL259TBX" (ATTRIBUTE,PRODUCT_SPEC_CODE,ATTRIBUTE_VALUE,CREATE_TIMESTAMP,UPDATE_TIMESTAMP,ATTRIBUTE_DESCRIPTION,PRODUCT_TYPE,SUB_ID,UPDATE_USER) VALUES ('BLOCK_MC_MODEL                  ','K5VZ                          ','5A2',{ts '2018-08-23 09:11:47.676850'},null,'                                ','ENGINE    ','  ','VE007741   ');
INSERT INTO "GALADM"."GAL259TBX" (ATTRIBUTE,PRODUCT_SPEC_CODE,ATTRIBUTE_VALUE,CREATE_TIMESTAMP,UPDATE_TIMESTAMP,ATTRIBUTE_DESCRIPTION,PRODUCT_TYPE,SUB_ID,UPDATE_USER) VALUES ('BLOCK_MC_MODEL                  ','K5VZA05                       ','5A2',{ts '2018-08-23 09:09:13.420301'},null,'                                ','ENGINE    ','  ','VE007741   ');
INSERT INTO "GALADM"."GAL259TBX" (ATTRIBUTE,PRODUCT_SPEC_CODE,ATTRIBUTE_VALUE,CREATE_TIMESTAMP,UPDATE_TIMESTAMP,ATTRIBUTE_DESCRIPTION,PRODUCT_TYPE,SUB_ID,UPDATE_USER) VALUES ('BLOCK_MC_MODEL                  ','K5VZAA5                       ','5A2',{ts '2018-08-23 09:09:30.148663'},null,'                                ','ENGINE    ','  ','VE007741   ');

INSERT INTO "GALADM"."GAL489TBX" (COMPONENT_ID,PROPERTY_KEY,PROPERTY_VALUE,DESCRIPTION,CHANGE_USER_ID,CREATE_TIMESTAMP,UPDATE_TIMESTAMP) VALUES ('AE0EN10801','device.torque.deviceId','AE0EN10801-Torque','','GALCAdmin1',{ts '2014-11-23 09:47:20.276240'},null);
INSERT INTO "GALADM"."GAL489TBX" (COMPONENT_ID,PROPERTY_KEY,PROPERTY_VALUE,DESCRIPTION,CHANGE_USER_ID,CREATE_TIMESTAMP,UPDATE_TIMESTAMP) VALUES ('AE0EN10801','device.torque.enabled','FALSE','','GALCAdmin1',{ts '2016-02-09 05:04:33.177665'},null);
INSERT INTO "GALADM"."GAL489TBX" (COMPONENT_ID,PROPERTY_KEY,PROPERTY_VALUE,DESCRIPTION,CHANGE_USER_ID,CREATE_TIMESTAMP,UPDATE_TIMESTAMP) VALUES ('AE0EN10801','device.torque.hostname','localhost','','GALCAdmin1',{ts '2014-11-23 09:47:47.428890'},{ts '2018-10-30 09:16:58.726401'});
INSERT INTO "GALADM"."GAL489TBX" (COMPONENT_ID,PROPERTY_KEY,PROPERTY_VALUE,DESCRIPTION,CHANGE_USER_ID,CREATE_TIMESTAMP,UPDATE_TIMESTAMP) VALUES ('AE0EN10801','PANEL_CLASS_NAME','com.honda.galc.client.engine.aeon.BlockLoadView','','GALCAdmin1',{ts '2014-11-23 09:48:23.328380'},null);
INSERT INTO "GALADM"."GAL489TBX" (COMPONENT_ID,PROPERTY_KEY,PROPERTY_VALUE,DESCRIPTION,CHANGE_USER_ID,CREATE_TIMESTAMP,UPDATE_TIMESTAMP) VALUES ('AE0EN10801','PPID_MC_OFF','MC0BL16001,MC0BL16002,AE0EN10501','','GALCAdmin1',{ts '2014-11-23 09:48:06.881281'},{ts '2016-02-07 07:13:56.614186'});
INSERT INTO "GALADM"."GAL489TBX" (COMPONENT_ID,PROPERTY_KEY,PROPERTY_VALUE,DESCRIPTION,CHANGE_USER_ID,CREATE_TIMESTAMP,UPDATE_TIMESTAMP) VALUES ('AE0EN10801','RequestRouter.useXML','TRUE','','GALCAdmin1',{ts '2008-06-27 11:09:57.707237'},null);
INSERT INTO "GALADM"."GAL489TBX" (COMPONENT_ID,PROPERTY_KEY,PROPERTY_VALUE,DESCRIPTION,CHANGE_USER_ID,CREATE_TIMESTAMP,UPDATE_TIMESTAMP) VALUES ('AE0EN11001','CHECK_BLOCK_REFERENCE_NUMBER','FALSE','','GALCAdmin1',{ts '2017-02-04 04:59:55.767647'},null);
INSERT INTO "GALADM"."GAL489TBX" (COMPONENT_ID,PROPERTY_KEY,PROPERTY_VALUE,DESCRIPTION,CHANGE_USER_ID,CREATE_TIMESTAMP,UPDATE_TIMESTAMP) VALUES ('AE0EN11001','OIF_TRACKING_STATUS','MEEN3','','GALCAdmin1',{ts '2014-11-30 08:11:26.070123'},null);
INSERT INTO "GALADM"."GAL489TBX" (COMPONENT_ID,PROPERTY_KEY,PROPERTY_VALUE,DESCRIPTION,CHANGE_USER_ID,CREATE_TIMESTAMP,UPDATE_TIMESTAMP) VALUES ('AE0EN11001','PANEL_CLASS_NAME','com.honda.galc.client.engine.aeon.EngineNumberingView','','GALCAdmin1',{ts '2014-11-30 08:11:06.788120'},null);
INSERT INTO "GALADM"."GAL489TBX" (COMPONENT_ID,PROPERTY_KEY,PROPERTY_VALUE,DESCRIPTION,CHANGE_USER_ID,CREATE_TIMESTAMP,UPDATE_TIMESTAMP) VALUES ('AE0EN11001','PLAY_NG_SOUND_REPEATEDLY','TRUE','','GALCAdmin1',{ts '2010-04-22 05:00:59.737615'},null);
INSERT INTO "GALADM"."GAL489TBX" (COMPONENT_ID,PROPERTY_KEY,PROPERTY_VALUE,DESCRIPTION,CHANGE_USER_ID,CREATE_TIMESTAMP,UPDATE_TIMESTAMP) VALUES ('System_Info','PRODUCT_TYPE','ENGINE','','GALCAdmin1',{ts '2012-02-29 15:32:40.331963'},null);

INSERT INTO "GALADM"."BLOCK_TBX" (BLOCK_ID,MC_SERIAL_NUMBER,DC_SERIAL_NUMBER,ENGINE_SERIAL_NUMBER,MODEL,TRACKING_STATUS,DUNNAGE,DEFECT_STATUS,HOLD_STATUS,LAST_PASSING_PROCESS_POINT_ID,CREATE_TIMESTAMP,UPDATE_TIMESTAMP) VALUES ('5BA0HC6906130445F','5BA0HC690710598Q','5BA0HC6906130445F',null,'5BA','MCBLOFF1',null,null,0,'MC0BL16001      ',{ts '2016-09-06 17:19:53.275879'},{ts '2016-09-13 10:34:11.998390'});
INSERT INTO "GALADM"."BLOCK_TBX" (BLOCK_ID,MC_SERIAL_NUMBER,DC_SERIAL_NUMBER,ENGINE_SERIAL_NUMBER,MODEL,TRACKING_STATUS,DUNNAGE,DEFECT_STATUS,HOLD_STATUS,LAST_PASSING_PROCESS_POINT_ID,CREATE_TIMESTAMP,UPDATE_TIMESTAMP) VALUES ('5BA0HC6906130448I','5BA0HC690710590I','5BA0HC6906130448I',null,'5BA','MCBLOFF1',null,null,0,'MC0BL16001      ',{ts '2016-09-06 17:24:38.682092'},{ts '2016-09-13 10:34:11.843707'});
INSERT INTO "GALADM"."BLOCK_TBX" (BLOCK_ID,MC_SERIAL_NUMBER,DC_SERIAL_NUMBER,ENGINE_SERIAL_NUMBER,MODEL,TRACKING_STATUS,DUNNAGE,DEFECT_STATUS,HOLD_STATUS,LAST_PASSING_PROCESS_POINT_ID,CREATE_TIMESTAMP,UPDATE_TIMESTAMP) VALUES ('5BA0HC6906130449J','5BA0HC690710584L','5BA0HC6906130449J',null,'5BA','MCBLOFF1',null,null,0,'MC0BL16001      ',{ts '2016-09-06 17:26:13.157595'},{ts '2016-09-13 10:34:11.721758'});


