-- Site
INSERT INTO "GALADM"."GAL117TBX" (SITE_NAME,SITE_DESCRIPTION) VALUES ('HCM             ','HCM                                                                                                                             ');

-- Division
INSERT INTO "GALADM"."GAL128TBX" (DIVISION_ID,SITE_NAME,PLANT_NAME,DIVISION_NAME,DIVISION_DESCRIPTION,DIVISION_NAME1,DIVISION_NAME2,SEQUENCE_NUMBER) VALUES ('AE              ','HCM             ','Engine          ','AE                              ','Assembly Engine                                                                                                                 ','NONE                            ','NONE                            ',2);
INSERT INTO "GALADM"."GAL128TBX" (DIVISION_ID,SITE_NAME,PLANT_NAME,DIVISION_NAME,DIVISION_DESCRIPTION,DIVISION_NAME1,DIVISION_NAME2,SEQUENCE_NUMBER) VALUES ('EQ              ','HCM             ','Engine          ','EQ                              ','Engine Quality                                                                                                                  ','NONE                            ','NONE                            ',3);
INSERT INTO "GALADM"."GAL128TBX" (DIVISION_ID,SITE_NAME,PLANT_NAME,DIVISION_NAME,DIVISION_DESCRIPTION,DIVISION_NAME1,DIVISION_NAME2,SEQUENCE_NUMBER) VALUES ('HP              ','HCM             ','Engine          ','HP                              ','Die Cast High Pressure                                                                                                          ','NONE                            ','NONE                            ',0);
INSERT INTO "GALADM"."GAL128TBX" (DIVISION_ID,SITE_NAME,PLANT_NAME,DIVISION_NAME,DIVISION_DESCRIPTION,DIVISION_NAME1,DIVISION_NAME2,SEQUENCE_NUMBER) VALUES ('LP              ','HCM             ','Engine          ','LP                              ','Die Cast Low Pressure                                                                                                           ','NONE                            ','NONE                            ',0);
INSERT INTO "GALADM"."GAL128TBX" (DIVISION_ID,SITE_NAME,PLANT_NAME,DIVISION_NAME,DIVISION_DESCRIPTION,DIVISION_NAME1,DIVISION_NAME2,SEQUENCE_NUMBER) VALUES ('MB              ','HCM             ','Engine          ','MB                              ','Machining Block                                                                                                                 ','NONE                            ','NONE                            ',0);
INSERT INTO "GALADM"."GAL128TBX" (DIVISION_ID,SITE_NAME,PLANT_NAME,DIVISION_NAME,DIVISION_DESCRIPTION,DIVISION_NAME1,DIVISION_NAME2,SEQUENCE_NUMBER) VALUES ('ME              ','HCM             ','Engine          ','ME                              ','Material Services                                                                                                               ','NONE                            ','NONE                            ',6);
INSERT INTO "GALADM"."GAL128TBX" (DIVISION_ID,SITE_NAME,PLANT_NAME,DIVISION_NAME,DIVISION_DESCRIPTION,DIVISION_NAME1,DIVISION_NAME2,SEQUENCE_NUMBER) VALUES ('MH              ','HCM             ','Engine          ','MH                              ','Machining Head                                                                                                                  ','NONE                            ','NONE                            ',0);

-- Line
INSERT INTO "GALADM"."GAL195TBX" (LINE_ID,SITE_NAME,PLANT_NAME,DIVISION_ID,DIVISION_NAME,DIVISION_NAME1,DIVISION_NAME2,LINE_NAME,LINE_TYPE,LINE_DESCRIPTION,ENTRY_PROCESS_POINT_ID,LINE_SEQUENCE_NUMBER,STD_INVENTORY,MAXIMUM_INVENTORY,MINIMUM_INVENTORY) VALUES ('AE1BL1          ','HCM             ','Engine          ','AE              ','AE                              ','NONE                            ','NONE                            ','Block                           ',0,'Block Line                                                                                                                      ','AE0EN11001      ',0,20,100,0);
INSERT INTO "GALADM"."GAL195TBX" (LINE_ID,SITE_NAME,PLANT_NAME,DIVISION_ID,DIVISION_NAME,DIVISION_NAME1,DIVISION_NAME2,LINE_NAME,LINE_TYPE,LINE_DESCRIPTION,ENTRY_PROCESS_POINT_ID,LINE_SEQUENCE_NUMBER,STD_INVENTORY,MAXIMUM_INVENTORY,MINIMUM_INVENTORY) VALUES ('AE1DI1          ','HCM             ','Engine          ','AE              ','AE                              ','                                ','                                ','Direct Injection                ',0,'                                                                                                                                ','                ',0,100,1000,0);
INSERT INTO "GALADM"."GAL195TBX" (LINE_ID,SITE_NAME,PLANT_NAME,DIVISION_ID,DIVISION_NAME,DIVISION_NAME1,DIVISION_NAME2,LINE_NAME,LINE_TYPE,LINE_DESCRIPTION,ENTRY_PROCESS_POINT_ID,LINE_SEQUENCE_NUMBER,STD_INVENTORY,MAXIMUM_INVENTORY,MINIMUM_INVENTORY) VALUES ('AE1DL1          ','HCM             ','Engine          ','AE              ','AE                              ','NONE                            ','NONE                            ','Dress UP                        ',0,'Dress Up Line                                                                                                                   ','AE0EN15301      ',0,20,50,0);
INSERT INTO "GALADM"."GAL195TBX" (LINE_ID,SITE_NAME,PLANT_NAME,DIVISION_ID,DIVISION_NAME,DIVISION_NAME1,DIVISION_NAME2,LINE_NAME,LINE_TYPE,LINE_DESCRIPTION,ENTRY_PROCESS_POINT_ID,LINE_SEQUENCE_NUMBER,STD_INVENTORY,MAXIMUM_INVENTORY,MINIMUM_INVENTORY) VALUES ('AE1EQUIP1       ','HCM             ','Engine          ','AE              ','AE                              ','NONE                            ','NONE                            ','Equipments                      ',1,'                                                                                                                                ','                ',0,1,2,0);
INSERT INTO "GALADM"."GAL195TBX" (LINE_ID,SITE_NAME,PLANT_NAME,DIVISION_ID,DIVISION_NAME,DIVISION_NAME1,DIVISION_NAME2,LINE_NAME,LINE_TYPE,LINE_DESCRIPTION,ENTRY_PROCESS_POINT_ID,LINE_SEQUENCE_NUMBER,STD_INVENTORY,MAXIMUM_INVENTORY,MINIMUM_INVENTORY) VALUES ('AE1HL1          ','HCM             ','Engine          ','AE              ','AE                              ','NONE                            ','NONE                            ','Head                            ',0,'Head Line                                                                                                                       ','AE0HD11101      ',0,10,50,0);
INSERT INTO "GALADM"."GAL195TBX" (LINE_ID,SITE_NAME,PLANT_NAME,DIVISION_ID,DIVISION_NAME,DIVISION_NAME1,DIVISION_NAME2,LINE_NAME,LINE_TYPE,LINE_DESCRIPTION,ENTRY_PROCESS_POINT_ID,LINE_SEQUENCE_NUMBER,STD_INVENTORY,MAXIMUM_INVENTORY,MINIMUM_INVENTORY) VALUES ('AE1ML1          ','HCM             ','Engine          ','AE              ','AE                              ','NONE                            ','NONE                            ','Main                            ',0,'Main Line                                                                                                                       ','AE0EN14101      ',0,50,200,0);
INSERT INTO "GALADM"."GAL195TBX" (LINE_ID,SITE_NAME,PLANT_NAME,DIVISION_ID,DIVISION_NAME,DIVISION_NAME1,DIVISION_NAME2,LINE_NAME,LINE_TYPE,LINE_DESCRIPTION,ENTRY_PROCESS_POINT_ID,LINE_SEQUENCE_NUMBER,STD_INVENTORY,MAXIMUM_INVENTORY,MINIMUM_INVENTORY) VALUES ('AE1OFF1         ','HCM             ','Engine          ','AE              ','AE                              ','NONE                            ','NONE                            ','AE OFF Line                     ',0,'AE OFF Line                                                                                                                     ','AE0EN16001      ',0,5,10,0);
INSERT INTO "GALADM"."GAL195TBX" (LINE_ID,SITE_NAME,PLANT_NAME,DIVISION_ID,DIVISION_NAME,DIVISION_NAME1,DIVISION_NAME2,LINE_NAME,LINE_TYPE,LINE_DESCRIPTION,ENTRY_PROCESS_POINT_ID,LINE_SEQUENCE_NUMBER,STD_INVENTORY,MAXIMUM_INVENTORY,MINIMUM_INVENTORY) VALUES ('AE1PAM1         ','HCM             ','Engine          ','AE              ','AE                              ','                                ','                                ','PAM SubLine                     ',0,'Piston Sub Assy Machine                                                                                                         ','AE0PM11001      ',0,10,100,0);
INSERT INTO "GALADM"."GAL195TBX" (LINE_ID,SITE_NAME,PLANT_NAME,DIVISION_ID,DIVISION_NAME,DIVISION_NAME1,DIVISION_NAME2,LINE_NAME,LINE_TYPE,LINE_DESCRIPTION,ENTRY_PROCESS_POINT_ID,LINE_SEQUENCE_NUMBER,STD_INVENTORY,MAXIMUM_INVENTORY,MINIMUM_INVENTORY) VALUES ('AE1PI1          ','HCM             ','Engine          ','AE              ','AE                              ','NONE                            ','NONE                            ','Piston Insert                   ',0,'Piston Insert Line                                                                                                              ','AE0EN10801      ',0,10,100,0);
INSERT INTO "GALADM"."GAL195TBX" (LINE_ID,SITE_NAME,PLANT_NAME,DIVISION_ID,DIVISION_NAME,DIVISION_NAME1,DIVISION_NAME2,LINE_NAME,LINE_TYPE,LINE_DESCRIPTION,ENTRY_PROCESS_POINT_ID,LINE_SEQUENCE_NUMBER,STD_INVENTORY,MAXIMUM_INVENTORY,MINIMUM_INVENTORY) VALUES ('AE1REP1         ','HCM             ','Engine          ','AE              ','AE                              ','NONE                            ','NONE                            ','Repair                          ',0,'Repair                                                                                                                          ','AE0EN16051      ',0,10,100,0);
INSERT INTO "GALADM"."GAL195TBX" (LINE_ID,SITE_NAME,PLANT_NAME,DIVISION_ID,DIVISION_NAME,DIVISION_NAME1,DIVISION_NAME2,LINE_NAME,LINE_TYPE,LINE_DESCRIPTION,ENTRY_PROCESS_POINT_ID,LINE_SEQUENCE_NUMBER,STD_INVENTORY,MAXIMUM_INVENTORY,MINIMUM_INVENTORY) VALUES ('AE1SCR1         ','HCM             ','Engine          ','AE              ','AE                              ','                                ','                                ','AE Scrap                        ',0,'AE Scrap                                                                                                                        ','                ',0,1,1000,0);
INSERT INTO "GALADM"."GAL195TBX" (LINE_ID,SITE_NAME,PLANT_NAME,DIVISION_ID,DIVISION_NAME,DIVISION_NAME1,DIVISION_NAME2,LINE_NAME,LINE_TYPE,LINE_DESCRIPTION,ENTRY_PROCESS_POINT_ID,LINE_SEQUENCE_NUMBER,STD_INVENTORY,MAXIMUM_INVENTORY,MINIMUM_INVENTORY) VALUES ('AE1SH1          ','HCM             ','Engine          ','AE              ','AE                              ','NONE                            ','NONE                            ','Shipping                        ',0,'Shipping Line                                                                                                                   ','AE0EN16601      ',0,50,200,0);
INSERT INTO "GALADM"."GAL195TBX" (LINE_ID,SITE_NAME,PLANT_NAME,DIVISION_ID,DIVISION_NAME,DIVISION_NAME1,DIVISION_NAME2,LINE_NAME,LINE_TYPE,LINE_DESCRIPTION,ENTRY_PROCESS_POINT_ID,LINE_SEQUENCE_NUMBER,STD_INVENTORY,MAXIMUM_INVENTORY,MINIMUM_INVENTORY) VALUES ('AE1SR1          ','HCM             ','Engine          ','AE              ','AE                              ','NONE                            ','NONE                            ','Shipping Repair                 ',0,'Shipping Repair                                                                                                                 ','AE0EN16151      ',0,10,100,0);
INSERT INTO "GALADM"."GAL195TBX" (LINE_ID,SITE_NAME,PLANT_NAME,DIVISION_ID,DIVISION_NAME,DIVISION_NAME1,DIVISION_NAME2,LINE_NAME,LINE_TYPE,LINE_DESCRIPTION,ENTRY_PROCESS_POINT_ID,LINE_SEQUENCE_NUMBER,STD_INVENTORY,MAXIMUM_INVENTORY,MINIMUM_INVENTORY) VALUES ('AE1SS1          ','HCM             ','Engine          ','AE              ','AE                              ','NONE                            ','NONE                            ','Shipping Storage                ',0,'Shipping Storage                                                                                                                ','AE0EN16101      ',0,10,100,0);
INSERT INTO "GALADM"."GAL195TBX" (LINE_ID,SITE_NAME,PLANT_NAME,DIVISION_ID,DIVISION_NAME,DIVISION_NAME1,DIVISION_NAME2,LINE_NAME,LINE_TYPE,LINE_DESCRIPTION,ENTRY_PROCESS_POINT_ID,LINE_SEQUENCE_NUMBER,STD_INVENTORY,MAXIMUM_INVENTORY,MINIMUM_INVENTORY) VALUES ('AE1VL1          ','HCM             ','Engine          ','AE              ','AE                              ','NONE                            ','NONE                            ','Valve                           ',0,'Valve Line                                                                                                                      ','AE0HD10401      ',0,10,50,0);
INSERT INTO "GALADM"."GAL195TBX" (LINE_ID,SITE_NAME,PLANT_NAME,DIVISION_ID,DIVISION_NAME,DIVISION_NAME1,DIVISION_NAME2,LINE_NAME,LINE_TYPE,LINE_DESCRIPTION,ENTRY_PROCESS_POINT_ID,LINE_SEQUENCE_NUMBER,STD_INVENTORY,MAXIMUM_INVENTORY,MINIMUM_INVENTORY) VALUES ('AE1VTC1         ','HCM             ','Engine          ','AE              ','AE                              ','                                ','                                ','VTC SubLine                     ',0,'VTC Sprocket Assembly Sub Line                                                                                                  ','                ',0,10,1000,0);

-- GPCS Division
INSERT INTO "GALADM"."GAL238TBX" (GPCS_PLANT_CODE,GPCS_LINE_NO,GPCS_PROCESS_LOCATION,DIVISION_ID) VALUES ('HCM ','01','PA','PA1             ');
INSERT INTO "GALADM"."GAL238TBX" (GPCS_PLANT_CODE,GPCS_LINE_NO,GPCS_PROCESS_LOCATION,DIVISION_ID) VALUES ('HCM ','01','MS','MS1             ');
INSERT INTO "GALADM"."GAL238TBX" (GPCS_PLANT_CODE,GPCS_LINE_NO,GPCS_PROCESS_LOCATION,DIVISION_ID) VALUES ('HCM ','01','WE','WE1             ');
INSERT INTO "GALADM"."GAL238TBX" (GPCS_PLANT_CODE,GPCS_LINE_NO,GPCS_PROCESS_LOCATION,DIVISION_ID) VALUES ('HCM ','01','PO','PO1             ');
INSERT INTO "GALADM"."GAL238TBX" (GPCS_PLANT_CODE,GPCS_LINE_NO,GPCS_PROCESS_LOCATION,DIVISION_ID) VALUES ('HCM ','01','ST','ST1             ');
INSERT INTO "GALADM"."GAL238TBX" (GPCS_PLANT_CODE,GPCS_LINE_NO,GPCS_PROCESS_LOCATION,DIVISION_ID) VALUES ('HCM ','01','VQ','VQ1             ');
INSERT INTO "GALADM"."GAL238TBX" (GPCS_PLANT_CODE,GPCS_LINE_NO,GPCS_PROCESS_LOCATION,DIVISION_ID) VALUES ('SIM ','01','AF','SIMDIV01        ');
INSERT INTO "GALADM"."GAL238TBX" (GPCS_PLANT_CODE,GPCS_LINE_NO,GPCS_PROCESS_LOCATION,DIVISION_ID) VALUES ('HCM ','01','AF','AF1             ');
INSERT INTO "GALADM"."GAL238TBX" (GPCS_PLANT_CODE,GPCS_LINE_NO,GPCS_PROCESS_LOCATION,DIVISION_ID) VALUES ('HCM ','01','AF','AF              ');

-- Plant
INSERT INTO "GALADM"."GAL211TBX" (SITE_NAME,PLANT_NAME,PLANT_LONG_DESCRIPTION) VALUES ('HCM             ','001             ','Frame Plant 1                                                                                                                   ');
INSERT INTO "GALADM"."GAL211TBX" (SITE_NAME,PLANT_NAME,PLANT_LONG_DESCRIPTION) VALUES ('HCM             ','FRAME1          ','Frame Plant 1                                                                                                                   ');
INSERT INTO "GALADM"."GAL211TBX" (SITE_NAME,PLANT_NAME,PLANT_LONG_DESCRIPTION) VALUES ('HCM             ','FRAME2          ','Frame Plant 2                                                                                                                   ');
INSERT INTO "GALADM"."GAL211TBX" (SITE_NAME,PLANT_NAME,PLANT_LONG_DESCRIPTION) VALUES ('HCM             ','01SIMPLANT      ','Simulation Plant                                                                                                                ');
INSERT INTO "GALADM"."GAL211TBX" (SITE_NAME,PLANT_NAME,PLANT_LONG_DESCRIPTION) VALUES ('HCM             ','Test Plant      ','Interns                                                                                                                         ');

INSERT INTO "GALADM"."GAL214TBX" (PROCESS_POINT_NAME,PROCESS_POINT_ID,PROCESS_POINT_DESCRIPTION,PROCESS_POINT_TYPE,SITE_NAME,PLANT_NAME,DIVISION_ID,DIVISION_NAME,DIVISION_NAME1,DIVISION_NAME2,LINE_ID,LINE_NAME,BACK_FILL_PROCESS_POINT_ID,SEQUENCE_NUMBER,TRACKING_POINT_FLAG,RECOVERY_POINT_FLAG,PASSING_COUNT_FLAG) VALUES ('MS Shipping                     ','AE0EN16601      ','HCM MS Shipping                                                                                                                 ',1,'HCM             ','Engine          ','AE              ','AE                              ','NONE                            ','NONE                            ','AE1SH1          ','Shipping                        ','                ',0,1,0,1);
INSERT INTO "GALADM"."GAL214TBX" (PROCESS_POINT_NAME,PROCESS_POINT_ID,PROCESS_POINT_DESCRIPTION,PROCESS_POINT_TYPE,SITE_NAME,PLANT_NAME,DIVISION_ID,DIVISION_NAME,DIVISION_NAME1,DIVISION_NAME2,LINE_ID) VALUES ('Vanning Sheets Printer          ','AE0EN16701      ','Vanning Sheets Printer                                                                                                          ',0,'HCM             ','Engine          ','AE              ','AE                              ','NONE                            ','NONE                            ','AE1SH1          ');
INSERT INTO "GALADM"."GAL214TBX" (PROCESS_POINT_NAME,PROCESS_POINT_ID,PROCESS_POINT_DESCRIPTION,PROCESS_POINT_TYPE,SITE_NAME,PLANT_NAME,DIVISION_ID,DIVISION_NAME,DIVISION_NAME1,DIVISION_NAME2,LINE_ID) VALUES ('Shipping Devan                  ','AE0EN16801      ','HCM MS Shipping Devan                                                                                                           ',0,'HCM             ','Engine          ','AE              ','AE                              ','NONE                            ','NONE                            ','AE1SH1          ');
INSERT INTO "GALADM"."GAL214TBX" (PROCESS_POINT_NAME,PROCESS_POINT_ID,PROCESS_POINT_DESCRIPTION,PROCESS_POINT_TYPE,SITE_NAME,PLANT_NAME,DIVISION_ID,DIVISION_NAME,DIVISION_NAME1,DIVISION_NAME2,LINE_ID) VALUES ('AE Shipping GUI                 ','AE0TR18001      ','Engine Shipping Tracking                                                                                                        ',0,'HCM             ','Engine          ','AE              ','AE                              ','NONE                            ','NONE                            ','AE1SH1          ');
INSERT INTO "GALADM"."GAL214TBX" (PROCESS_POINT_NAME,PROCESS_POINT_ID,PROCESS_POINT_DESCRIPTION,PROCESS_POINT_TYPE,SITE_NAME,PLANT_NAME,DIVISION_ID,DIVISION_NAME,DIVISION_NAME1,DIVISION_NAME2,LINE_ID) VALUES ('Shipping Tracking Editing       ','AE0TR18011      ','Shipping Tracking Editing Client                                                                                                ',0,'HCM             ','Engine          ','AE              ','AE                              ','NONE                            ','NONE                            ','AE1SH1          ');

-- Broadcast Destination
INSERT INTO "GALADM"."GAL111TBX" (PROCESS_POINT_ID,SEQUENCE_NUMBER,DESTINATION_TYPE,DESTINATION_ID,REQUEST_ID,CREATE_TIMESTAMP,UPDATE_TIMESTAMP,ARGUMENT,AUTO_ENABLED,CHECK_POINT,CONDITION,CONDITION_TYPE) VALUES ('AE0EN16601      ',1,2,'MSShipping                      ','                                ',{ts '2010-09-30 07:37:22.153869'},{ts '2018-11-16 10:03:10.296605'},'                                                                                                                                ',0,null,null,null);
INSERT INTO "GALADM"."GAL111TBX" (PROCESS_POINT_ID,SEQUENCE_NUMBER,DESTINATION_TYPE,DESTINATION_ID,REQUEST_ID,CREATE_TIMESTAMP,UPDATE_TIMESTAMP,ARGUMENT,AUTO_ENABLED,CHECK_POINT,CONDITION,CONDITION_TYPE) VALUES ('AE0EN16701      ',1,1,'VanningSheets                   ','VanningSheets                   ',{ts '2008-06-27 16:26:41.980753'},{ts '2016-05-29 06:47:58.613124'},'                                                                                                                                ',1,null,null,null);

-- Terminal
INSERT INTO "GALADM"."GAL234TBX" (HOST_NAME,IP_ADDRESS,PORT,ROUTER_PORT,TERMINAL_DESCRIPTION,LOCATED_PROCESS_POINT_ID,DIVISION_ID,AF_TERMINAL_FLAG,CREATE_TIMESTAMP,UPDATE_TIMESTAMP) VALUES ('AE0EN16601                      ','localhost',16601,0,'New Shipping Client                                                                                                             ','AE0EN16601      ','AE              ',1,{ts '2016-05-14 06:22:10.936442'},{ts '2018-10-30 09:16:56.031157'});

-- Application
INSERT INTO "GALADM"."GAL241TBX" (APPLICATION_ID,APPLICATION_NAME,APPLICATION_TYPE,TERMINAL_APPLICATION_FLAG,SCREEN_ID,WINDOW_TITLE,SCREEN_CLASS,APPLICATION_DESCRIPTION,PRELOAD,SESSION_REQUIRED,PERSISTENT_SESSION) VALUES ('AE0TR18001      ','AE Shipping GUI                    ',1,1,'ESTS VIEW       ','Engine Shipping Tracking        ','com.honda.galc.client.gts.view.GtsTrackingWindow                                                                                ','Engine Shipping Tracking                                                                                                        ',0,0,0);
INSERT INTO "GALADM"."GAL241TBX" (APPLICATION_ID,APPLICATION_NAME,APPLICATION_TYPE,TERMINAL_APPLICATION_FLAG,SCREEN_ID,WINDOW_TITLE,SCREEN_CLASS,APPLICATION_DESCRIPTION,PRELOAD,SESSION_REQUIRED,PERSISTENT_SESSION,CREATE_TIMESTAMP,UPDATE_TIMESTAMP) VALUES ('AE0EN16601      ','MS Shipping                        ',1,0,'S-AE0EN16601    ','MS Shipping Client              ','com.honda.galc.client.ui.DefaultWindow                                                                                          ','HCM MS Shipping                                                                                                                 ',0,0,0,{ts '2013-11-10 08:03:28.741880'},{ts '2016-06-28 04:36:41.980594'});

-- Application by Terminal
INSERT INTO "GALADM"."GAL242TBX" (APPLICATION_ID,HOST_NAME,DEFAULT_APPLICATION_FLAG,CREATE_TIMESTAMP,UPDATE_TIMESTAMP,SEQ_NUM) VALUES ('AE0TR18001      ','ESTS Client                     ',1,{ts '2008-05-20 15:27:04.257464'},{ts '2008-05-20 15:27:04.263373'},null);
INSERT INTO "GALADM"."GAL242TBX" (APPLICATION_ID,HOST_NAME,DEFAULT_APPLICATION_FLAG,CREATE_TIMESTAMP,UPDATE_TIMESTAMP,SEQ_NUM) VALUES ('AE0EN16601      ','MSShipping                      ',1,{ts '2016-05-29 09:35:12.887291'},null,0);

-- Application Task
INSERT INTO "GALADM"."GAL243TBX" (APPLICATION_ID,JNDI_NAME,TASK_NAME,SEQUENCE_NO,INPUT_EVENT_EXIST_FLAG,BEGIN_FLAG,COMMIT_FLAG,STATEFULL_SESSION_BEAN_FLAG,ARGUMENT) VALUES ('AE0TR18001      ','                                                                                                                                ','GtsEngineBodyTrackingService    ',1,0,1,1,0,'                                                                                                                                ');

-- Task Spec
INSERT INTO "GALADM"."GAL244TBX" (TASK_NAME,TASKSPEC_DESCRIPTION,STATEFULL_SESSION_BEAN_FLAG,JNDI_NAME) VALUES ('GtsEngineBodyTrackingService    ','                                                                                                                                ',0,'                                                                                                                                ');

INSERT INTO "GALADM"."GAL212TBX" (PRODUCTION_LOT,LOT_SIZE,START_PRODUCT_ID,SEND_STATUS,STAMPED_COUNT,HOLD_STATUS,SENT_TIMESTAMP,NEXT_PRODUCTION_LOT,LOT_NUMBER,PLANT_CODE,PROCESS_LOCATION,LINE_NO,PRODUCT_SPEC_CODE,CREATE_TIMESTAMP,UPDATE_TIMESTAMP,BUILD_SEQ_NOT_FIXED_FLAG,BUILD_SEQUENCE_NUMBER,PLAN_CODE,KD_LOT_NUMBER,SEQUENCE,REMAKE_FLAG,STAMPING_FLAG,CARRY_IN_OUT_FLAG,CARRY_IN_OUT_UNITS,MBPN,HES_COLOR,DEMAND_TYPE,NOTES) VALUES ('HCM 03AE201810190120',18,'K20C24205985     ',2,18,1,null,'HCM 03AE201810190130','201810190120','HCM ','AE','03','K5BBLF900             ',{ts '2018-10-13 10:50:48.668307'},{ts '2018-10-17 12:11:55.396152'},null,null,null,'HCM 01201810034502',0.0,null,null,null,0,null,null,null,null);
INSERT INTO "GALADM"."GAL212TBX" (PRODUCTION_LOT,LOT_SIZE,START_PRODUCT_ID,SEND_STATUS,STAMPED_COUNT,HOLD_STATUS,SENT_TIMESTAMP,NEXT_PRODUCTION_LOT,LOT_NUMBER,PLANT_CODE,PROCESS_LOCATION,LINE_NO,PRODUCT_SPEC_CODE,CREATE_TIMESTAMP,UPDATE_TIMESTAMP,BUILD_SEQ_NOT_FIXED_FLAG,BUILD_SEQUENCE_NUMBER,PLAN_CODE,KD_LOT_NUMBER,SEQUENCE,REMAKE_FLAG,STAMPING_FLAG,CARRY_IN_OUT_FLAG,CARRY_IN_OUT_UNITS,MBPN,HES_COLOR,DEMAND_TYPE,NOTES) VALUES ('HCM 03AE201810190130',12,'K20C24206003     ',2,12,1,null,'HCM 03AE201810190140','201810190130','HCM ','AE','03','K5BBAF900             ',{ts '2018-10-13 10:50:49.773775'},{ts '2018-10-17 12:23:23.009600'},null,null,null,'HCM 01201810034501',0.0,null,null,null,0,null,null,null,null);
INSERT INTO "GALADM"."GAL212TBX" (PRODUCTION_LOT,LOT_SIZE,START_PRODUCT_ID,SEND_STATUS,STAMPED_COUNT,HOLD_STATUS,SENT_TIMESTAMP,NEXT_PRODUCTION_LOT,LOT_NUMBER,PLANT_CODE,PROCESS_LOCATION,LINE_NO,PRODUCT_SPEC_CODE,CREATE_TIMESTAMP,UPDATE_TIMESTAMP,BUILD_SEQ_NOT_FIXED_FLAG,BUILD_SEQUENCE_NUMBER,PLAN_CODE,KD_LOT_NUMBER,SEQUENCE,REMAKE_FLAG,STAMPING_FLAG,CARRY_IN_OUT_FLAG,CARRY_IN_OUT_UNITS,MBPN,HES_COLOR,DEMAND_TYPE,NOTES) VALUES ('HCM 03AE201810190140',30,'K20C24206015     ',2,30,1,null,'HCM 03AE201810190160','201810190140','HCM ','AE','03','K5BBAF900             ',{ts '2018-10-13 10:50:50.865481'},{ts '2018-10-17 13:00:17.779271'},null,null,null,'HCM 01201810034401',0.0,null,null,null,0,null,null,null,null);
INSERT INTO "GALADM"."GAL212TBX" (PRODUCTION_LOT,LOT_SIZE,START_PRODUCT_ID,SEND_STATUS,STAMPED_COUNT,HOLD_STATUS,SENT_TIMESTAMP,NEXT_PRODUCTION_LOT,LOT_NUMBER,PLANT_CODE,PROCESS_LOCATION,LINE_NO,PRODUCT_SPEC_CODE,CREATE_TIMESTAMP,UPDATE_TIMESTAMP,BUILD_SEQ_NOT_FIXED_FLAG,BUILD_SEQUENCE_NUMBER,PLAN_CODE,KD_LOT_NUMBER,SEQUENCE,REMAKE_FLAG,STAMPING_FLAG,CARRY_IN_OUT_FLAG,CARRY_IN_OUT_UNITS,MBPN,HES_COLOR,DEMAND_TYPE,NOTES) VALUES ('HCM 03AE201810190160',30,'K20C24206075     ',2,30,1,null,null,'201810190160','HCM ','AE','03','K5BBLF900             ',{ts '2018-10-13 10:50:53.124947'},{ts '2018-10-17 13:51:18.727890'},null,null,null,'HCM 01201810034601',0.0,null,null,null,0,null,null,null,null);

INSERT INTO "GALADM"."GAL217TBX" (PRODUCTION_LOT,PLAN_CODE,LINE_NO,PROCESS_LOCATION,WE_LINE_NO,WE_PROCESS_LOCATION,PA_LINE_NO,PA_PROCESS_LOCATION,PRODUCT_SPEC_CODE,KD_LOT_NUMBER,START_PRODUCT_ID,LOT_SIZE,DEMAND_TYPE,PLAN_OFF_DATE,PRODUCTION_DATE,LOT_PASS_FLAG,LOT_NUMBER,PLANT_CODE,LOT_STATUS,CREATE_TIMESTAMP,UPDATE_TIMESTAMP,PROD_LOT_KD) VALUES ('HCM 03AE201810190120','HCM 034AE  ','03','AE','  ','  ','  ','  ','K5BBLF900                     ','HCM 01201810034502','K20C24205985     ',18,'MP',{d '2018-10-19'},{d '2018-10-19'},0,'201810190120','HCM ',1,{ts '2018-10-13 10:50:48.599631'},{ts '2018-10-17 12:11:55.404034'},'HCM 03AE201810190120');
INSERT INTO "GALADM"."GAL217TBX" (PRODUCTION_LOT,PLAN_CODE,LINE_NO,PROCESS_LOCATION,WE_LINE_NO,WE_PROCESS_LOCATION,PA_LINE_NO,PA_PROCESS_LOCATION,PRODUCT_SPEC_CODE,KD_LOT_NUMBER,START_PRODUCT_ID,LOT_SIZE,DEMAND_TYPE,PLAN_OFF_DATE,PRODUCTION_DATE,LOT_PASS_FLAG,LOT_NUMBER,PLANT_CODE,LOT_STATUS,CREATE_TIMESTAMP,UPDATE_TIMESTAMP,PROD_LOT_KD) VALUES ('HCM 03AE201810190130','HCM 034AE  ','03','AE','  ','  ','  ','  ','K5BBAF900                     ','HCM 01201810034501','K20C24206003     ',12,'MP',{d '2018-10-19'},{d '2018-10-19'},0,'201810190130','HCM ',1,{ts '2018-10-13 10:50:49.691475'},{ts '2018-10-17 12:23:23.016611'},'HCM 03AE201810190130');
INSERT INTO "GALADM"."GAL217TBX" (PRODUCTION_LOT,PLAN_CODE,LINE_NO,PROCESS_LOCATION,WE_LINE_NO,WE_PROCESS_LOCATION,PA_LINE_NO,PA_PROCESS_LOCATION,PRODUCT_SPEC_CODE,KD_LOT_NUMBER,START_PRODUCT_ID,LOT_SIZE,DEMAND_TYPE,PLAN_OFF_DATE,PRODUCTION_DATE,LOT_PASS_FLAG,LOT_NUMBER,PLANT_CODE,LOT_STATUS,CREATE_TIMESTAMP,UPDATE_TIMESTAMP,PROD_LOT_KD) VALUES ('HCM 03AE201810190140','HCM 034AE  ','03','AE','  ','  ','  ','  ','K5BBAF900                     ','HCM 01201810034401','K20C24206015     ',30,'MP',{d '2018-10-19'},{d '2018-10-19'},0,'201810190140','HCM ',1,{ts '2018-10-13 10:50:50.786788'},{ts '2018-10-17 13:00:17.789570'},'HCM 03AE201810190140');
INSERT INTO "GALADM"."GAL217TBX" (PRODUCTION_LOT,PLAN_CODE,LINE_NO,PROCESS_LOCATION,WE_LINE_NO,WE_PROCESS_LOCATION,PA_LINE_NO,PA_PROCESS_LOCATION,PRODUCT_SPEC_CODE,KD_LOT_NUMBER,START_PRODUCT_ID,LOT_SIZE,DEMAND_TYPE,PLAN_OFF_DATE,PRODUCTION_DATE,LOT_PASS_FLAG,LOT_NUMBER,PLANT_CODE,LOT_STATUS,CREATE_TIMESTAMP,UPDATE_TIMESTAMP,PROD_LOT_KD) VALUES ('HCM 03AE201810190160','HCM 034AE  ','03','AE','  ','  ','  ','  ','K5BBLF900                     ','HCM 01201810034601','K20C24206075     ',30,'MP',{d '2018-10-19'},{d '2018-10-19'},0,'201810190160','HCM ',1,{ts '2018-10-13 10:50:52.981718'},{ts '2018-10-17 13:51:18.736876'},'HCM 03AE201810190160');

INSERT INTO "GALADM"."GAL131TBX" (PRODUCT_ID,VIN,MISSION_SERIAL_NO,ENGINE_FIRING_FLAG,PRODUCTION_LOT,KD_LOT_NUMBER,PRODUCT_SPEC_CODE,PLAN_OFF_DATE,TRACKING_STATUS,PRODUCTION_DATE,PRODUCT_START_DATE,ACTUAL_OFF_DATE,AUTO_HOLD_STATUS,LAST_PASSING_PROCESS_POINT_ID,MISSION_STATUS,FIRING_TYPE,REPAIR_FLAG,ACTUAL_MISSION_TYPE,CREATE_TIMESTAMP,UPDATE_TIMESTAMP,DEFECT_STATUS) VALUES ('K20C24205985     ',null,'JDJC4003963         ',0,'HCM 03AE201810190120','HCM 01201810034502','K5BBLF900             ',{d '2018-10-19'},'AE1SS1          ',{d '2018-10-19'},null,null,0,'AE0EN16101      ',1,0,0,'K5DJCA0               ',{ts '2018-10-13 10:50:48.614839'},{ts '2018-10-17 14:39:46.659455'},null);
INSERT INTO "GALADM"."GAL131TBX" (PRODUCT_ID,VIN,MISSION_SERIAL_NO,ENGINE_FIRING_FLAG,PRODUCTION_LOT,KD_LOT_NUMBER,PRODUCT_SPEC_CODE,PLAN_OFF_DATE,TRACKING_STATUS,PRODUCTION_DATE,PRODUCT_START_DATE,ACTUAL_OFF_DATE,AUTO_HOLD_STATUS,LAST_PASSING_PROCESS_POINT_ID,MISSION_STATUS,FIRING_TYPE,REPAIR_FLAG,ACTUAL_MISSION_TYPE,CREATE_TIMESTAMP,UPDATE_TIMESTAMP,DEFECT_STATUS) VALUES ('K20C24205986     ',null,'JDJC4003962         ',0,'HCM 03AE201810190120','HCM 01201810034502','K5BBLF900             ',{d '2018-10-19'},'AE1SS1          ',{d '2018-10-19'},null,null,0,'AE0EN16101      ',1,0,0,'K5DJCA0               ',{ts '2018-10-13 10:50:48.614997'},{ts '2018-10-17 14:39:46.747947'},null);
INSERT INTO "GALADM"."GAL131TBX" (PRODUCT_ID,VIN,MISSION_SERIAL_NO,ENGINE_FIRING_FLAG,PRODUCTION_LOT,KD_LOT_NUMBER,PRODUCT_SPEC_CODE,PLAN_OFF_DATE,TRACKING_STATUS,PRODUCTION_DATE,PRODUCT_START_DATE,ACTUAL_OFF_DATE,AUTO_HOLD_STATUS,LAST_PASSING_PROCESS_POINT_ID,MISSION_STATUS,FIRING_TYPE,REPAIR_FLAG,ACTUAL_MISSION_TYPE,CREATE_TIMESTAMP,UPDATE_TIMESTAMP,DEFECT_STATUS) VALUES ('K20C24205987     ',null,'JDJC4003958         ',0,'HCM 03AE201810190120','HCM 01201810034502','K5BBLF900             ',{d '2018-10-19'},'AE1SS1          ',{d '2018-10-19'},null,null,0,'AE0EN16201      ',1,0,0,'K5DJCA0               ',{ts '2018-10-13 10:50:48.615093'},{ts '2018-10-17 14:39:46.818183'},0);
INSERT INTO "GALADM"."GAL131TBX" (PRODUCT_ID,VIN,MISSION_SERIAL_NO,ENGINE_FIRING_FLAG,PRODUCTION_LOT,KD_LOT_NUMBER,PRODUCT_SPEC_CODE,PLAN_OFF_DATE,TRACKING_STATUS,PRODUCTION_DATE,PRODUCT_START_DATE,ACTUAL_OFF_DATE,AUTO_HOLD_STATUS,LAST_PASSING_PROCESS_POINT_ID,MISSION_STATUS,FIRING_TYPE,REPAIR_FLAG,ACTUAL_MISSION_TYPE,CREATE_TIMESTAMP,UPDATE_TIMESTAMP,DEFECT_STATUS) VALUES ('K20C24205988     ',null,'JDJC4003959         ',0,'HCM 03AE201810190120','HCM 01201810034502','K5BBLF900             ',{d '2018-10-19'},'AE1SS1          ',{d '2018-10-19'},null,null,0,'AE0EN16101      ',1,0,0,'K5DJCA0               ',{ts '2018-10-13 10:50:48.615204'},{ts '2018-10-17 17:06:25.453375'},null);
INSERT INTO "GALADM"."GAL131TBX" (PRODUCT_ID,VIN,MISSION_SERIAL_NO,ENGINE_FIRING_FLAG,PRODUCTION_LOT,KD_LOT_NUMBER,PRODUCT_SPEC_CODE,PLAN_OFF_DATE,TRACKING_STATUS,PRODUCTION_DATE,PRODUCT_START_DATE,ACTUAL_OFF_DATE,AUTO_HOLD_STATUS,LAST_PASSING_PROCESS_POINT_ID,MISSION_STATUS,FIRING_TYPE,REPAIR_FLAG,ACTUAL_MISSION_TYPE,CREATE_TIMESTAMP,UPDATE_TIMESTAMP,DEFECT_STATUS) VALUES ('K20C24205989     ',null,'JDJC4003965         ',0,'HCM 03AE201810190120','HCM 01201810034502','K5BBLF900             ',{d '2018-10-19'},'AE1SS1          ',{d '2018-10-19'},null,null,0,'AE0EN16201      ',1,0,0,'K5DJCA0               ',{ts '2018-10-13 10:50:48.615271'},{ts '2018-10-17 14:39:46.875084'},0);
INSERT INTO "GALADM"."GAL131TBX" (PRODUCT_ID,VIN,MISSION_SERIAL_NO,ENGINE_FIRING_FLAG,PRODUCTION_LOT,KD_LOT_NUMBER,PRODUCT_SPEC_CODE,PLAN_OFF_DATE,TRACKING_STATUS,PRODUCTION_DATE,PRODUCT_START_DATE,ACTUAL_OFF_DATE,AUTO_HOLD_STATUS,LAST_PASSING_PROCESS_POINT_ID,MISSION_STATUS,FIRING_TYPE,REPAIR_FLAG,ACTUAL_MISSION_TYPE,CREATE_TIMESTAMP,UPDATE_TIMESTAMP,DEFECT_STATUS) VALUES ('K20C24205990     ',null,'JDJC4004020         ',0,'HCM 03AE201810190120','HCM 01201810034502','K5BBLF900             ',{d '2018-10-19'},'AE1SS1          ',{d '2018-10-19'},null,null,0,'AE0EN16101      ',1,0,0,'K5DJCA0               ',{ts '2018-10-13 10:50:48.615337'},{ts '2018-10-17 17:06:25.388194'},null);
INSERT INTO "GALADM"."GAL131TBX" (PRODUCT_ID,VIN,MISSION_SERIAL_NO,ENGINE_FIRING_FLAG,PRODUCTION_LOT,KD_LOT_NUMBER,PRODUCT_SPEC_CODE,PLAN_OFF_DATE,TRACKING_STATUS,PRODUCTION_DATE,PRODUCT_START_DATE,ACTUAL_OFF_DATE,AUTO_HOLD_STATUS,LAST_PASSING_PROCESS_POINT_ID,MISSION_STATUS,FIRING_TYPE,REPAIR_FLAG,ACTUAL_MISSION_TYPE,CREATE_TIMESTAMP,UPDATE_TIMESTAMP,DEFECT_STATUS) VALUES ('K20C24205991     ',null,'JDJC4003960         ',0,'HCM 03AE201810190120','HCM 01201810034502','K5BBLF900             ',{d '2018-10-19'},'AE1SS1          ',{d '2018-10-19'},null,null,0,'AE0EN16101      ',1,0,0,'K5DJCA0               ',{ts '2018-10-13 10:50:48.615404'},{ts '2018-10-17 14:39:46.928880'},null);
INSERT INTO "GALADM"."GAL131TBX" (PRODUCT_ID,VIN,MISSION_SERIAL_NO,ENGINE_FIRING_FLAG,PRODUCTION_LOT,KD_LOT_NUMBER,PRODUCT_SPEC_CODE,PLAN_OFF_DATE,TRACKING_STATUS,PRODUCTION_DATE,PRODUCT_START_DATE,ACTUAL_OFF_DATE,AUTO_HOLD_STATUS,LAST_PASSING_PROCESS_POINT_ID,MISSION_STATUS,FIRING_TYPE,REPAIR_FLAG,ACTUAL_MISSION_TYPE,CREATE_TIMESTAMP,UPDATE_TIMESTAMP,DEFECT_STATUS) VALUES ('K20C24205992     ',null,'JDJC4005992         ',0,'HCM 03AE201810190120','HCM 01201810034502','K5BBLF900             ',{d '2018-10-19'},'AE1SS1          ',{d '2018-10-19'},null,null,0,'AE0EN16201      ',1,0,0,'K5DJCA0               ',{ts '2018-10-13 10:50:48.615469'},{ts '2018-10-17 14:39:46.987653'},0);
INSERT INTO "GALADM"."GAL131TBX" (PRODUCT_ID,VIN,MISSION_SERIAL_NO,ENGINE_FIRING_FLAG,PRODUCTION_LOT,KD_LOT_NUMBER,PRODUCT_SPEC_CODE,PLAN_OFF_DATE,TRACKING_STATUS,PRODUCTION_DATE,PRODUCT_START_DATE,ACTUAL_OFF_DATE,AUTO_HOLD_STATUS,LAST_PASSING_PROCESS_POINT_ID,MISSION_STATUS,FIRING_TYPE,REPAIR_FLAG,ACTUAL_MISSION_TYPE,CREATE_TIMESTAMP,UPDATE_TIMESTAMP,DEFECT_STATUS) VALUES ('K20C24205993     ',null,'JDJC4005996         ',0,'HCM 03AE201810190120','HCM 01201810034502','K5BBLF900             ',{d '2018-10-19'},'AE1SS1          ',{d '2018-10-19'},null,null,0,'AE0EN16101      ',1,0,0,'K5DJCA0               ',{ts '2018-10-13 10:50:48.615562'},{ts '2018-10-17 14:39:47.064254'},null);
INSERT INTO "GALADM"."GAL131TBX" (PRODUCT_ID,VIN,MISSION_SERIAL_NO,ENGINE_FIRING_FLAG,PRODUCTION_LOT,KD_LOT_NUMBER,PRODUCT_SPEC_CODE,PLAN_OFF_DATE,TRACKING_STATUS,PRODUCTION_DATE,PRODUCT_START_DATE,ACTUAL_OFF_DATE,AUTO_HOLD_STATUS,LAST_PASSING_PROCESS_POINT_ID,MISSION_STATUS,FIRING_TYPE,REPAIR_FLAG,ACTUAL_MISSION_TYPE,CREATE_TIMESTAMP,UPDATE_TIMESTAMP,DEFECT_STATUS) VALUES ('K20C24205994     ',null,'JDJC4004022         ',0,'HCM 03AE201810190120','HCM 01201810034502','K5BBLF900             ',{d '2018-10-19'},'AE1SS1          ',{d '2018-10-19'},null,null,0,'AE0EN16101      ',1,0,0,'K5DJCA0               ',{ts '2018-10-13 10:50:48.615663'},{ts '2018-10-17 14:39:47.108486'},null);
INSERT INTO "GALADM"."GAL131TBX" (PRODUCT_ID,VIN,MISSION_SERIAL_NO,ENGINE_FIRING_FLAG,PRODUCTION_LOT,KD_LOT_NUMBER,PRODUCT_SPEC_CODE,PLAN_OFF_DATE,TRACKING_STATUS,PRODUCTION_DATE,PRODUCT_START_DATE,ACTUAL_OFF_DATE,AUTO_HOLD_STATUS,LAST_PASSING_PROCESS_POINT_ID,MISSION_STATUS,FIRING_TYPE,REPAIR_FLAG,ACTUAL_MISSION_TYPE,CREATE_TIMESTAMP,UPDATE_TIMESTAMP,DEFECT_STATUS) VALUES ('K20C24205995     ',null,'JDJC4005994         ',0,'HCM 03AE201810190120','HCM 01201810034502','K5BBLF900             ',{d '2018-10-19'},'AE1SS1          ',{d '2018-10-19'},null,null,0,'AE0EN16101      ',1,0,0,'K5DJCA0               ',{ts '2018-10-13 10:50:48.615749'},{ts '2018-10-17 14:39:47.169445'},null);
INSERT INTO "GALADM"."GAL131TBX" (PRODUCT_ID,VIN,MISSION_SERIAL_NO,ENGINE_FIRING_FLAG,PRODUCTION_LOT,KD_LOT_NUMBER,PRODUCT_SPEC_CODE,PLAN_OFF_DATE,TRACKING_STATUS,PRODUCTION_DATE,PRODUCT_START_DATE,ACTUAL_OFF_DATE,AUTO_HOLD_STATUS,LAST_PASSING_PROCESS_POINT_ID,MISSION_STATUS,FIRING_TYPE,REPAIR_FLAG,ACTUAL_MISSION_TYPE,CREATE_TIMESTAMP,UPDATE_TIMESTAMP,DEFECT_STATUS) VALUES ('K20C24205996     ',null,'JDJC4005997         ',0,'HCM 03AE201810190120','HCM 01201810034502','K5BBLF900             ',{d '2018-10-19'},'AE1SS1          ',{d '2018-10-19'},null,null,0,'AE0EN16101      ',1,0,0,'K5DJCA0               ',{ts '2018-10-13 10:50:48.615822'},{ts '2018-10-17 14:39:47.228589'},null);
INSERT INTO "GALADM"."GAL131TBX" (PRODUCT_ID,VIN,MISSION_SERIAL_NO,ENGINE_FIRING_FLAG,PRODUCTION_LOT,KD_LOT_NUMBER,PRODUCT_SPEC_CODE,PLAN_OFF_DATE,TRACKING_STATUS,PRODUCTION_DATE,PRODUCT_START_DATE,ACTUAL_OFF_DATE,AUTO_HOLD_STATUS,LAST_PASSING_PROCESS_POINT_ID,MISSION_STATUS,FIRING_TYPE,REPAIR_FLAG,ACTUAL_MISSION_TYPE,CREATE_TIMESTAMP,UPDATE_TIMESTAMP,DEFECT_STATUS) VALUES ('K20C24205997     ',null,'JDJC4005998         ',0,'HCM 03AE201810190120','HCM 01201810034502','K5BBLF900             ',{d '2018-10-19'},'AE1SS1          ',{d '2018-10-19'},null,null,0,'AE0EN16101      ',1,0,0,'K5DJCA0               ',{ts '2018-10-13 10:50:48.615890'},{ts '2018-10-17 14:39:47.283161'},null);
INSERT INTO "GALADM"."GAL131TBX" (PRODUCT_ID,VIN,MISSION_SERIAL_NO,ENGINE_FIRING_FLAG,PRODUCTION_LOT,KD_LOT_NUMBER,PRODUCT_SPEC_CODE,PLAN_OFF_DATE,TRACKING_STATUS,PRODUCTION_DATE,PRODUCT_START_DATE,ACTUAL_OFF_DATE,AUTO_HOLD_STATUS,LAST_PASSING_PROCESS_POINT_ID,MISSION_STATUS,FIRING_TYPE,REPAIR_FLAG,ACTUAL_MISSION_TYPE,CREATE_TIMESTAMP,UPDATE_TIMESTAMP,DEFECT_STATUS) VALUES ('K20C24205998     ',null,'JDJC4006014         ',0,'HCM 03AE201810190120','HCM 01201810034502','K5BBLF900             ',{d '2018-10-19'},'AE1SS1          ',{d '2018-10-19'},null,null,0,'AE0EN16101      ',1,0,0,'K5DJCA0               ',{ts '2018-10-13 10:50:48.615986'},{ts '2018-10-19 13:12:32.044215'},null);
INSERT INTO "GALADM"."GAL131TBX" (PRODUCT_ID,VIN,MISSION_SERIAL_NO,ENGINE_FIRING_FLAG,PRODUCTION_LOT,KD_LOT_NUMBER,PRODUCT_SPEC_CODE,PLAN_OFF_DATE,TRACKING_STATUS,PRODUCTION_DATE,PRODUCT_START_DATE,ACTUAL_OFF_DATE,AUTO_HOLD_STATUS,LAST_PASSING_PROCESS_POINT_ID,MISSION_STATUS,FIRING_TYPE,REPAIR_FLAG,ACTUAL_MISSION_TYPE,CREATE_TIMESTAMP,UPDATE_TIMESTAMP,DEFECT_STATUS) VALUES ('K20C24205999     ',null,'JDJC4005999         ',0,'HCM 03AE201810190120','HCM 01201810034502','K5BBLF900             ',{d '2018-10-19'},'AE1SS1          ',{d '2018-10-19'},null,null,0,'AE0EN16101      ',1,0,0,'K5DJCA0               ',{ts '2018-10-13 10:50:48.616060'},{ts '2018-10-19 13:12:32.440786'},null);
INSERT INTO "GALADM"."GAL131TBX" (PRODUCT_ID,VIN,MISSION_SERIAL_NO,ENGINE_FIRING_FLAG,PRODUCTION_LOT,KD_LOT_NUMBER,PRODUCT_SPEC_CODE,PLAN_OFF_DATE,TRACKING_STATUS,PRODUCTION_DATE,PRODUCT_START_DATE,ACTUAL_OFF_DATE,AUTO_HOLD_STATUS,LAST_PASSING_PROCESS_POINT_ID,MISSION_STATUS,FIRING_TYPE,REPAIR_FLAG,ACTUAL_MISSION_TYPE,CREATE_TIMESTAMP,UPDATE_TIMESTAMP,DEFECT_STATUS) VALUES ('K20C24206000     ',null,'JDJC4006016         ',0,'HCM 03AE201810190120','HCM 01201810034502','K5BBLF900             ',{d '2018-10-19'},'AE1SS1          ',{d '2018-10-19'},null,null,0,'AE0EN16101      ',1,0,0,'K5DJCA0               ',{ts '2018-10-13 10:50:48.616148'},{ts '2018-10-19 13:12:32.470572'},null);
INSERT INTO "GALADM"."GAL131TBX" (PRODUCT_ID,VIN,MISSION_SERIAL_NO,ENGINE_FIRING_FLAG,PRODUCTION_LOT,KD_LOT_NUMBER,PRODUCT_SPEC_CODE,PLAN_OFF_DATE,TRACKING_STATUS,PRODUCTION_DATE,PRODUCT_START_DATE,ACTUAL_OFF_DATE,AUTO_HOLD_STATUS,LAST_PASSING_PROCESS_POINT_ID,MISSION_STATUS,FIRING_TYPE,REPAIR_FLAG,ACTUAL_MISSION_TYPE,CREATE_TIMESTAMP,UPDATE_TIMESTAMP,DEFECT_STATUS) VALUES ('K20C24206001     ',null,'JDJC4006018         ',0,'HCM 03AE201810190120','HCM 01201810034502','K5BBLF900             ',{d '2018-10-19'},'AE1SS1          ',{d '2018-10-19'},null,null,0,'AE0EN16101      ',1,0,0,'K5DJCA0               ',{ts '2018-10-13 10:50:48.616233'},{ts '2018-10-19 13:12:32.507508'},null);
INSERT INTO "GALADM"."GAL131TBX" (PRODUCT_ID,VIN,MISSION_SERIAL_NO,ENGINE_FIRING_FLAG,PRODUCTION_LOT,KD_LOT_NUMBER,PRODUCT_SPEC_CODE,PLAN_OFF_DATE,TRACKING_STATUS,PRODUCTION_DATE,PRODUCT_START_DATE,ACTUAL_OFF_DATE,AUTO_HOLD_STATUS,LAST_PASSING_PROCESS_POINT_ID,MISSION_STATUS,FIRING_TYPE,REPAIR_FLAG,ACTUAL_MISSION_TYPE,CREATE_TIMESTAMP,UPDATE_TIMESTAMP,DEFECT_STATUS) VALUES ('K20C24206002     ',null,'JDJC4006012         ',0,'HCM 03AE201810190120','HCM 01201810034502','K5BBLF900             ',{d '2018-10-19'},'AE1SS1          ',{d '2018-10-19'},null,null,0,'AE0EN16101      ',1,0,0,'K5DJCA0               ',{ts '2018-10-13 10:50:48.616302'},{ts '2018-10-19 13:12:32.556810'},null);
INSERT INTO "GALADM"."GAL131TBX" (PRODUCT_ID,VIN,MISSION_SERIAL_NO,ENGINE_FIRING_FLAG,PRODUCTION_LOT,KD_LOT_NUMBER,PRODUCT_SPEC_CODE,PLAN_OFF_DATE,TRACKING_STATUS,PRODUCTION_DATE,PRODUCT_START_DATE,ACTUAL_OFF_DATE,AUTO_HOLD_STATUS,LAST_PASSING_PROCESS_POINT_ID,MISSION_STATUS,FIRING_TYPE,REPAIR_FLAG,ACTUAL_MISSION_TYPE,CREATE_TIMESTAMP,UPDATE_TIMESTAMP,DEFECT_STATUS) VALUES ('K20C24206003     ',null,'JDJC4006015         ',0,'HCM 03AE201810190130','HCM 01201810034501','K5BBAF900             ',{d '2018-10-19'},'AE1SS1          ',{d '2018-10-19'},null,null,0,'AE0EN16101      ',1,0,0,'K5DJCA0               ',{ts '2018-10-13 10:50:49.705331'},{ts '2018-10-17 14:39:47.850855'},null);
INSERT INTO "GALADM"."GAL131TBX" (PRODUCT_ID,VIN,MISSION_SERIAL_NO,ENGINE_FIRING_FLAG,PRODUCTION_LOT,KD_LOT_NUMBER,PRODUCT_SPEC_CODE,PLAN_OFF_DATE,TRACKING_STATUS,PRODUCTION_DATE,PRODUCT_START_DATE,ACTUAL_OFF_DATE,AUTO_HOLD_STATUS,LAST_PASSING_PROCESS_POINT_ID,MISSION_STATUS,FIRING_TYPE,REPAIR_FLAG,ACTUAL_MISSION_TYPE,CREATE_TIMESTAMP,UPDATE_TIMESTAMP,DEFECT_STATUS) VALUES ('K20C24206004     ',null,'JDJC4006013         ',0,'HCM 03AE201810190130','HCM 01201810034501','K5BBAF900             ',{d '2018-10-19'},'AE1SS1          ',{d '2018-10-19'},null,null,0,'AE0EN16101      ',1,0,0,'K5DJCA0               ',{ts '2018-10-13 10:50:49.705518'},{ts '2018-10-17 14:39:47.900777'},null);
INSERT INTO "GALADM"."GAL131TBX" (PRODUCT_ID,VIN,MISSION_SERIAL_NO,ENGINE_FIRING_FLAG,PRODUCTION_LOT,KD_LOT_NUMBER,PRODUCT_SPEC_CODE,PLAN_OFF_DATE,TRACKING_STATUS,PRODUCTION_DATE,PRODUCT_START_DATE,ACTUAL_OFF_DATE,AUTO_HOLD_STATUS,LAST_PASSING_PROCESS_POINT_ID,MISSION_STATUS,FIRING_TYPE,REPAIR_FLAG,ACTUAL_MISSION_TYPE,CREATE_TIMESTAMP,UPDATE_TIMESTAMP,DEFECT_STATUS) VALUES ('K20C24206005     ',null,'JDJC4004024         ',0,'HCM 03AE201810190130','HCM 01201810034501','K5BBAF900             ',{d '2018-10-19'},'AE1SS1          ',{d '2018-10-19'},null,null,0,'AE0EN16101      ',1,0,0,'K5DJCA0               ',{ts '2018-10-13 10:50:49.705611'},{ts '2018-10-17 14:39:47.967861'},null);
INSERT INTO "GALADM"."GAL131TBX" (PRODUCT_ID,VIN,MISSION_SERIAL_NO,ENGINE_FIRING_FLAG,PRODUCTION_LOT,KD_LOT_NUMBER,PRODUCT_SPEC_CODE,PLAN_OFF_DATE,TRACKING_STATUS,PRODUCTION_DATE,PRODUCT_START_DATE,ACTUAL_OFF_DATE,AUTO_HOLD_STATUS,LAST_PASSING_PROCESS_POINT_ID,MISSION_STATUS,FIRING_TYPE,REPAIR_FLAG,ACTUAL_MISSION_TYPE,CREATE_TIMESTAMP,UPDATE_TIMESTAMP,DEFECT_STATUS) VALUES ('K20C24206006     ',null,'JDJC4004023         ',0,'HCM 03AE201810190130','HCM 01201810034501','K5BBAF900             ',{d '2018-10-19'},'AE1SS1          ',{d '2018-10-19'},null,null,0,'AE0EN16101      ',1,0,0,'K5DJCA0               ',{ts '2018-10-13 10:50:49.705680'},{ts '2018-10-17 14:39:48.000618'},null);
INSERT INTO "GALADM"."GAL131TBX" (PRODUCT_ID,VIN,MISSION_SERIAL_NO,ENGINE_FIRING_FLAG,PRODUCTION_LOT,KD_LOT_NUMBER,PRODUCT_SPEC_CODE,PLAN_OFF_DATE,TRACKING_STATUS,PRODUCTION_DATE,PRODUCT_START_DATE,ACTUAL_OFF_DATE,AUTO_HOLD_STATUS,LAST_PASSING_PROCESS_POINT_ID,MISSION_STATUS,FIRING_TYPE,REPAIR_FLAG,ACTUAL_MISSION_TYPE,CREATE_TIMESTAMP,UPDATE_TIMESTAMP,DEFECT_STATUS) VALUES ('K20C24206007     ',null,'JDJC4004019         ',0,'HCM 03AE201810190130','HCM 01201810034501','K5BBAF900             ',{d '2018-10-19'},'AE1SS1          ',{d '2018-10-19'},null,null,0,'AE0EN16101      ',1,0,0,'K5DJCA0               ',{ts '2018-10-13 10:50:49.705804'},{ts '2018-10-17 14:39:48.040907'},null);
INSERT INTO "GALADM"."GAL131TBX" (PRODUCT_ID,VIN,MISSION_SERIAL_NO,ENGINE_FIRING_FLAG,PRODUCTION_LOT,KD_LOT_NUMBER,PRODUCT_SPEC_CODE,PLAN_OFF_DATE,TRACKING_STATUS,PRODUCTION_DATE,PRODUCT_START_DATE,ACTUAL_OFF_DATE,AUTO_HOLD_STATUS,LAST_PASSING_PROCESS_POINT_ID,MISSION_STATUS,FIRING_TYPE,REPAIR_FLAG,ACTUAL_MISSION_TYPE,CREATE_TIMESTAMP,UPDATE_TIMESTAMP,DEFECT_STATUS) VALUES ('K20C24206008     ',null,'JDJC4004021         ',0,'HCM 03AE201810190130','HCM 01201810034501','K5BBAF900             ',{d '2018-10-19'},'AE1SS1          ',{d '2018-10-19'},null,null,0,'AE0EN16101      ',1,0,0,'K5DJCA0               ',{ts '2018-10-13 10:50:49.705882'},{ts '2018-10-17 14:39:48.079357'},null);
INSERT INTO "GALADM"."GAL131TBX" (PRODUCT_ID,VIN,MISSION_SERIAL_NO,ENGINE_FIRING_FLAG,PRODUCTION_LOT,KD_LOT_NUMBER,PRODUCT_SPEC_CODE,PLAN_OFF_DATE,TRACKING_STATUS,PRODUCTION_DATE,PRODUCT_START_DATE,ACTUAL_OFF_DATE,AUTO_HOLD_STATUS,LAST_PASSING_PROCESS_POINT_ID,MISSION_STATUS,FIRING_TYPE,REPAIR_FLAG,ACTUAL_MISSION_TYPE,CREATE_TIMESTAMP,UPDATE_TIMESTAMP,DEFECT_STATUS) VALUES ('K20C24206009     ',null,'JDJC4003777         ',0,'HCM 03AE201810190130','HCM 01201810034501','K5BBAF900             ',{d '2018-10-19'},'AE1SS1          ',{d '2018-10-19'},null,null,0,'AE0EN16101      ',1,0,0,'K5DJCA0               ',{ts '2018-10-13 10:50:49.705968'},{ts '2018-10-17 14:39:48.127058'},null);
INSERT INTO "GALADM"."GAL131TBX" (PRODUCT_ID,VIN,MISSION_SERIAL_NO,ENGINE_FIRING_FLAG,PRODUCTION_LOT,KD_LOT_NUMBER,PRODUCT_SPEC_CODE,PLAN_OFF_DATE,TRACKING_STATUS,PRODUCTION_DATE,PRODUCT_START_DATE,ACTUAL_OFF_DATE,AUTO_HOLD_STATUS,LAST_PASSING_PROCESS_POINT_ID,MISSION_STATUS,FIRING_TYPE,REPAIR_FLAG,ACTUAL_MISSION_TYPE,CREATE_TIMESTAMP,UPDATE_TIMESTAMP,DEFECT_STATUS) VALUES ('K20C24206010     ',null,'JDJC4003776         ',0,'HCM 03AE201810190130','HCM 01201810034501','K5BBAF900             ',{d '2018-10-19'},'AE1SS1          ',{d '2018-10-19'},null,null,0,'AE0EN16101      ',1,0,0,'K5DJCA0               ',{ts '2018-10-13 10:50:49.706036'},{ts '2018-10-17 14:39:48.179763'},null);
INSERT INTO "GALADM"."GAL131TBX" (PRODUCT_ID,VIN,MISSION_SERIAL_NO,ENGINE_FIRING_FLAG,PRODUCTION_LOT,KD_LOT_NUMBER,PRODUCT_SPEC_CODE,PLAN_OFF_DATE,TRACKING_STATUS,PRODUCTION_DATE,PRODUCT_START_DATE,ACTUAL_OFF_DATE,AUTO_HOLD_STATUS,LAST_PASSING_PROCESS_POINT_ID,MISSION_STATUS,FIRING_TYPE,REPAIR_FLAG,ACTUAL_MISSION_TYPE,CREATE_TIMESTAMP,UPDATE_TIMESTAMP,DEFECT_STATUS) VALUES ('K20C24206011     ',null,'JDJC4003779         ',0,'HCM 03AE201810190130','HCM 01201810034501','K5BBAF900             ',{d '2018-10-19'},'AE1SS1          ',{d '2018-10-19'},null,null,0,'AE0EN16101      ',1,0,0,'K5DJCA0               ',{ts '2018-10-13 10:50:49.715888'},{ts '2018-10-17 14:39:48.223962'},null);
INSERT INTO "GALADM"."GAL131TBX" (PRODUCT_ID,VIN,MISSION_SERIAL_NO,ENGINE_FIRING_FLAG,PRODUCTION_LOT,KD_LOT_NUMBER,PRODUCT_SPEC_CODE,PLAN_OFF_DATE,TRACKING_STATUS,PRODUCTION_DATE,PRODUCT_START_DATE,ACTUAL_OFF_DATE,AUTO_HOLD_STATUS,LAST_PASSING_PROCESS_POINT_ID,MISSION_STATUS,FIRING_TYPE,REPAIR_FLAG,ACTUAL_MISSION_TYPE,CREATE_TIMESTAMP,UPDATE_TIMESTAMP,DEFECT_STATUS) VALUES ('K20C24206012     ',null,'JDJC4003772         ',0,'HCM 03AE201810190130','HCM 01201810034501','K5BBAF900             ',{d '2018-10-19'},'AE1SS1          ',{d '2018-10-19'},null,null,0,'AE0EN16101      ',1,0,0,'K5DJCA0               ',{ts '2018-10-13 10:50:49.715966'},{ts '2018-10-17 14:39:48.289730'},null);
INSERT INTO "GALADM"."GAL131TBX" (PRODUCT_ID,VIN,MISSION_SERIAL_NO,ENGINE_FIRING_FLAG,PRODUCTION_LOT,KD_LOT_NUMBER,PRODUCT_SPEC_CODE,PLAN_OFF_DATE,TRACKING_STATUS,PRODUCTION_DATE,PRODUCT_START_DATE,ACTUAL_OFF_DATE,AUTO_HOLD_STATUS,LAST_PASSING_PROCESS_POINT_ID,MISSION_STATUS,FIRING_TYPE,REPAIR_FLAG,ACTUAL_MISSION_TYPE,CREATE_TIMESTAMP,UPDATE_TIMESTAMP,DEFECT_STATUS) VALUES ('K20C24206013     ',null,'JDJC4003775         ',0,'HCM 03AE201810190130','HCM 01201810034501','K5BBAF900             ',{d '2018-10-19'},'AE1SS1          ',{d '2018-10-19'},null,null,0,'AE0EN16101      ',1,0,0,'K5DJCA0               ',{ts '2018-10-13 10:50:49.730204'},{ts '2018-10-17 14:39:48.327816'},null);
INSERT INTO "GALADM"."GAL131TBX" (PRODUCT_ID,VIN,MISSION_SERIAL_NO,ENGINE_FIRING_FLAG,PRODUCTION_LOT,KD_LOT_NUMBER,PRODUCT_SPEC_CODE,PLAN_OFF_DATE,TRACKING_STATUS,PRODUCTION_DATE,PRODUCT_START_DATE,ACTUAL_OFF_DATE,AUTO_HOLD_STATUS,LAST_PASSING_PROCESS_POINT_ID,MISSION_STATUS,FIRING_TYPE,REPAIR_FLAG,ACTUAL_MISSION_TYPE,CREATE_TIMESTAMP,UPDATE_TIMESTAMP,DEFECT_STATUS) VALUES ('K20C24206014     ',null,'JDJC4003774         ',0,'HCM 03AE201810190130','HCM 01201810034501','K5BBAF900             ',{d '2018-10-19'},'AE1SS1          ',{d '2018-10-19'},null,null,0,'AE0EN16101      ',1,0,0,'K5DJCA0               ',{ts '2018-10-13 10:50:49.730331'},{ts '2018-10-17 14:39:48.381681'},null);
INSERT INTO "GALADM"."GAL131TBX" (PRODUCT_ID,VIN,MISSION_SERIAL_NO,ENGINE_FIRING_FLAG,PRODUCTION_LOT,KD_LOT_NUMBER,PRODUCT_SPEC_CODE,PLAN_OFF_DATE,TRACKING_STATUS,PRODUCTION_DATE,PRODUCT_START_DATE,ACTUAL_OFF_DATE,AUTO_HOLD_STATUS,LAST_PASSING_PROCESS_POINT_ID,MISSION_STATUS,FIRING_TYPE,REPAIR_FLAG,ACTUAL_MISSION_TYPE,CREATE_TIMESTAMP,UPDATE_TIMESTAMP,DEFECT_STATUS) VALUES ('K20C24206015     ',null,'JDJC4006113         ',0,'HCM 03AE201810190140','HCM 01201810034401','K5BBAF900             ',{d '2018-10-19'},'AE1SS1          ',{d '2018-10-19'},null,null,0,'AE0EN16101      ',1,0,0,'K5DJCA0               ',{ts '2018-10-13 10:50:50.807047'},{ts '2018-10-17 14:39:48.431737'},null);
INSERT INTO "GALADM"."GAL131TBX" (PRODUCT_ID,VIN,MISSION_SERIAL_NO,ENGINE_FIRING_FLAG,PRODUCTION_LOT,KD_LOT_NUMBER,PRODUCT_SPEC_CODE,PLAN_OFF_DATE,TRACKING_STATUS,PRODUCTION_DATE,PRODUCT_START_DATE,ACTUAL_OFF_DATE,AUTO_HOLD_STATUS,LAST_PASSING_PROCESS_POINT_ID,MISSION_STATUS,FIRING_TYPE,REPAIR_FLAG,ACTUAL_MISSION_TYPE,CREATE_TIMESTAMP,UPDATE_TIMESTAMP,DEFECT_STATUS) VALUES ('K20C24206016     ',null,'JDJC4006114         ',0,'HCM 03AE201810190140','HCM 01201810034401','K5BBAF900             ',{d '2018-10-19'},'AE1SS1          ',{d '2018-10-19'},null,null,0,'AE0EN16101      ',1,0,0,'K5DJCA0               ',{ts '2018-10-13 10:50:50.807238'},{ts '2018-10-17 14:39:48.481846'},null);
INSERT INTO "GALADM"."GAL131TBX" (PRODUCT_ID,VIN,MISSION_SERIAL_NO,ENGINE_FIRING_FLAG,PRODUCTION_LOT,KD_LOT_NUMBER,PRODUCT_SPEC_CODE,PLAN_OFF_DATE,TRACKING_STATUS,PRODUCTION_DATE,PRODUCT_START_DATE,ACTUAL_OFF_DATE,AUTO_HOLD_STATUS,LAST_PASSING_PROCESS_POINT_ID,MISSION_STATUS,FIRING_TYPE,REPAIR_FLAG,ACTUAL_MISSION_TYPE,CREATE_TIMESTAMP,UPDATE_TIMESTAMP,DEFECT_STATUS) VALUES ('K20C24206017     ',null,'JDJC4006112         ',0,'HCM 03AE201810190140','HCM 01201810034401','K5BBAF900             ',{d '2018-10-19'},'AE1SS1          ',{d '2018-10-19'},null,null,0,'AE0EN16101      ',1,0,0,'K5DJCA0               ',{ts '2018-10-13 10:50:50.807355'},{ts '2018-10-17 14:39:48.517165'},null);
INSERT INTO "GALADM"."GAL131TBX" (PRODUCT_ID,VIN,MISSION_SERIAL_NO,ENGINE_FIRING_FLAG,PRODUCTION_LOT,KD_LOT_NUMBER,PRODUCT_SPEC_CODE,PLAN_OFF_DATE,TRACKING_STATUS,PRODUCTION_DATE,PRODUCT_START_DATE,ACTUAL_OFF_DATE,AUTO_HOLD_STATUS,LAST_PASSING_PROCESS_POINT_ID,MISSION_STATUS,FIRING_TYPE,REPAIR_FLAG,ACTUAL_MISSION_TYPE,CREATE_TIMESTAMP,UPDATE_TIMESTAMP,DEFECT_STATUS) VALUES ('K20C24206018     ',null,'JDJC4006129         ',0,'HCM 03AE201810190140','HCM 01201810034401','K5BBAF900             ',{d '2018-10-19'},'AE1SS1          ',{d '2018-10-19'},null,null,0,'AE0EN16101      ',1,0,0,'K5DJCA0               ',{ts '2018-10-13 10:50:50.807460'},{ts '2018-10-17 14:39:48.553677'},null);
INSERT INTO "GALADM"."GAL131TBX" (PRODUCT_ID,VIN,MISSION_SERIAL_NO,ENGINE_FIRING_FLAG,PRODUCTION_LOT,KD_LOT_NUMBER,PRODUCT_SPEC_CODE,PLAN_OFF_DATE,TRACKING_STATUS,PRODUCTION_DATE,PRODUCT_START_DATE,ACTUAL_OFF_DATE,AUTO_HOLD_STATUS,LAST_PASSING_PROCESS_POINT_ID,MISSION_STATUS,FIRING_TYPE,REPAIR_FLAG,ACTUAL_MISSION_TYPE,CREATE_TIMESTAMP,UPDATE_TIMESTAMP,DEFECT_STATUS) VALUES ('K20C24206019     ',null,'JDJC4006110         ',0,'HCM 03AE201810190140','HCM 01201810034401','K5BBAF900             ',{d '2018-10-19'},'AE1SS1          ',{d '2018-10-19'},null,null,0,'AE0EN16101      ',1,0,0,'K5DJCA0               ',{ts '2018-10-13 10:50:50.807549'},{ts '2018-10-17 14:39:48.586962'},null);
INSERT INTO "GALADM"."GAL131TBX" (PRODUCT_ID,VIN,MISSION_SERIAL_NO,ENGINE_FIRING_FLAG,PRODUCTION_LOT,KD_LOT_NUMBER,PRODUCT_SPEC_CODE,PLAN_OFF_DATE,TRACKING_STATUS,PRODUCTION_DATE,PRODUCT_START_DATE,ACTUAL_OFF_DATE,AUTO_HOLD_STATUS,LAST_PASSING_PROCESS_POINT_ID,MISSION_STATUS,FIRING_TYPE,REPAIR_FLAG,ACTUAL_MISSION_TYPE,CREATE_TIMESTAMP,UPDATE_TIMESTAMP,DEFECT_STATUS) VALUES ('K20C24206020     ',null,'JDJC4006133         ',0,'HCM 03AE201810190140','HCM 01201810034401','K5BBAF900             ',{d '2018-10-19'},'AE1SS1          ',{d '2018-10-19'},null,null,0,'AE0EN16101      ',1,0,0,'K5DJCA0               ',{ts '2018-10-13 10:50:50.807637'},{ts '2018-10-17 18:07:23.224984'},null);
INSERT INTO "GALADM"."GAL131TBX" (PRODUCT_ID,VIN,MISSION_SERIAL_NO,ENGINE_FIRING_FLAG,PRODUCTION_LOT,KD_LOT_NUMBER,PRODUCT_SPEC_CODE,PLAN_OFF_DATE,TRACKING_STATUS,PRODUCTION_DATE,PRODUCT_START_DATE,ACTUAL_OFF_DATE,AUTO_HOLD_STATUS,LAST_PASSING_PROCESS_POINT_ID,MISSION_STATUS,FIRING_TYPE,REPAIR_FLAG,ACTUAL_MISSION_TYPE,CREATE_TIMESTAMP,UPDATE_TIMESTAMP,DEFECT_STATUS) VALUES ('K20C24206021     ',null,'JDJC4006132         ',0,'HCM 03AE201810190140','HCM 01201810034401','K5BBAF900             ',{d '2018-10-19'},'AE1SS1          ',{d '2018-10-19'},null,null,0,'AE0EN16101      ',1,0,0,'K5DJCA0               ',{ts '2018-10-13 10:50:50.807771'},{ts '2018-10-17 14:39:48.621237'},null);
INSERT INTO "GALADM"."GAL131TBX" (PRODUCT_ID,VIN,MISSION_SERIAL_NO,ENGINE_FIRING_FLAG,PRODUCTION_LOT,KD_LOT_NUMBER,PRODUCT_SPEC_CODE,PLAN_OFF_DATE,TRACKING_STATUS,PRODUCTION_DATE,PRODUCT_START_DATE,ACTUAL_OFF_DATE,AUTO_HOLD_STATUS,LAST_PASSING_PROCESS_POINT_ID,MISSION_STATUS,FIRING_TYPE,REPAIR_FLAG,ACTUAL_MISSION_TYPE,CREATE_TIMESTAMP,UPDATE_TIMESTAMP,DEFECT_STATUS) VALUES ('K20C24206022     ',null,'JDJC4006131         ',0,'HCM 03AE201810190140','HCM 01201810034401','K5BBAF900             ',{d '2018-10-19'},'AE1SS1          ',{d '2018-10-19'},null,null,0,'AE0EN16101      ',1,0,0,'K5DJCA0               ',{ts '2018-10-13 10:50:50.807870'},{ts '2018-10-17 14:39:48.662448'},null);
INSERT INTO "GALADM"."GAL131TBX" (PRODUCT_ID,VIN,MISSION_SERIAL_NO,ENGINE_FIRING_FLAG,PRODUCTION_LOT,KD_LOT_NUMBER,PRODUCT_SPEC_CODE,PLAN_OFF_DATE,TRACKING_STATUS,PRODUCTION_DATE,PRODUCT_START_DATE,ACTUAL_OFF_DATE,AUTO_HOLD_STATUS,LAST_PASSING_PROCESS_POINT_ID,MISSION_STATUS,FIRING_TYPE,REPAIR_FLAG,ACTUAL_MISSION_TYPE,CREATE_TIMESTAMP,UPDATE_TIMESTAMP,DEFECT_STATUS) VALUES ('K20C24206023     ',null,'JDJC4006134         ',0,'HCM 03AE201810190140','HCM 01201810034401','K5BBAF900             ',{d '2018-10-19'},'AE1SS1          ',{d '2018-10-19'},null,null,0,'AE0EN16101      ',1,0,0,'K5DJCA0               ',{ts '2018-10-13 10:50:50.807959'},{ts '2018-10-17 14:39:48.714865'},null);
INSERT INTO "GALADM"."GAL131TBX" (PRODUCT_ID,VIN,MISSION_SERIAL_NO,ENGINE_FIRING_FLAG,PRODUCTION_LOT,KD_LOT_NUMBER,PRODUCT_SPEC_CODE,PLAN_OFF_DATE,TRACKING_STATUS,PRODUCTION_DATE,PRODUCT_START_DATE,ACTUAL_OFF_DATE,AUTO_HOLD_STATUS,LAST_PASSING_PROCESS_POINT_ID,MISSION_STATUS,FIRING_TYPE,REPAIR_FLAG,ACTUAL_MISSION_TYPE,CREATE_TIMESTAMP,UPDATE_TIMESTAMP,DEFECT_STATUS) VALUES ('K20C24206024     ',null,'JDJC4006130         ',0,'HCM 03AE201810190140','HCM 01201810034401','K5BBAF900             ',{d '2018-10-19'},'AE1SS1         ',{d '2018-10-19'},null,null,0,'AE0EN161011      ',1,0,0,'K5DJCA0               ',{ts '2018-10-13 10:50:50.808047'},{ts '2018-10-17 14:07:36.129290'},null);
INSERT INTO "GALADM"."GAL131TBX" (PRODUCT_ID,VIN,MISSION_SERIAL_NO,ENGINE_FIRING_FLAG,PRODUCTION_LOT,KD_LOT_NUMBER,PRODUCT_SPEC_CODE,PLAN_OFF_DATE,TRACKING_STATUS,PRODUCTION_DATE,PRODUCT_START_DATE,ACTUAL_OFF_DATE,AUTO_HOLD_STATUS,LAST_PASSING_PROCESS_POINT_ID,MISSION_STATUS,FIRING_TYPE,REPAIR_FLAG,ACTUAL_MISSION_TYPE,CREATE_TIMESTAMP,UPDATE_TIMESTAMP,DEFECT_STATUS) VALUES ('K20C24206025     ',null,'JDJC4003974         ',0,'HCM 03AE201810190140','HCM 01201810034401','K5BBAF900             ',{d '2018-10-19'},'AE1SS1          ',{d '2018-10-19'},null,null,0,'AE0EN16101      ',1,0,0,'K5DJCA0               ',{ts '2018-10-13 10:50:50.808163'},{ts '2018-10-17 14:39:48.771548'},null);
INSERT INTO "GALADM"."GAL131TBX" (PRODUCT_ID,VIN,MISSION_SERIAL_NO,ENGINE_FIRING_FLAG,PRODUCTION_LOT,KD_LOT_NUMBER,PRODUCT_SPEC_CODE,PLAN_OFF_DATE,TRACKING_STATUS,PRODUCTION_DATE,PRODUCT_START_DATE,ACTUAL_OFF_DATE,AUTO_HOLD_STATUS,LAST_PASSING_PROCESS_POINT_ID,MISSION_STATUS,FIRING_TYPE,REPAIR_FLAG,ACTUAL_MISSION_TYPE,CREATE_TIMESTAMP,UPDATE_TIMESTAMP,DEFECT_STATUS) VALUES ('K20C24206026     ',null,'JDJC4003977         ',0,'HCM 03AE201810190140','HCM 01201810034401','K5BBAF900             ',{d '2018-10-19'},'AE1SS1          ',{d '2018-10-19'},null,null,0,'AE0EN16101      ',1,0,0,'K5DJCA0               ',{ts '2018-10-13 10:50:50.808276'},{ts '2018-10-17 14:39:48.833479'},null);
INSERT INTO "GALADM"."GAL131TBX" (PRODUCT_ID,VIN,MISSION_SERIAL_NO,ENGINE_FIRING_FLAG,PRODUCTION_LOT,KD_LOT_NUMBER,PRODUCT_SPEC_CODE,PLAN_OFF_DATE,TRACKING_STATUS,PRODUCTION_DATE,PRODUCT_START_DATE,ACTUAL_OFF_DATE,AUTO_HOLD_STATUS,LAST_PASSING_PROCESS_POINT_ID,MISSION_STATUS,FIRING_TYPE,REPAIR_FLAG,ACTUAL_MISSION_TYPE,CREATE_TIMESTAMP,UPDATE_TIMESTAMP,DEFECT_STATUS) VALUES ('K20C24206027     ',null,'JDJC4003972         ',0,'HCM 03AE201810190140','HCM 01201810034401','K5BBAF900             ',{d '2018-10-19'},'AE1SS1          ',{d '2018-10-19'},null,null,0,'AE0EN16101      ',1,0,0,'K5DJCA0               ',{ts '2018-10-13 10:50:50.808387'},{ts '2018-10-17 14:39:48.892477'},null);
INSERT INTO "GALADM"."GAL131TBX" (PRODUCT_ID,VIN,MISSION_SERIAL_NO,ENGINE_FIRING_FLAG,PRODUCTION_LOT,KD_LOT_NUMBER,PRODUCT_SPEC_CODE,PLAN_OFF_DATE,TRACKING_STATUS,PRODUCTION_DATE,PRODUCT_START_DATE,ACTUAL_OFF_DATE,AUTO_HOLD_STATUS,LAST_PASSING_PROCESS_POINT_ID,MISSION_STATUS,FIRING_TYPE,REPAIR_FLAG,ACTUAL_MISSION_TYPE,CREATE_TIMESTAMP,UPDATE_TIMESTAMP,DEFECT_STATUS) VALUES ('K20C24206028     ',null,'JDJC4003953         ',0,'HCM 03AE201810190140','HCM 01201810034401','K5BBAF900             ',{d '2018-10-19'},'AE1SS1          ',{d '2018-10-19'},null,null,0,'AE0EN16101      ',1,0,0,'K5DJCA0               ',{ts '2018-10-13 10:50:50.808484'},{ts '2018-10-17 14:39:48.930399'},null);
INSERT INTO "GALADM"."GAL131TBX" (PRODUCT_ID,VIN,MISSION_SERIAL_NO,ENGINE_FIRING_FLAG,PRODUCTION_LOT,KD_LOT_NUMBER,PRODUCT_SPEC_CODE,PLAN_OFF_DATE,TRACKING_STATUS,PRODUCTION_DATE,PRODUCT_START_DATE,ACTUAL_OFF_DATE,AUTO_HOLD_STATUS,LAST_PASSING_PROCESS_POINT_ID,MISSION_STATUS,FIRING_TYPE,REPAIR_FLAG,ACTUAL_MISSION_TYPE,CREATE_TIMESTAMP,UPDATE_TIMESTAMP,DEFECT_STATUS) VALUES ('K20C24206029     ',null,'JDJC4003973         ',0,'HCM 03AE201810190140','HCM 01201810034401','K5BBAF900             ',{d '2018-10-19'},'AE1SS1          ',{d '2018-10-19'},null,null,0,'AE0EN16101      ',1,0,0,'K5DJCA0               ',{ts '2018-10-13 10:50:50.808574'},{ts '2018-10-17 14:39:48.991096'},null);
INSERT INTO "GALADM"."GAL131TBX" (PRODUCT_ID,VIN,MISSION_SERIAL_NO,ENGINE_FIRING_FLAG,PRODUCTION_LOT,KD_LOT_NUMBER,PRODUCT_SPEC_CODE,PLAN_OFF_DATE,TRACKING_STATUS,PRODUCTION_DATE,PRODUCT_START_DATE,ACTUAL_OFF_DATE,AUTO_HOLD_STATUS,LAST_PASSING_PROCESS_POINT_ID,MISSION_STATUS,FIRING_TYPE,REPAIR_FLAG,ACTUAL_MISSION_TYPE,CREATE_TIMESTAMP,UPDATE_TIMESTAMP,DEFECT_STATUS) VALUES ('K20C24206030     ',null,'JDJC4003957         ',0,'HCM 03AE201810190140','HCM 01201810034401','K5BBAF900             ',{d '2018-10-19'},'AE1SS1          ',{d '2018-10-19'},null,null,0,'AE0EN16101      ',1,0,0,'K5DJCA0               ',{ts '2018-10-13 10:50:50.808663'},{ts '2018-10-17 14:39:49.048508'},null);
INSERT INTO "GALADM"."GAL131TBX" (PRODUCT_ID,VIN,MISSION_SERIAL_NO,ENGINE_FIRING_FLAG,PRODUCTION_LOT,KD_LOT_NUMBER,PRODUCT_SPEC_CODE,PLAN_OFF_DATE,TRACKING_STATUS,PRODUCTION_DATE,PRODUCT_START_DATE,ACTUAL_OFF_DATE,AUTO_HOLD_STATUS,LAST_PASSING_PROCESS_POINT_ID,MISSION_STATUS,FIRING_TYPE,REPAIR_FLAG,ACTUAL_MISSION_TYPE,CREATE_TIMESTAMP,UPDATE_TIMESTAMP,DEFECT_STATUS) VALUES ('K20C24206031     ',null,'JDJC4003955         ',0,'HCM 03AE201810190140','HCM 01201810034401','K5BBAF900             ',{d '2018-10-19'},'AE1SS1          ',{d '2018-10-19'},null,null,0,'AE0EN16101      ',1,0,0,'K5DJCA0               ',{ts '2018-10-13 10:50:50.808752'},{ts '2018-10-17 14:39:49.091437'},null);
INSERT INTO "GALADM"."GAL131TBX" (PRODUCT_ID,VIN,MISSION_SERIAL_NO,ENGINE_FIRING_FLAG,PRODUCTION_LOT,KD_LOT_NUMBER,PRODUCT_SPEC_CODE,PLAN_OFF_DATE,TRACKING_STATUS,PRODUCTION_DATE,PRODUCT_START_DATE,ACTUAL_OFF_DATE,AUTO_HOLD_STATUS,LAST_PASSING_PROCESS_POINT_ID,MISSION_STATUS,FIRING_TYPE,REPAIR_FLAG,ACTUAL_MISSION_TYPE,CREATE_TIMESTAMP,UPDATE_TIMESTAMP,DEFECT_STATUS) VALUES ('K20C24206032     ',null,'JDJC4003956         ',0,'HCM 03AE201810190140','HCM 01201810034401','K5BBAF900             ',{d '2018-10-19'},'AE1SS1          ',{d '2018-10-19'},null,null,0,'AE0EN16101      ',1,0,0,'K5DJCA0               ',{ts '2018-10-13 10:50:50.808845'},{ts '2018-10-17 14:39:49.144334'},null);
INSERT INTO "GALADM"."GAL131TBX" (PRODUCT_ID,VIN,MISSION_SERIAL_NO,ENGINE_FIRING_FLAG,PRODUCTION_LOT,KD_LOT_NUMBER,PRODUCT_SPEC_CODE,PLAN_OFF_DATE,TRACKING_STATUS,PRODUCTION_DATE,PRODUCT_START_DATE,ACTUAL_OFF_DATE,AUTO_HOLD_STATUS,LAST_PASSING_PROCESS_POINT_ID,MISSION_STATUS,FIRING_TYPE,REPAIR_FLAG,ACTUAL_MISSION_TYPE,CREATE_TIMESTAMP,UPDATE_TIMESTAMP,DEFECT_STATUS) VALUES ('K20C24206033     ',null,'JDJC4003954         ',0,'HCM 03AE201810190140','HCM 01201810034401','K5BBAF900             ',{d '2018-10-19'},'AE1SS1          ',{d '2018-10-19'},null,null,0,'AE0EN16101      ',1,0,0,'K5DJCA0               ',{ts '2018-10-13 10:50:50.808945'},{ts '2018-10-17 14:39:49.202569'},null);
INSERT INTO "GALADM"."GAL131TBX" (PRODUCT_ID,VIN,MISSION_SERIAL_NO,ENGINE_FIRING_FLAG,PRODUCTION_LOT,KD_LOT_NUMBER,PRODUCT_SPEC_CODE,PLAN_OFF_DATE,TRACKING_STATUS,PRODUCTION_DATE,PRODUCT_START_DATE,ACTUAL_OFF_DATE,AUTO_HOLD_STATUS,LAST_PASSING_PROCESS_POINT_ID,MISSION_STATUS,FIRING_TYPE,REPAIR_FLAG,ACTUAL_MISSION_TYPE,CREATE_TIMESTAMP,UPDATE_TIMESTAMP,DEFECT_STATUS) VALUES ('K20C24206034     ',null,'JDJC4003952         ',0,'HCM 03AE201810190140','HCM 01201810034401','K5BBAF900             ',{d '2018-10-19'},'AE1SS1          ',{d '2018-10-19'},null,null,0,'AE0EN16101      ',1,0,0,'K5DJCA0               ',{ts '2018-10-13 10:50:50.809044'},{ts '2018-10-17 14:39:49.270481'},null);
INSERT INTO "GALADM"."GAL131TBX" (PRODUCT_ID,VIN,MISSION_SERIAL_NO,ENGINE_FIRING_FLAG,PRODUCTION_LOT,KD_LOT_NUMBER,PRODUCT_SPEC_CODE,PLAN_OFF_DATE,TRACKING_STATUS,PRODUCTION_DATE,PRODUCT_START_DATE,ACTUAL_OFF_DATE,AUTO_HOLD_STATUS,LAST_PASSING_PROCESS_POINT_ID,MISSION_STATUS,FIRING_TYPE,REPAIR_FLAG,ACTUAL_MISSION_TYPE,CREATE_TIMESTAMP,UPDATE_TIMESTAMP,DEFECT_STATUS) VALUES ('K20C24206035     ',null,'JDJC4006150         ',0,'HCM 03AE201810190140','HCM 01201810034401','K5BBAF900             ',{d '2018-10-19'},'AE1SS1          ',{d '2018-10-19'},null,null,0,'AE0EN16101      ',1,0,0,'K5DJCA0               ',{ts '2018-10-13 10:50:50.809155'},{ts '2018-10-17 14:39:49.316817'},null);
INSERT INTO "GALADM"."GAL131TBX" (PRODUCT_ID,VIN,MISSION_SERIAL_NO,ENGINE_FIRING_FLAG,PRODUCTION_LOT,KD_LOT_NUMBER,PRODUCT_SPEC_CODE,PLAN_OFF_DATE,TRACKING_STATUS,PRODUCTION_DATE,PRODUCT_START_DATE,ACTUAL_OFF_DATE,AUTO_HOLD_STATUS,LAST_PASSING_PROCESS_POINT_ID,MISSION_STATUS,FIRING_TYPE,REPAIR_FLAG,ACTUAL_MISSION_TYPE,CREATE_TIMESTAMP,UPDATE_TIMESTAMP,DEFECT_STATUS) VALUES ('K20C24206036     ',null,'JDJC4006151         ',0,'HCM 03AE201810190140','HCM 01201810034401','K5BBAF900             ',{d '2018-10-19'},'AE1SS1          ',{d '2018-10-19'},null,null,0,'AE0EN16101      ',1,0,0,'K5DJCA0               ',{ts '2018-10-13 10:50:50.809286'},{ts '2018-10-17 14:39:49.376035'},null);
INSERT INTO "GALADM"."GAL131TBX" (PRODUCT_ID,VIN,MISSION_SERIAL_NO,ENGINE_FIRING_FLAG,PRODUCTION_LOT,KD_LOT_NUMBER,PRODUCT_SPEC_CODE,PLAN_OFF_DATE,TRACKING_STATUS,PRODUCTION_DATE,PRODUCT_START_DATE,ACTUAL_OFF_DATE,AUTO_HOLD_STATUS,LAST_PASSING_PROCESS_POINT_ID,MISSION_STATUS,FIRING_TYPE,REPAIR_FLAG,ACTUAL_MISSION_TYPE,CREATE_TIMESTAMP,UPDATE_TIMESTAMP,DEFECT_STATUS) VALUES ('K20C24206037     ',null,'JDJC4006148         ',0,'HCM 03AE201810190140','HCM 01201810034401','K5BBAF900             ',{d '2018-10-19'},'AE1SS1          ',{d '2018-10-19'},null,null,0,'AE0EN16101      ',1,0,0,'K5DJCA0               ',{ts '2018-10-13 10:50:50.809374'},{ts '2018-10-17 14:39:49.438617'},null);
INSERT INTO "GALADM"."GAL131TBX" (PRODUCT_ID,VIN,MISSION_SERIAL_NO,ENGINE_FIRING_FLAG,PRODUCTION_LOT,KD_LOT_NUMBER,PRODUCT_SPEC_CODE,PLAN_OFF_DATE,TRACKING_STATUS,PRODUCTION_DATE,PRODUCT_START_DATE,ACTUAL_OFF_DATE,AUTO_HOLD_STATUS,LAST_PASSING_PROCESS_POINT_ID,MISSION_STATUS,FIRING_TYPE,REPAIR_FLAG,ACTUAL_MISSION_TYPE,CREATE_TIMESTAMP,UPDATE_TIMESTAMP,DEFECT_STATUS) VALUES ('K20C24206038     ',null,'JDJC4006147         ',0,'HCM 03AE201810190140','HCM 01201810034401','K5BBAF900             ',{d '2018-10-19'},'AE1SS1          ',{d '2018-10-19'},null,null,0,'AE0EN16101      ',1,0,0,'K5DJCA0               ',{ts '2018-10-13 10:50:50.809464'},{ts '2018-10-17 14:39:49.497607'},null);
INSERT INTO "GALADM"."GAL131TBX" (PRODUCT_ID,VIN,MISSION_SERIAL_NO,ENGINE_FIRING_FLAG,PRODUCTION_LOT,KD_LOT_NUMBER,PRODUCT_SPEC_CODE,PLAN_OFF_DATE,TRACKING_STATUS,PRODUCTION_DATE,PRODUCT_START_DATE,ACTUAL_OFF_DATE,AUTO_HOLD_STATUS,LAST_PASSING_PROCESS_POINT_ID,MISSION_STATUS,FIRING_TYPE,REPAIR_FLAG,ACTUAL_MISSION_TYPE,CREATE_TIMESTAMP,UPDATE_TIMESTAMP,DEFECT_STATUS) VALUES ('K20C24206039     ',null,'JDJC4004013         ',0,'HCM 03AE201810190140','HCM 01201810034401','K5BBAF900             ',{d '2018-10-19'},'AE1SS1          ',{d '2018-10-19'},null,null,0,'AE0EN16101      ',1,0,0,'K5DJCA0               ',{ts '2018-10-13 10:50:50.809605'},{ts '2018-10-17 14:39:49.563595'},null);
INSERT INTO "GALADM"."GAL131TBX" (PRODUCT_ID,VIN,MISSION_SERIAL_NO,ENGINE_FIRING_FLAG,PRODUCTION_LOT,KD_LOT_NUMBER,PRODUCT_SPEC_CODE,PLAN_OFF_DATE,TRACKING_STATUS,PRODUCTION_DATE,PRODUCT_START_DATE,ACTUAL_OFF_DATE,AUTO_HOLD_STATUS,LAST_PASSING_PROCESS_POINT_ID,MISSION_STATUS,FIRING_TYPE,REPAIR_FLAG,ACTUAL_MISSION_TYPE,CREATE_TIMESTAMP,UPDATE_TIMESTAMP,DEFECT_STATUS) VALUES ('K20C24206040     ',null,'JDJC4004016         ',0,'HCM 03AE201810190140','HCM 01201810034401','K5BBAF900             ',{d '2018-10-19'},'AE1SS1          ',{d '2018-10-19'},null,null,0,'AE0EN16101      ',1,0,0,'K5DJCA0               ',{ts '2018-10-13 10:50:50.809981'},{ts '2018-10-17 14:39:49.614265'},null);
INSERT INTO "GALADM"."GAL131TBX" (PRODUCT_ID,VIN,MISSION_SERIAL_NO,ENGINE_FIRING_FLAG,PRODUCTION_LOT,KD_LOT_NUMBER,PRODUCT_SPEC_CODE,PLAN_OFF_DATE,TRACKING_STATUS,PRODUCTION_DATE,PRODUCT_START_DATE,ACTUAL_OFF_DATE,AUTO_HOLD_STATUS,LAST_PASSING_PROCESS_POINT_ID,MISSION_STATUS,FIRING_TYPE,REPAIR_FLAG,ACTUAL_MISSION_TYPE,CREATE_TIMESTAMP,UPDATE_TIMESTAMP,DEFECT_STATUS) VALUES ('K20C24206041     ',null,'JDJC4004018         ',0,'HCM 03AE201810190140','HCM 01201810034401','K5BBAF900             ',{d '2018-10-19'},'AE1SS1          ',{d '2018-10-19'},null,null,0,'AE0EN16101      ',1,0,0,'K5DJCA0               ',{ts '2018-10-13 10:50:50.810097'},{ts '2018-10-17 14:39:49.656933'},null);
INSERT INTO "GALADM"."GAL131TBX" (PRODUCT_ID,VIN,MISSION_SERIAL_NO,ENGINE_FIRING_FLAG,PRODUCTION_LOT,KD_LOT_NUMBER,PRODUCT_SPEC_CODE,PLAN_OFF_DATE,TRACKING_STATUS,PRODUCTION_DATE,PRODUCT_START_DATE,ACTUAL_OFF_DATE,AUTO_HOLD_STATUS,LAST_PASSING_PROCESS_POINT_ID,MISSION_STATUS,FIRING_TYPE,REPAIR_FLAG,ACTUAL_MISSION_TYPE,CREATE_TIMESTAMP,UPDATE_TIMESTAMP,DEFECT_STATUS) VALUES ('K20C24206042     ',null,'JDJC4004017         ',0,'HCM 03AE201810190140','HCM 01201810034401','K5BBAF900             ',{d '2018-10-19'},'AE1SS1          ',{d '2018-10-19'},null,null,0,'AE0EN16101      ',1,0,0,'K5DJCA0               ',{ts '2018-10-13 10:50:50.810188'},{ts '2018-10-17 14:39:49.696242'},null);
INSERT INTO "GALADM"."GAL131TBX" (PRODUCT_ID,VIN,MISSION_SERIAL_NO,ENGINE_FIRING_FLAG,PRODUCTION_LOT,KD_LOT_NUMBER,PRODUCT_SPEC_CODE,PLAN_OFF_DATE,TRACKING_STATUS,PRODUCTION_DATE,PRODUCT_START_DATE,ACTUAL_OFF_DATE,AUTO_HOLD_STATUS,LAST_PASSING_PROCESS_POINT_ID,MISSION_STATUS,FIRING_TYPE,REPAIR_FLAG,ACTUAL_MISSION_TYPE,CREATE_TIMESTAMP,UPDATE_TIMESTAMP,DEFECT_STATUS) VALUES ('K20C24206043     ',null,'JDJC4004014         ',0,'HCM 03AE201810190140','HCM 01201810034401','K5BBAF900             ',{d '2018-10-19'},'AE1SS1          ',{d '2018-10-19'},null,null,0,'AE0EN16101      ',1,0,0,'K5DJCA0               ',{ts '2018-10-13 10:50:50.810300'},{ts '2018-10-17 14:39:49.761465'},null);
INSERT INTO "GALADM"."GAL131TBX" (PRODUCT_ID,VIN,MISSION_SERIAL_NO,ENGINE_FIRING_FLAG,PRODUCTION_LOT,KD_LOT_NUMBER,PRODUCT_SPEC_CODE,PLAN_OFF_DATE,TRACKING_STATUS,PRODUCTION_DATE,PRODUCT_START_DATE,ACTUAL_OFF_DATE,AUTO_HOLD_STATUS,LAST_PASSING_PROCESS_POINT_ID,MISSION_STATUS,FIRING_TYPE,REPAIR_FLAG,ACTUAL_MISSION_TYPE,CREATE_TIMESTAMP,UPDATE_TIMESTAMP,DEFECT_STATUS) VALUES ('K20C24206044     ',null,'JDJC4006152         ',0,'HCM 03AE201810190140','HCM 01201810034401','K5BBAF900             ',{d '2018-10-19'},'AE1SS1          ',{d '2018-10-19'},null,null,0,'AE0EN16101      ',1,0,0,'K5DJCA0               ',{ts '2018-10-13 10:50:50.810391'},{ts '2018-10-17 17:06:23.636401'},null);
INSERT INTO GALADM.GAL131TBX (PRODUCT_ID,VIN,MISSION_SERIAL_NO,ENGINE_FIRING_FLAG,PRODUCTION_LOT,KD_LOT_NUMBER,PRODUCT_SPEC_CODE,PLAN_OFF_DATE,TRACKING_STATUS,PRODUCTION_DATE,PRODUCT_START_DATE,ACTUAL_OFF_DATE,AUTO_HOLD_STATUS,LAST_PASSING_PROCESS_POINT_ID,MISSION_STATUS,FIRING_TYPE,REPAIR_FLAG,ACTUAL_MISSION_TYPE,CREATE_TIMESTAMP,UPDATE_TIMESTAMP,DEFECT_STATUS,PLANT_CODE) VALUES ('K20C24206075     ',null,'JDJC4004085         ',0,'HCM 03AE201810190160','HCM 01201810034601','K5BBLF900             ',{d '2018-10-19'},'AE1SS1          ',{d '2018-10-19'},null,null,0,'AE0EN16101      ',1,0,0,'K5DJCA0               ',{ts '2018-10-13 10:50:53.019502'},{ts '2018-10-17 17:06:25.490035'},null,null);
INSERT INTO GALADM.GAL131TBX (PRODUCT_ID,VIN,MISSION_SERIAL_NO,ENGINE_FIRING_FLAG,PRODUCTION_LOT,KD_LOT_NUMBER,PRODUCT_SPEC_CODE,PLAN_OFF_DATE,TRACKING_STATUS,PRODUCTION_DATE,PRODUCT_START_DATE,ACTUAL_OFF_DATE,AUTO_HOLD_STATUS,LAST_PASSING_PROCESS_POINT_ID,MISSION_STATUS,FIRING_TYPE,REPAIR_FLAG,ACTUAL_MISSION_TYPE,CREATE_TIMESTAMP,UPDATE_TIMESTAMP,DEFECT_STATUS,PLANT_CODE) VALUES ('K20C24206076     ',null,'JDJC4003970         ',0,'HCM 03AE201810190160','HCM 01201810034601','K5BBLF900             ',{d '2018-10-19'},'AE1SS1          ',{d '2018-10-19'},null,null,0,'AE0EN16101      ',1,0,0,'K5DJCA0               ',{ts '2018-10-13 10:50:53.019714'},{ts '2018-10-17 17:06:25.560524'},null,null);
INSERT INTO GALADM.GAL131TBX (PRODUCT_ID,VIN,MISSION_SERIAL_NO,ENGINE_FIRING_FLAG,PRODUCTION_LOT,KD_LOT_NUMBER,PRODUCT_SPEC_CODE,PLAN_OFF_DATE,TRACKING_STATUS,PRODUCTION_DATE,PRODUCT_START_DATE,ACTUAL_OFF_DATE,AUTO_HOLD_STATUS,LAST_PASSING_PROCESS_POINT_ID,MISSION_STATUS,FIRING_TYPE,REPAIR_FLAG,ACTUAL_MISSION_TYPE,CREATE_TIMESTAMP,UPDATE_TIMESTAMP,DEFECT_STATUS,PLANT_CODE) VALUES ('K20C24206077     ',null,'JDJC4004039         ',0,'HCM 03AE201810190160','HCM 01201810034601','K5BBLF900             ',{d '2018-10-19'},'AE1SS1          ',{d '2018-10-19'},null,null,0,'AE0EN16101      ',1,0,0,'K5DJCA0               ',{ts '2018-10-13 10:50:53.019855'},{ts '2018-10-17 17:06:25.625223'},null,null);
INSERT INTO GALADM.GAL131TBX (PRODUCT_ID,VIN,MISSION_SERIAL_NO,ENGINE_FIRING_FLAG,PRODUCTION_LOT,KD_LOT_NUMBER,PRODUCT_SPEC_CODE,PLAN_OFF_DATE,TRACKING_STATUS,PRODUCTION_DATE,PRODUCT_START_DATE,ACTUAL_OFF_DATE,AUTO_HOLD_STATUS,LAST_PASSING_PROCESS_POINT_ID,MISSION_STATUS,FIRING_TYPE,REPAIR_FLAG,ACTUAL_MISSION_TYPE,CREATE_TIMESTAMP,UPDATE_TIMESTAMP,DEFECT_STATUS,PLANT_CODE) VALUES ('K20C24206078     ',null,'JDJC4003975         ',0,'HCM 03AE201810190160','HCM 01201810034601','K5BBLF900             ',{d '2018-10-19'},'AE1SS1          ',{d '2018-10-19'},null,null,0,'AE0EN16101      ',1,0,0,'K5DJCA0               ',{ts '2018-10-13 10:50:53.019998'},{ts '2018-10-17 17:06:25.665272'},null,null);
INSERT INTO GALADM.GAL131TBX (PRODUCT_ID,VIN,MISSION_SERIAL_NO,ENGINE_FIRING_FLAG,PRODUCTION_LOT,KD_LOT_NUMBER,PRODUCT_SPEC_CODE,PLAN_OFF_DATE,TRACKING_STATUS,PRODUCTION_DATE,PRODUCT_START_DATE,ACTUAL_OFF_DATE,AUTO_HOLD_STATUS,LAST_PASSING_PROCESS_POINT_ID,MISSION_STATUS,FIRING_TYPE,REPAIR_FLAG,ACTUAL_MISSION_TYPE,CREATE_TIMESTAMP,UPDATE_TIMESTAMP,DEFECT_STATUS,PLANT_CODE) VALUES ('K20C24206079     ',null,'JDJC4004046         ',0,'HCM 03AE201810190160','HCM 01201810034601','K5BBLF900             ',{d '2018-10-19'},'AE1SS1          ',{d '2018-10-19'},null,null,0,'AE0EN16101      ',1,0,0,'K5DJCA0               ',{ts '2018-10-13 10:50:53.020120'},{ts '2018-10-17 17:06:25.721241'},null,null);
INSERT INTO GALADM.GAL131TBX (PRODUCT_ID,VIN,MISSION_SERIAL_NO,ENGINE_FIRING_FLAG,PRODUCTION_LOT,KD_LOT_NUMBER,PRODUCT_SPEC_CODE,PLAN_OFF_DATE,TRACKING_STATUS,PRODUCTION_DATE,PRODUCT_START_DATE,ACTUAL_OFF_DATE,AUTO_HOLD_STATUS,LAST_PASSING_PROCESS_POINT_ID,MISSION_STATUS,FIRING_TYPE,REPAIR_FLAG,ACTUAL_MISSION_TYPE,CREATE_TIMESTAMP,UPDATE_TIMESTAMP,DEFECT_STATUS,PLANT_CODE) VALUES ('K20C24206080     ',null,'JDJC4004044         ',0,'HCM 03AE201810190160','HCM 01201810034601','K5BBLF900             ',{d '2018-10-19'},'AE1SS1          ',{d '2018-10-19'},null,null,0,'AE0EN16101      ',1,0,0,'K5DJCA0               ',{ts '2018-10-13 10:50:53.020323'},{ts '2018-10-17 17:06:25.778605'},null,null);
INSERT INTO GALADM.GAL131TBX (PRODUCT_ID,VIN,MISSION_SERIAL_NO,ENGINE_FIRING_FLAG,PRODUCTION_LOT,KD_LOT_NUMBER,PRODUCT_SPEC_CODE,PLAN_OFF_DATE,TRACKING_STATUS,PRODUCTION_DATE,PRODUCT_START_DATE,ACTUAL_OFF_DATE,AUTO_HOLD_STATUS,LAST_PASSING_PROCESS_POINT_ID,MISSION_STATUS,FIRING_TYPE,REPAIR_FLAG,ACTUAL_MISSION_TYPE,CREATE_TIMESTAMP,UPDATE_TIMESTAMP,DEFECT_STATUS,PLANT_CODE) VALUES ('K20C24206081     ',null,'JDJC4004040         ',0,'HCM 03AE201810190160','HCM 01201810034601','K5BBLF900             ',{d '2018-10-19'},'AE1SS1          ',{d '2018-10-19'},null,null,0,'AE0EN16101      ',1,0,0,'K5DJCA0               ',{ts '2018-10-13 10:50:53.020450'},{ts '2018-10-17 17:06:25.859766'},null,null);
INSERT INTO GALADM.GAL131TBX (PRODUCT_ID,VIN,MISSION_SERIAL_NO,ENGINE_FIRING_FLAG,PRODUCTION_LOT,KD_LOT_NUMBER,PRODUCT_SPEC_CODE,PLAN_OFF_DATE,TRACKING_STATUS,PRODUCTION_DATE,PRODUCT_START_DATE,ACTUAL_OFF_DATE,AUTO_HOLD_STATUS,LAST_PASSING_PROCESS_POINT_ID,MISSION_STATUS,FIRING_TYPE,REPAIR_FLAG,ACTUAL_MISSION_TYPE,CREATE_TIMESTAMP,UPDATE_TIMESTAMP,DEFECT_STATUS,PLANT_CODE) VALUES ('K20C24206082     ',null,'JDJC4004042         ',0,'HCM 03AE201810190160','HCM 01201810034601','K5BBLF900             ',{d '2018-10-19'},'AE1SS1          ',{d '2018-10-19'},null,null,0,'AE0EN16101      ',1,0,0,'K5DJCA0               ',{ts '2018-10-13 10:50:53.020565'},{ts '2018-10-17 17:06:25.928961'},null,null);
INSERT INTO GALADM.GAL131TBX (PRODUCT_ID,VIN,MISSION_SERIAL_NO,ENGINE_FIRING_FLAG,PRODUCTION_LOT,KD_LOT_NUMBER,PRODUCT_SPEC_CODE,PLAN_OFF_DATE,TRACKING_STATUS,PRODUCTION_DATE,PRODUCT_START_DATE,ACTUAL_OFF_DATE,AUTO_HOLD_STATUS,LAST_PASSING_PROCESS_POINT_ID,MISSION_STATUS,FIRING_TYPE,REPAIR_FLAG,ACTUAL_MISSION_TYPE,CREATE_TIMESTAMP,UPDATE_TIMESTAMP,DEFECT_STATUS,PLANT_CODE) VALUES ('K20C24206083     ',null,'JDJC4004043         ',0,'HCM 03AE201810190160','HCM 01201810034601','K5BBLF900             ',{d '2018-10-19'},'AE1SS1          ',{d '2018-10-19'},null,null,0,'AE0EN16101      ',1,0,0,'K5DJCA0               ',{ts '2018-10-13 10:50:53.020713'},{ts '2018-10-17 17:06:25.993681'},null,null);
INSERT INTO GALADM.GAL131TBX (PRODUCT_ID,VIN,MISSION_SERIAL_NO,ENGINE_FIRING_FLAG,PRODUCTION_LOT,KD_LOT_NUMBER,PRODUCT_SPEC_CODE,PLAN_OFF_DATE,TRACKING_STATUS,PRODUCTION_DATE,PRODUCT_START_DATE,ACTUAL_OFF_DATE,AUTO_HOLD_STATUS,LAST_PASSING_PROCESS_POINT_ID,MISSION_STATUS,FIRING_TYPE,REPAIR_FLAG,ACTUAL_MISSION_TYPE,CREATE_TIMESTAMP,UPDATE_TIMESTAMP,DEFECT_STATUS,PLANT_CODE) VALUES ('K20C24206084     ',null,'JDJC4004074         ',0,'HCM 03AE201810190160','HCM 01201810034601','K5BBLF900             ',{d '2018-10-19'},'AE1SS1          ',{d '2018-10-19'},null,null,0,'AE0EN16101      ',1,0,0,'K5DJCA0               ',{ts '2018-10-13 10:50:53.020889'},{ts '2018-10-17 17:06:26.070913'},null,null);
INSERT INTO GALADM.GAL131TBX (PRODUCT_ID,VIN,MISSION_SERIAL_NO,ENGINE_FIRING_FLAG,PRODUCTION_LOT,KD_LOT_NUMBER,PRODUCT_SPEC_CODE,PLAN_OFF_DATE,TRACKING_STATUS,PRODUCTION_DATE,PRODUCT_START_DATE,ACTUAL_OFF_DATE,AUTO_HOLD_STATUS,LAST_PASSING_PROCESS_POINT_ID,MISSION_STATUS,FIRING_TYPE,REPAIR_FLAG,ACTUAL_MISSION_TYPE,CREATE_TIMESTAMP,UPDATE_TIMESTAMP,DEFECT_STATUS,PLANT_CODE) VALUES ('K20C24206085     ',null,'JDJC4004072         ',0,'HCM 03AE201810190160','HCM 01201810034601','K5BBLF900             ',{d '2018-10-19'},'AE1SS1          ',{d '2018-10-19'},null,null,0,'AE0EN16101      ',1,0,0,'K5DJCA0               ',{ts '2018-10-13 10:50:53.021016'},{ts '2018-10-17 17:06:26.144944'},null,null);
INSERT INTO GALADM.GAL131TBX (PRODUCT_ID,VIN,MISSION_SERIAL_NO,ENGINE_FIRING_FLAG,PRODUCTION_LOT,KD_LOT_NUMBER,PRODUCT_SPEC_CODE,PLAN_OFF_DATE,TRACKING_STATUS,PRODUCTION_DATE,PRODUCT_START_DATE,ACTUAL_OFF_DATE,AUTO_HOLD_STATUS,LAST_PASSING_PROCESS_POINT_ID,MISSION_STATUS,FIRING_TYPE,REPAIR_FLAG,ACTUAL_MISSION_TYPE,CREATE_TIMESTAMP,UPDATE_TIMESTAMP,DEFECT_STATUS,PLANT_CODE) VALUES ('K20C24206086     ',null,'JDJC4004076         ',0,'HCM 03AE201810190160','HCM 01201810034601','K5BBLF900             ',{d '2018-10-19'},'AE1SS1          ',{d '2018-10-19'},null,null,0,'AE0EN16101      ',1,0,0,'K5DJCA0               ',{ts '2018-10-13 10:50:53.021170'},{ts '2018-10-17 17:06:26.214443'},null,null);
INSERT INTO GALADM.GAL131TBX (PRODUCT_ID,VIN,MISSION_SERIAL_NO,ENGINE_FIRING_FLAG,PRODUCTION_LOT,KD_LOT_NUMBER,PRODUCT_SPEC_CODE,PLAN_OFF_DATE,TRACKING_STATUS,PRODUCTION_DATE,PRODUCT_START_DATE,ACTUAL_OFF_DATE,AUTO_HOLD_STATUS,LAST_PASSING_PROCESS_POINT_ID,MISSION_STATUS,FIRING_TYPE,REPAIR_FLAG,ACTUAL_MISSION_TYPE,CREATE_TIMESTAMP,UPDATE_TIMESTAMP,DEFECT_STATUS,PLANT_CODE) VALUES ('K20C24206087     ',null,'JDJC4004078         ',0,'HCM 03AE201810190160','HCM 01201810034601','K5BBLF900             ',{d '2018-10-19'},'AE1SS1          ',{d '2018-10-19'},null,null,0,'AE0EN16101      ',1,0,0,'K5DJCA0               ',{ts '2018-10-13 10:50:53.021291'},{ts '2018-10-17 17:06:26.284563'},null,null);
INSERT INTO GALADM.GAL131TBX (PRODUCT_ID,VIN,MISSION_SERIAL_NO,ENGINE_FIRING_FLAG,PRODUCTION_LOT,KD_LOT_NUMBER,PRODUCT_SPEC_CODE,PLAN_OFF_DATE,TRACKING_STATUS,PRODUCTION_DATE,PRODUCT_START_DATE,ACTUAL_OFF_DATE,AUTO_HOLD_STATUS,LAST_PASSING_PROCESS_POINT_ID,MISSION_STATUS,FIRING_TYPE,REPAIR_FLAG,ACTUAL_MISSION_TYPE,CREATE_TIMESTAMP,UPDATE_TIMESTAMP,DEFECT_STATUS,PLANT_CODE) VALUES ('K20C24206088     ',null,'JDJC4004073         ',0,'HCM 03AE201810190160','HCM 01201810034601','K5BBLF900             ',{d '2018-10-19'},'AE1SS1          ',{d '2018-10-19'},null,null,0,'AE0EN16101      ',1,0,0,'K5DJCA0               ',{ts '2018-10-13 10:50:53.021411'},{ts '2018-10-17 17:06:26.347433'},null,null);
INSERT INTO GALADM.GAL131TBX (PRODUCT_ID,VIN,MISSION_SERIAL_NO,ENGINE_FIRING_FLAG,PRODUCTION_LOT,KD_LOT_NUMBER,PRODUCT_SPEC_CODE,PLAN_OFF_DATE,TRACKING_STATUS,PRODUCTION_DATE,PRODUCT_START_DATE,ACTUAL_OFF_DATE,AUTO_HOLD_STATUS,LAST_PASSING_PROCESS_POINT_ID,MISSION_STATUS,FIRING_TYPE,REPAIR_FLAG,ACTUAL_MISSION_TYPE,CREATE_TIMESTAMP,UPDATE_TIMESTAMP,DEFECT_STATUS,PLANT_CODE) VALUES ('K20C24206089     ',null,'JDJC4004077         ',0,'HCM 03AE201810190160','HCM 01201810034601','K5BBLF900             ',{d '2018-10-19'},'AE1SS1          ',{d '2018-10-19'},null,null,0,'AE0EN16101      ',1,0,0,'K5DJCA0               ',{ts '2018-10-13 10:50:53.054160'},{ts '2018-10-17 17:06:26.419856'},null,null);
INSERT INTO GALADM.GAL131TBX (PRODUCT_ID,VIN,MISSION_SERIAL_NO,ENGINE_FIRING_FLAG,PRODUCTION_LOT,KD_LOT_NUMBER,PRODUCT_SPEC_CODE,PLAN_OFF_DATE,TRACKING_STATUS,PRODUCTION_DATE,PRODUCT_START_DATE,ACTUAL_OFF_DATE,AUTO_HOLD_STATUS,LAST_PASSING_PROCESS_POINT_ID,MISSION_STATUS,FIRING_TYPE,REPAIR_FLAG,ACTUAL_MISSION_TYPE,CREATE_TIMESTAMP,UPDATE_TIMESTAMP,DEFECT_STATUS,PLANT_CODE) VALUES ('K20C24206090     ',null,'JDJC4004080         ',0,'HCM 03AE201810190160','HCM 01201810034601','K5BBLF900             ',{d '2018-10-19'},'AE1SS1          ',{d '2018-10-19'},null,null,0,'AE0EN16101      ',1,0,0,'K5DJCA0               ',{ts '2018-10-13 10:50:53.054324'},{ts '2018-10-17 17:06:26.476403'},null,null);
INSERT INTO GALADM.GAL131TBX (PRODUCT_ID,VIN,MISSION_SERIAL_NO,ENGINE_FIRING_FLAG,PRODUCTION_LOT,KD_LOT_NUMBER,PRODUCT_SPEC_CODE,PLAN_OFF_DATE,TRACKING_STATUS,PRODUCTION_DATE,PRODUCT_START_DATE,ACTUAL_OFF_DATE,AUTO_HOLD_STATUS,LAST_PASSING_PROCESS_POINT_ID,MISSION_STATUS,FIRING_TYPE,REPAIR_FLAG,ACTUAL_MISSION_TYPE,CREATE_TIMESTAMP,UPDATE_TIMESTAMP,DEFECT_STATUS,PLANT_CODE) VALUES ('K20C24206091     ',null,'JDJC4004075         ',0,'HCM 03AE201810190160','HCM 01201810034601','K5BBLF900             ',{d '2018-10-19'},'AE1SS1          ',{d '2018-10-19'},null,null,0,'AE0EN16101      ',1,0,0,'K5DJCA0               ',{ts '2018-10-13 10:50:53.054490'},{ts '2018-10-17 17:06:26.511757'},null,null);
INSERT INTO GALADM.GAL131TBX (PRODUCT_ID,VIN,MISSION_SERIAL_NO,ENGINE_FIRING_FLAG,PRODUCTION_LOT,KD_LOT_NUMBER,PRODUCT_SPEC_CODE,PLAN_OFF_DATE,TRACKING_STATUS,PRODUCTION_DATE,PRODUCT_START_DATE,ACTUAL_OFF_DATE,AUTO_HOLD_STATUS,LAST_PASSING_PROCESS_POINT_ID,MISSION_STATUS,FIRING_TYPE,REPAIR_FLAG,ACTUAL_MISSION_TYPE,CREATE_TIMESTAMP,UPDATE_TIMESTAMP,DEFECT_STATUS,PLANT_CODE) VALUES ('K20C24206092     ',null,'JDJC4006140         ',0,'HCM 03AE201810190160','HCM 01201810034601','K5BBLF900             ',{d '2018-10-19'},'AE1SS1          ',{d '2018-10-19'},null,null,0,'AE0EN16101      ',1,0,0,'K5DJCA0               ',{ts '2018-10-13 10:50:53.054628'},{ts '2018-10-17 17:06:26.547710'},null,null);
INSERT INTO GALADM.GAL131TBX (PRODUCT_ID,VIN,MISSION_SERIAL_NO,ENGINE_FIRING_FLAG,PRODUCTION_LOT,KD_LOT_NUMBER,PRODUCT_SPEC_CODE,PLAN_OFF_DATE,TRACKING_STATUS,PRODUCTION_DATE,PRODUCT_START_DATE,ACTUAL_OFF_DATE,AUTO_HOLD_STATUS,LAST_PASSING_PROCESS_POINT_ID,MISSION_STATUS,FIRING_TYPE,REPAIR_FLAG,ACTUAL_MISSION_TYPE,CREATE_TIMESTAMP,UPDATE_TIMESTAMP,DEFECT_STATUS,PLANT_CODE) VALUES ('K20C24206093     ',null,'JDJC4006145         ',0,'HCM 03AE201810190160','HCM 01201810034601','K5BBLF900             ',{d '2018-10-19'},'AE1SS1          ',{d '2018-10-19'},null,null,0,'AE0EN16101      ',1,0,0,'K5DJCA0               ',{ts '2018-10-13 10:50:53.054754'},{ts '2018-10-17 17:06:26.595026'},1,null);
INSERT INTO GALADM.GAL131TBX (PRODUCT_ID,VIN,MISSION_SERIAL_NO,ENGINE_FIRING_FLAG,PRODUCTION_LOT,KD_LOT_NUMBER,PRODUCT_SPEC_CODE,PLAN_OFF_DATE,TRACKING_STATUS,PRODUCTION_DATE,PRODUCT_START_DATE,ACTUAL_OFF_DATE,AUTO_HOLD_STATUS,LAST_PASSING_PROCESS_POINT_ID,MISSION_STATUS,FIRING_TYPE,REPAIR_FLAG,ACTUAL_MISSION_TYPE,CREATE_TIMESTAMP,UPDATE_TIMESTAMP,DEFECT_STATUS,PLANT_CODE) VALUES ('K20C24206094     ',null,'JDJC4006143         ',0,'HCM 03AE201810190160','HCM 01201810034601','K5BBLF900             ',{d '2018-10-19'},'AE1SS1          ',{d '2018-10-19'},null,null,0,'AE0EN16101      ',1,0,0,'K5DJCA0               ',{ts '2018-10-13 10:50:53.054917'},{ts '2018-10-17 17:06:26.636515'},1,null);
INSERT INTO GALADM.GAL131TBX (PRODUCT_ID,VIN,MISSION_SERIAL_NO,ENGINE_FIRING_FLAG,PRODUCTION_LOT,KD_LOT_NUMBER,PRODUCT_SPEC_CODE,PLAN_OFF_DATE,TRACKING_STATUS,PRODUCTION_DATE,PRODUCT_START_DATE,ACTUAL_OFF_DATE,AUTO_HOLD_STATUS,LAST_PASSING_PROCESS_POINT_ID,MISSION_STATUS,FIRING_TYPE,REPAIR_FLAG,ACTUAL_MISSION_TYPE,CREATE_TIMESTAMP,UPDATE_TIMESTAMP,DEFECT_STATUS,PLANT_CODE) VALUES ('K20C24206095     ',null,'JDJC4006146         ',0,'HCM 03AE201810190160','HCM 01201810034601','K5BBLF900             ',{d '2018-10-19'},'AE1SS1          ',{d '2018-10-19'},null,null,0,'AE0EN16101      ',1,0,0,'K5DJCA0               ',{ts '2018-10-13 10:50:53.055032'},{ts '2018-10-17 17:06:26.681361'},null,null);
INSERT INTO GALADM.GAL131TBX (PRODUCT_ID,VIN,MISSION_SERIAL_NO,ENGINE_FIRING_FLAG,PRODUCTION_LOT,KD_LOT_NUMBER,PRODUCT_SPEC_CODE,PLAN_OFF_DATE,TRACKING_STATUS,PRODUCTION_DATE,PRODUCT_START_DATE,ACTUAL_OFF_DATE,AUTO_HOLD_STATUS,LAST_PASSING_PROCESS_POINT_ID,MISSION_STATUS,FIRING_TYPE,REPAIR_FLAG,ACTUAL_MISSION_TYPE,CREATE_TIMESTAMP,UPDATE_TIMESTAMP,DEFECT_STATUS,PLANT_CODE) VALUES ('K20C24206096     ',null,'JDJC4006144         ',0,'HCM 03AE201810190160','HCM 01201810034601','K5BBLF900             ',{d '2018-10-19'},'AE1SS1          ',{d '2018-10-19'},null,null,0,'AE0EN16101      ',1,0,0,'K5DJCA0               ',{ts '2018-10-13 10:50:53.055174'},{ts '2018-10-17 17:06:26.733503'},null,null);
INSERT INTO GALADM.GAL131TBX (PRODUCT_ID,VIN,MISSION_SERIAL_NO,ENGINE_FIRING_FLAG,PRODUCTION_LOT,KD_LOT_NUMBER,PRODUCT_SPEC_CODE,PLAN_OFF_DATE,TRACKING_STATUS,PRODUCTION_DATE,PRODUCT_START_DATE,ACTUAL_OFF_DATE,AUTO_HOLD_STATUS,LAST_PASSING_PROCESS_POINT_ID,MISSION_STATUS,FIRING_TYPE,REPAIR_FLAG,ACTUAL_MISSION_TYPE,CREATE_TIMESTAMP,UPDATE_TIMESTAMP,DEFECT_STATUS,PLANT_CODE) VALUES ('K20C24206097     ',null,'JDJC4006142         ',0,'HCM 03AE201810190160','HCM 01201810034601','K5BBLF900             ',{d '2018-10-19'},'AE1SS1          ',{d '2018-10-19'},null,null,0,'AE0EN16101      ',1,0,0,'K5DJCA0               ',{ts '2018-10-13 10:50:53.055293'},{ts '2018-10-17 17:06:26.802574'},null,null);
INSERT INTO GALADM.GAL131TBX (PRODUCT_ID,VIN,MISSION_SERIAL_NO,ENGINE_FIRING_FLAG,PRODUCTION_LOT,KD_LOT_NUMBER,PRODUCT_SPEC_CODE,PLAN_OFF_DATE,TRACKING_STATUS,PRODUCTION_DATE,PRODUCT_START_DATE,ACTUAL_OFF_DATE,AUTO_HOLD_STATUS,LAST_PASSING_PROCESS_POINT_ID,MISSION_STATUS,FIRING_TYPE,REPAIR_FLAG,ACTUAL_MISSION_TYPE,CREATE_TIMESTAMP,UPDATE_TIMESTAMP,DEFECT_STATUS,PLANT_CODE) VALUES ('K20C24206098     ',null,'JDJC4003964         ',0,'HCM 03AE201810190160','HCM 01201810034601','K5BBLF900             ',{d '2018-10-19'},'AE1SS1          ',{d '2018-10-19'},null,null,0,'AE0EN16101      ',1,0,0,'K5DJCA0               ',{ts '2018-10-13 10:50:53.055421'},{ts '2018-10-17 17:06:26.874785'},null,null);
INSERT INTO GALADM.GAL131TBX (PRODUCT_ID,VIN,MISSION_SERIAL_NO,ENGINE_FIRING_FLAG,PRODUCTION_LOT,KD_LOT_NUMBER,PRODUCT_SPEC_CODE,PLAN_OFF_DATE,TRACKING_STATUS,PRODUCTION_DATE,PRODUCT_START_DATE,ACTUAL_OFF_DATE,AUTO_HOLD_STATUS,LAST_PASSING_PROCESS_POINT_ID,MISSION_STATUS,FIRING_TYPE,REPAIR_FLAG,ACTUAL_MISSION_TYPE,CREATE_TIMESTAMP,UPDATE_TIMESTAMP,DEFECT_STATUS,PLANT_CODE) VALUES ('K20C24206099     ',null,'JDJC4004061         ',0,'HCM 03AE201810190160','HCM 01201810034601','K5BBLF900             ',{d '2018-10-19'},'AE1SS1          ',{d '2018-10-19'},null,null,0,'AE0EN16321      ',1,0,0,'K5DJCA0               ',{ts '2018-10-13 10:50:53.055569'},{ts '2018-10-17 22:12:44.589509'},1,null);
INSERT INTO GALADM.GAL131TBX (PRODUCT_ID,VIN,MISSION_SERIAL_NO,ENGINE_FIRING_FLAG,PRODUCTION_LOT,KD_LOT_NUMBER,PRODUCT_SPEC_CODE,PLAN_OFF_DATE,TRACKING_STATUS,PRODUCTION_DATE,PRODUCT_START_DATE,ACTUAL_OFF_DATE,AUTO_HOLD_STATUS,LAST_PASSING_PROCESS_POINT_ID,MISSION_STATUS,FIRING_TYPE,REPAIR_FLAG,ACTUAL_MISSION_TYPE,CREATE_TIMESTAMP,UPDATE_TIMESTAMP,DEFECT_STATUS,PLANT_CODE) VALUES ('K20C24206100     ',null,'JDJC4003969         ',0,'HCM 03AE201810190160','HCM 01201810034601','K5BBLF900             ',{d '2018-10-19'},'AE1SS1          ',{d '2018-10-19'},null,null,0,'AE0EN16101      ',1,0,0,'K5DJCA0               ',{ts '2018-10-13 10:50:53.055759'},{ts '2018-10-17 17:06:26.920385'},null,null);
INSERT INTO GALADM.GAL131TBX (PRODUCT_ID,VIN,MISSION_SERIAL_NO,ENGINE_FIRING_FLAG,PRODUCTION_LOT,KD_LOT_NUMBER,PRODUCT_SPEC_CODE,PLAN_OFF_DATE,TRACKING_STATUS,PRODUCTION_DATE,PRODUCT_START_DATE,ACTUAL_OFF_DATE,AUTO_HOLD_STATUS,LAST_PASSING_PROCESS_POINT_ID,MISSION_STATUS,FIRING_TYPE,REPAIR_FLAG,ACTUAL_MISSION_TYPE,CREATE_TIMESTAMP,UPDATE_TIMESTAMP,DEFECT_STATUS,PLANT_CODE) VALUES ('K20C24206101     ',null,'JDJC4003971         ',0,'HCM 03AE201810190160','HCM 01201810034601','K5BBLF900             ',{d '2018-10-19'},'AE1SS1          ',{d '2018-10-19'},null,null,0,'AE0EN16101      ',1,0,0,'K5DJCA0               ',{ts '2018-10-13 10:50:53.055931'},{ts '2018-10-17 17:06:26.959784'},null,null);
INSERT INTO GALADM.GAL131TBX (PRODUCT_ID,VIN,MISSION_SERIAL_NO,ENGINE_FIRING_FLAG,PRODUCTION_LOT,KD_LOT_NUMBER,PRODUCT_SPEC_CODE,PLAN_OFF_DATE,TRACKING_STATUS,PRODUCTION_DATE,PRODUCT_START_DATE,ACTUAL_OFF_DATE,AUTO_HOLD_STATUS,LAST_PASSING_PROCESS_POINT_ID,MISSION_STATUS,FIRING_TYPE,REPAIR_FLAG,ACTUAL_MISSION_TYPE,CREATE_TIMESTAMP,UPDATE_TIMESTAMP,DEFECT_STATUS,PLANT_CODE) VALUES ('K20C24206102     ',null,'JDJC4003968         ',0,'HCM 03AE201810190160','HCM 01201810034601','K5BBLF900             ',{d '2018-10-19'},'AE1SS1          ',{d '2018-10-19'},null,null,0,'AE0EN16101      ',1,0,0,'K5DJCA0               ',{ts '2018-10-13 10:50:53.056076'},{ts '2018-10-17 17:06:27.006181'},null,null);
INSERT INTO GALADM.GAL131TBX (PRODUCT_ID,VIN,MISSION_SERIAL_NO,ENGINE_FIRING_FLAG,PRODUCTION_LOT,KD_LOT_NUMBER,PRODUCT_SPEC_CODE,PLAN_OFF_DATE,TRACKING_STATUS,PRODUCTION_DATE,PRODUCT_START_DATE,ACTUAL_OFF_DATE,AUTO_HOLD_STATUS,LAST_PASSING_PROCESS_POINT_ID,MISSION_STATUS,FIRING_TYPE,REPAIR_FLAG,ACTUAL_MISSION_TYPE,CREATE_TIMESTAMP,UPDATE_TIMESTAMP,DEFECT_STATUS,PLANT_CODE) VALUES ('K20C24206103     ',null,'JDJC4003966         ',0,'HCM 03AE201810190160','HCM 01201810034601','K5BBLF900             ',{d '2018-10-19'},'AE1SS1          ',{d '2018-10-19'},null,null,0,'AE0EN16101      ',1,0,0,'K5DJCA0               ',{ts '2018-10-13 10:50:53.056213'},{ts '2018-10-17 17:06:27.052246'},null,null);
INSERT INTO GALADM.GAL131TBX (PRODUCT_ID,VIN,MISSION_SERIAL_NO,ENGINE_FIRING_FLAG,PRODUCTION_LOT,KD_LOT_NUMBER,PRODUCT_SPEC_CODE,PLAN_OFF_DATE,TRACKING_STATUS,PRODUCTION_DATE,PRODUCT_START_DATE,ACTUAL_OFF_DATE,AUTO_HOLD_STATUS,LAST_PASSING_PROCESS_POINT_ID,MISSION_STATUS,FIRING_TYPE,REPAIR_FLAG,ACTUAL_MISSION_TYPE,CREATE_TIMESTAMP,UPDATE_TIMESTAMP,DEFECT_STATUS,PLANT_CODE) VALUES ('K20C24206104     ',null,'JDJC4003967         ',0,'HCM 03AE201810190160','HCM 01201810034601','K5BBLF900             ',{d '2018-10-19'},'AE1SS1          ',{d '2018-10-19'},null,null,0,'AE0EN16101      ',1,0,0,'K5DJCA0               ',{ts '2018-10-13 10:50:53.056352'},{ts '2018-10-18 00:22:42.582362'},null,null);

INSERT INTO "GALADM"."GAL133TBX" (PRODUCT_SPEC_CODE,MISSION_PLANT_CODE,MISSION_MODEL_CODE,MISSION_PROTOTYPE_CODE,MISSION_MODEL_TYPE_CODE,ENGINE_NO_PREFIX,TRANSMISSION,TRANSMISSION_DESCRIPTION,GEAR_SHIFT,GEAR_SHIFT_DESCRIPTION,DISPLACEMENT,DISPLACEMENT_COMMENT,ENGINE_PROTOTYPE_CODE,PLANT_CODE,MODEL_YEAR_CODE,MODEL_CODE,MODEL_TYPE_CODE,MODEL_OPTION_CODE,MODEL_YEAR_DESCRIPTION,MISSION_MODEL_YEAR_CODE) VALUES ('K5BBLF900             ','HCM ','5DJ','W','C10','K20C2','CVT  ','CONSTANT VELOCITY   ','0','CVT                 ','02000','2.0 LITRE           ','W','HCM ','K','5BB','LF9','00 ','2019','K');
INSERT INTO "GALADM"."GAL133TBX" (PRODUCT_SPEC_CODE,MISSION_PLANT_CODE,MISSION_MODEL_CODE,MISSION_PROTOTYPE_CODE,MISSION_MODEL_TYPE_CODE,ENGINE_NO_PREFIX,TRANSMISSION,TRANSMISSION_DESCRIPTION,GEAR_SHIFT,GEAR_SHIFT_DESCRIPTION,DISPLACEMENT,DISPLACEMENT_COMMENT,ENGINE_PROTOTYPE_CODE,PLANT_CODE,MODEL_YEAR_CODE,MODEL_CODE,MODEL_TYPE_CODE,MODEL_OPTION_CODE,MODEL_YEAR_DESCRIPTION,MISSION_MODEL_YEAR_CODE) VALUES ('K5BBAF900             ','HCM ','5DJ','W','CA0','K20C2','CVT  ','CONSTANT VELOCITY   ','0','CVT                 ','02000','2.0 LITRE           ','W','HCM ','K','5BB','AF9','00 ','2019','K');



INSERT INTO "GALADM"."GAL253TBX" (CLIENT_ID,ALIAS_NAME,DEVICE_TYPE,DEVICE_DESCRIPTION,EIF_IP_ADDRESS,EIF_PORT,IO_PROCESS_POINT_ID,DIVISION_ID,REPLY_CLIENT_ID) VALUES ('ESTS.CP-Z14                     ','                                                                ',3,'Carrier present - lane Z14                                                                                                      ','localhost',0,'AE0TR18001      ','AE              ','ESTS.DUMMY_REPLY                ');
INSERT INTO "GALADM"."GAL253TBX" (CLIENT_ID,ALIAS_NAME,DEVICE_TYPE,DEVICE_DESCRIPTION,EIF_IP_ADDRESS,EIF_PORT,IO_PROCESS_POINT_ID,DIVISION_ID,REPLY_CLIENT_ID) VALUES ('ESTS.CP-Z15                     ','                                                                ',3,'Carrier present - lane Z15                                                                                                      ','localhost',0,'AE0TR18001      ','AE              ','ESTS.DUMMY_REPLY                ');
INSERT INTO "GALADM"."GAL253TBX" (CLIENT_ID,ALIAS_NAME,DEVICE_TYPE,DEVICE_DESCRIPTION,EIF_IP_ADDRESS,EIF_PORT,IO_PROCESS_POINT_ID,DIVISION_ID,REPLY_CLIENT_ID) VALUES ('ESTS.HB-ATW_OVERHEAD_PLC        ','                                                                ',3,'Heart beat between GALC and ATW Overhead PLC                                                                                    ','localhost',0,'AE0TR18001      ','AE              ','ESTS.REPLY-ATW_OVERHEAD_PLC     ');
INSERT INTO "GALADM"."GAL253TBX" (CLIENT_ID,ALIAS_NAME,DEVICE_TYPE,DEVICE_DESCRIPTION,EIF_IP_ADDRESS,EIF_PORT,IO_PROCESS_POINT_ID,DIVISION_ID,REPLY_CLIENT_ID) VALUES ('ESTS.HB-PDSI_SHIPPING_PLC       ','                                                                ',3,'Heart beat between GALC and PDSI Shipping PLC                                                                                   ','localhost',0,'AE0TR18001      ','AE              ','ESTS.REPLY-PDSI_SHIPPING_PLC    ');
INSERT INTO "GALADM"."GAL253TBX" (CLIENT_ID,ALIAS_NAME,DEVICE_TYPE,DEVICE_DESCRIPTION,EIF_IP_ADDRESS,EIF_PORT,IO_PROCESS_POINT_ID,DIVISION_ID,REPLY_CLIENT_ID) VALUES ('ESTS.INDICATORS                 ','                                                                ',3,'Refresh Indicator status from PLC                                                                                               ','localhost',13030,'AE0TR18001      ','AE              ','R ESTS.INDICATORS               ');
INSERT INTO "GALADM"."GAL253TBX" (CLIENT_ID,ALIAS_NAME,DEVICE_TYPE,DEVICE_DESCRIPTION,EIF_IP_ADDRESS,EIF_PORT,IO_PROCESS_POINT_ID,DIVISION_ID,REPLY_CLIENT_ID) VALUES ('ESTS.LF-Z15                     ','                                                                ',3,'Lane Full Z15                                                                                                                   ','localhost',0,'AE0TR18001      ','AE              ','ESTS.DUMMY_REPLY                ');
INSERT INTO "GALADM"."GAL253TBX" (CLIENT_ID,ALIAS_NAME,DEVICE_TYPE,DEVICE_DESCRIPTION,EIF_IP_ADDRESS,EIF_PORT,IO_PROCESS_POINT_ID,DIVISION_ID,REPLY_CLIENT_ID) VALUES ('ESTS.LF-Z16                     ','                                                                ',3,'Lane Full Z16                                                                                                                   ','localhost',0,'AE0TR18001      ','AE              ','ESTS.DUMMY_REPLY                ');
INSERT INTO "GALADM"."GAL253TBX" (CLIENT_ID,ALIAS_NAME,DEVICE_TYPE,DEVICE_DESCRIPTION,EIF_IP_ADDRESS,EIF_PORT,IO_PROCESS_POINT_ID,DIVISION_ID,REPLY_CLIENT_ID) VALUES ('ESTS.LOAD-ENGINE                ','                                                                ',3,'Load Engine Into Shipping Quorum                                                                                                ','localhost',0,'AE0TR18001      ','AE              ','ESTS.DUMMY_REPLY                ');
INSERT INTO "GALADM"."GAL253TBX" (CLIENT_ID,ALIAS_NAME,DEVICE_TYPE,DEVICE_DESCRIPTION,EIF_IP_ADDRESS,EIF_PORT,IO_PROCESS_POINT_ID,DIVISION_ID,REPLY_CLIENT_ID) VALUES ('ESTS.MP-DL3-REPAIR              ','                                                                ',3,'Move in progress from DL3 to Repair                                                                                             ','localhost',0,'AE0TR18001      ','AE              ','ESTS.DUMMY_REPLY                ');
INSERT INTO "GALADM"."GAL253TBX" (CLIENT_ID,ALIAS_NAME,DEVICE_TYPE,DEVICE_DESCRIPTION,EIF_IP_ADDRESS,EIF_PORT,IO_PROCESS_POINT_ID,DIVISION_ID,REPLY_CLIENT_ID) VALUES ('ESTS.MP-DL3-Z14                 ','                                                                ',3,'Move In Progress - from Lane DL3 to Lane Z14                                                                                    ','localhost',0,'AE0TR18001      ','AE              ','ESTS.DUMMY_REPLY                ');
INSERT INTO "GALADM"."GAL253TBX" (CLIENT_ID,ALIAS_NAME,DEVICE_TYPE,DEVICE_DESCRIPTION,EIF_IP_ADDRESS,EIF_PORT,IO_PROCESS_POINT_ID,DIVISION_ID,REPLY_CLIENT_ID) VALUES ('ESTS.MP-Z14-Z15                 ','                                                                ',3,'Move In Progress - from Lane Z14 to Lane Z15                                                                                    ','localhost',0,'AE0TR18001      ','AE              ','ESTS.DUMMY_REPLY                ');
INSERT INTO "GALADM"."GAL253TBX" (CLIENT_ID,ALIAS_NAME,DEVICE_TYPE,DEVICE_DESCRIPTION,EIF_IP_ADDRESS,EIF_PORT,IO_PROCESS_POINT_ID,DIVISION_ID,REPLY_CLIENT_ID) VALUES ('ESTS.MP-Z14-Z16                 ','                                                                ',3,'Move In Progress - fro from Z14 to Z16                                                                                          ','localhost',0,'AE0TR18001      ','AE              ','ESTS.DUMMY_REPLY                ');
INSERT INTO "GALADM"."GAL253TBX" (CLIENT_ID,ALIAS_NAME,DEVICE_TYPE,DEVICE_DESCRIPTION,EIF_IP_ADDRESS,EIF_PORT,IO_PROCESS_POINT_ID,DIVISION_ID,REPLY_CLIENT_ID) VALUES ('ESTS.MP-Z15-Z15                 ','                                                                ',3,'Move In Progress - from Lane Z15 to Lane Z15                                                                                    ','localhost',0,'AE0TR18001      ','AE              ','ESTS.DUMMY_REPLY                ');
INSERT INTO "GALADM"."GAL253TBX" (CLIENT_ID,ALIAS_NAME,DEVICE_TYPE,DEVICE_DESCRIPTION,EIF_IP_ADDRESS,EIF_PORT,IO_PROCESS_POINT_ID,DIVISION_ID,REPLY_CLIENT_ID) VALUES ('ESTS.MP-Z15-Z16                 ','                                                                ',3,'Move In Progress - from Lane Z15 to Lane Z416                                                                                   ','localhost',0,'AE0TR18001      ','AE              ','ESTS.DUMMY_REPLY                ');
INSERT INTO "GALADM"."GAL253TBX" (CLIENT_ID,ALIAS_NAME,DEVICE_TYPE,DEVICE_DESCRIPTION,EIF_IP_ADDRESS,EIF_PORT,IO_PROCESS_POINT_ID,DIVISION_ID,REPLY_CLIENT_ID) VALUES ('ESTS.MP-Z16-EXIT                ','                                                                ',3,'Move In Progress - from Lane Z16 to Exit                                                                                        ','localhost',0,'AE0TR18001      ','AE              ','ESTS.DUMMY_REPLY                ');
INSERT INTO "GALADM"."GAL253TBX" (CLIENT_ID,ALIAS_NAME,DEVICE_TYPE,DEVICE_DESCRIPTION,EIF_IP_ADDRESS,EIF_PORT,IO_PROCESS_POINT_ID,DIVISION_ID,REPLY_CLIENT_ID) VALUES ('ESTS.MR-Z14-Z15                 ','                                                                ',3,'Move Request - from Z14 to Z15                                                                                                  ','localhost',13030,'AE0TR18001      ','AE              ','                                ');
INSERT INTO "GALADM"."GAL253TBX" (CLIENT_ID,ALIAS_NAME,DEVICE_TYPE,DEVICE_DESCRIPTION,EIF_IP_ADDRESS,EIF_PORT,IO_PROCESS_POINT_ID,DIVISION_ID,REPLY_CLIENT_ID) VALUES ('ESTS.MR-Z14-Z16                 ','                                                                ',3,'Move Request - from Z14 to Z16                                                                                                  ','localhost',13030,'AE0TR18001      ','AE              ','                                ');
INSERT INTO "GALADM"."GAL253TBX" (CLIENT_ID,ALIAS_NAME,DEVICE_TYPE,DEVICE_DESCRIPTION,EIF_IP_ADDRESS,EIF_PORT,IO_PROCESS_POINT_ID,DIVISION_ID,REPLY_CLIENT_ID) VALUES ('ESTS.MR-Z15-Z15                 ','                                                                ',3,'Move Request - from Z15 to Z15                                                                                                  ','localhost',13030,'AE0TR18001      ','AE              ','                                ');
INSERT INTO "GALADM"."GAL253TBX" (CLIENT_ID,ALIAS_NAME,DEVICE_TYPE,DEVICE_DESCRIPTION,EIF_IP_ADDRESS,EIF_PORT,IO_PROCESS_POINT_ID,DIVISION_ID,REPLY_CLIENT_ID) VALUES ('ESTS.MR-Z15-Z16                 ','                                                                ',3,'Move Request - from Z15 to Z16                                                                                                  ','localhost',13030,'AE0TR18001      ','AE              ','                                ');
INSERT INTO "GALADM"."GAL253TBX" (CLIENT_ID,ALIAS_NAME,DEVICE_TYPE,DEVICE_DESCRIPTION,EIF_IP_ADDRESS,EIF_PORT,IO_PROCESS_POINT_ID,DIVISION_ID,REPLY_CLIENT_ID) VALUES ('ESTS.PE-DL3                     ','                                                                ',3,'Photo Eye at DL3                                                                                                                ','localhost',0,'AE0TR18001      ','AE              ','ESTS.DUMMY_REPLY                ');
INSERT INTO "GALADM"."GAL253TBX" (CLIENT_ID,ALIAS_NAME,DEVICE_TYPE,DEVICE_DESCRIPTION,EIF_IP_ADDRESS,EIF_PORT,IO_PROCESS_POINT_ID,DIVISION_ID,REPLY_CLIENT_ID) VALUES ('ESTS.QUORUM                     ','                                                                ',3,'Quorum Info for Delivery PLC                                                                                                    ','localhost',13030,'AE0TR18001      ','AE              ','                                ');
INSERT INTO "GALADM"."GAL253TBX" (CLIENT_ID,ALIAS_NAME,DEVICE_TYPE,DEVICE_DESCRIPTION,EIF_IP_ADDRESS,EIF_PORT,IO_PROCESS_POINT_ID,DIVISION_ID,REPLY_CLIENT_ID) VALUES ('ESTS.RDR-DL3                    ','                                                                ',3,'Reader - Lane DL3                                                                                                               ','localhost',0,'AE0TR18001      ','AE              ','ESTS.REPLY-RDR-DL3              ');
INSERT INTO "GALADM"."GAL253TBX" (CLIENT_ID,ALIAS_NAME,DEVICE_TYPE,DEVICE_DESCRIPTION,EIF_IP_ADDRESS,EIF_PORT,IO_PROCESS_POINT_ID,DIVISION_ID,REPLY_CLIENT_ID) VALUES ('ESTS.RDR-Z14                    ','                                                                ',3,'Reader - Lane Z14                                                                                                               ','localhost',0,'AE0TR18001      ','AE              ','ESTS.DUMMY_REPLY                ');
INSERT INTO "GALADM"."GAL253TBX" (CLIENT_ID,ALIAS_NAME,DEVICE_TYPE,DEVICE_DESCRIPTION,EIF_IP_ADDRESS,EIF_PORT,IO_PROCESS_POINT_ID,DIVISION_ID,REPLY_CLIENT_ID) VALUES ('ESTS.RDR-Z15                    ','                                                                ',3,'Reader Z15                                                                                                                      ','localhost',0,'AE0TR18001      ','AE              ','ESTS.DUMMY_REPLY                ');
INSERT INTO "GALADM"."GAL253TBX" (CLIENT_ID,ALIAS_NAME,DEVICE_TYPE,DEVICE_DESCRIPTION,EIF_IP_ADDRESS,EIF_PORT,IO_PROCESS_POINT_ID,DIVISION_ID,REPLY_CLIENT_ID) VALUES ('ESTS.RDR-Z16                    ','                                                                ',3,'Reader Z16                                                                                                                      ','localhost',0,'AE0TR18001      ','AE              ','ESTS.DUMMY_REPLY                ');
INSERT INTO "GALADM"."GAL253TBX" (CLIENT_ID,ALIAS_NAME,DEVICE_TYPE,DEVICE_DESCRIPTION,EIF_IP_ADDRESS,EIF_PORT,IO_PROCESS_POINT_ID,DIVISION_ID,REPLY_CLIENT_ID) VALUES ('ESTS.SEQUENCE-SYNC              ','                                                                ',3,'Trailer/Row/Sequence for Sync validation                                                                                        ','localhost',13030,'AE0TR18001      ','AE              ','                                ');
INSERT INTO "GALADM"."GAL253TBX" (CLIENT_ID,ALIAS_NAME,DEVICE_TYPE,DEVICE_DESCRIPTION,EIF_IP_ADDRESS,EIF_PORT,IO_PROCESS_POINT_ID,DIVISION_ID,REPLY_CLIENT_ID,CREATE_TIMESTAMP,UPDATE_TIMESTAMP) VALUES ('AE0EN16601                      ','                                                                ',3,'                                                                                                                                ','localhost',13030,'AE0EN16601      ','AE              ','                                ',{ts '2016-05-14 06:57:42.229546'},{ts '2018-10-30 09:16:55.951718'});
INSERT INTO "GALADM"."GAL253TBX" (CLIENT_ID,ALIAS_NAME,DEVICE_TYPE,DEVICE_DESCRIPTION,EIF_IP_ADDRESS,EIF_PORT,IO_PROCESS_POINT_ID,DIVISION_ID,REPLY_CLIENT_ID,CREATE_TIMESTAMP,UPDATE_TIMESTAMP) VALUES ('VanningSheets                   ','Vanning Sheets Printer                                          ',1,'Vanning Sheets Printer                                                                                                          ','PP',0,'AE0EN16701      ','AE              ','                                ',{ts '2013-11-10 08:03:29.558939'},{ts '2018-10-30 09:16:55.951718'});

-- Device Format

INSERT INTO "GALADM"."GAL257TBX" (CLIENT_ID,TAG,SEQUENCE_NUMBER,"OFFSET",LENGTH,TAG_TYPE,TAG_VALUE,CREATE_TIMESTAMP,UPDATE_TIMESTAMP,DATA_TYPE,TAG_NAME) VALUES ('ESTS.CP-Z14                     ','CP-Z14                                                                                                                          ',1,0,0,2,'AE1_600_DRESS_REPAIR_PLC.DRESS_LINE_CONVEYOR.TRACKING.CP-Z14',{ts '2008-06-18 09:26:53.648464'},{ts '2008-06-18 09:26:53.686705'},null,null);
INSERT INTO "GALADM"."GAL257TBX" (CLIENT_ID,TAG,SEQUENCE_NUMBER,"OFFSET",LENGTH,TAG_TYPE,TAG_VALUE,CREATE_TIMESTAMP,UPDATE_TIMESTAMP,DATA_TYPE,TAG_NAME) VALUES ('ESTS.CP-Z15                     ','CP-Z15                                                                                                                          ',1,0,0,2,'AE1_600_DRESS_REPAIR_PLC.DRESS_LINE_CONVEYOR.TRACKING.CP-Z15',{ts '2008-06-18 09:27:50.278494'},{ts '2008-06-18 09:27:50.284495'},null,null);
INSERT INTO "GALADM"."GAL257TBX" (CLIENT_ID,TAG,SEQUENCE_NUMBER,"OFFSET",LENGTH,TAG_TYPE,TAG_VALUE,CREATE_TIMESTAMP,UPDATE_TIMESTAMP,DATA_TYPE,TAG_NAME) VALUES ('ESTS.DUMMY_REPLY                ','DUMMY_REPLY                                                                                                                     ',1,0,0,0,'DUMMY_REPLY',{ts '2008-05-09 15:01:48.168553'},{ts '2008-05-09 15:01:48.196165'},null,null);
INSERT INTO "GALADM"."GAL257TBX" (CLIENT_ID,TAG,SEQUENCE_NUMBER,"OFFSET",LENGTH,TAG_TYPE,TAG_VALUE,CREATE_TIMESTAMP,UPDATE_TIMESTAMP,DATA_TYPE,TAG_NAME) VALUES ('ESTS.HB-ATW_OVERHEAD_PLC        ','HB-ATW_OVERHEAD_PLC                                                                                                             ',1,0,0,2,'AE1_600_DRESS_REPAIR_PLC.DRESS_LINE_CONVEYOR.TRACKING.HB-ATW_OVERHEAD_PLC',{ts '2008-06-18 09:28:26.909087'},{ts '2008-06-18 09:28:26.915062'},null,null);
INSERT INTO "GALADM"."GAL257TBX" (CLIENT_ID,TAG,SEQUENCE_NUMBER,"OFFSET",LENGTH,TAG_TYPE,TAG_VALUE,CREATE_TIMESTAMP,UPDATE_TIMESTAMP,DATA_TYPE,TAG_NAME) VALUES ('ESTS.HB-PDSI_SHIPPING_PLC       ','HB-PDSI_SHIPPING_PLC                                                                                                            ',1,0,0,2,'AE1_800_SHIPPING_PLC.SHIPPING.QUORUM.HB-PDSI_SHIPPING_PLC',{ts '2008-06-21 13:54:33.946780'},{ts '2008-06-21 13:54:34.030962'},null,null);
INSERT INTO "GALADM"."GAL257TBX" (CLIENT_ID,TAG,SEQUENCE_NUMBER,"OFFSET",LENGTH,TAG_TYPE,TAG_VALUE,CREATE_TIMESTAMP,UPDATE_TIMESTAMP,DATA_TYPE,TAG_NAME) VALUES ('ESTS.HB-PDSI_SHIPPING_PLC       ','TEST                                                                                                                            ',2,0,0,1,'TEST 21fgjfdsglkjfdslg',{ts '2008-06-21 13:54:33.965670'},{ts '2008-06-21 13:54:34.032836'},null,null);
INSERT INTO "GALADM"."GAL257TBX" (CLIENT_ID,TAG,SEQUENCE_NUMBER,"OFFSET",LENGTH,TAG_TYPE,TAG_VALUE,CREATE_TIMESTAMP,UPDATE_TIMESTAMP,DATA_TYPE,TAG_NAME) VALUES ('ESTS.INDICATORS                 ','AE1_600_DRESS_REPAIR_PLC.DRESS_LINE_CONVEYOR.TRACKING.CP-Z14                                                                    ',1,0,0,0,'',{ts '2008-07-08 12:26:36.312844'},{ts '2008-07-08 12:26:36.361533'},null,null);
INSERT INTO "GALADM"."GAL257TBX" (CLIENT_ID,TAG,SEQUENCE_NUMBER,"OFFSET",LENGTH,TAG_TYPE,TAG_VALUE,CREATE_TIMESTAMP,UPDATE_TIMESTAMP,DATA_TYPE,TAG_NAME) VALUES ('ESTS.INDICATORS                 ','AE1_600_DRESS_REPAIR_PLC.DRESS_LINE_CONVEYOR.TRACKING.CP-Z15                                                                    ',2,0,0,0,'',{ts '2008-07-08 12:26:36.320042'},{ts '2008-07-08 12:26:36.386458'},null,null);
INSERT INTO "GALADM"."GAL257TBX" (CLIENT_ID,TAG,SEQUENCE_NUMBER,"OFFSET",LENGTH,TAG_TYPE,TAG_VALUE,CREATE_TIMESTAMP,UPDATE_TIMESTAMP,DATA_TYPE,TAG_NAME) VALUES ('ESTS.INDICATORS                 ','AE1_600_DRESS_REPAIR_PLC.DRESS_LINE_CONVEYOR.TRACKING.LF-Z15                                                                    ',3,0,0,0,'',{ts '2008-07-08 12:26:36.338199'},{ts '2008-07-08 12:26:36.389906'},null,null);
INSERT INTO "GALADM"."GAL257TBX" (CLIENT_ID,TAG,SEQUENCE_NUMBER,"OFFSET",LENGTH,TAG_TYPE,TAG_VALUE,CREATE_TIMESTAMP,UPDATE_TIMESTAMP,DATA_TYPE,TAG_NAME) VALUES ('ESTS.INDICATORS                 ','AE1_600_DRESS_REPAIR_PLC.DRESS_LINE_CONVEYOR.TRACKING.LF-Z16                                                                    ',4,0,0,0,'',{ts '2008-07-08 12:26:36.350070'},{ts '2008-07-08 12:26:36.396735'},null,null);
INSERT INTO "GALADM"."GAL257TBX" (CLIENT_ID,TAG,SEQUENCE_NUMBER,"OFFSET",LENGTH,TAG_TYPE,TAG_VALUE,CREATE_TIMESTAMP,UPDATE_TIMESTAMP,DATA_TYPE,TAG_NAME) VALUES ('ESTS.LF-Z15                     ','LF-Z15                                                                                                                          ',1,0,0,2,'AE1_600_DRESS_REPAIR_PLC.DRESS_LINE_CONVEYOR.TRACKING.LF-Z15',{ts '2008-06-18 09:30:05.192489'},{ts '2008-06-18 09:30:05.197431'},null,null);
INSERT INTO "GALADM"."GAL257TBX" (CLIENT_ID,TAG,SEQUENCE_NUMBER,"OFFSET",LENGTH,TAG_TYPE,TAG_VALUE,CREATE_TIMESTAMP,UPDATE_TIMESTAMP,DATA_TYPE,TAG_NAME) VALUES ('ESTS.LF-Z16                     ','LF-Z16                                                                                                                          ',1,0,0,2,'AE1_600_DRESS_REPAIR_PLC.DRESS_LINE_CONVEYOR.TRACKING.LF-Z16',{ts '2008-06-18 09:30:18.186009'},{ts '2008-06-18 09:30:18.193873'},null,null);
INSERT INTO "GALADM"."GAL257TBX" (CLIENT_ID,TAG,SEQUENCE_NUMBER,"OFFSET",LENGTH,TAG_TYPE,TAG_VALUE,CREATE_TIMESTAMP,UPDATE_TIMESTAMP,DATA_TYPE,TAG_NAME) VALUES ('ESTS.LOAD-ENGINE                ','LOAD-ENGINE                                                                                                                     ',1,0,0,2,'AE1_600_DRESS_REPAIR_PLC.DRESS_LINE_CONVEYOR.TRACKING.LOAD-ENGINE',{ts '2008-08-20 09:45:14.533336'},{ts '2008-08-20 09:45:14.543131'},null,null);
INSERT INTO "GALADM"."GAL257TBX" (CLIENT_ID,TAG,SEQUENCE_NUMBER,"OFFSET",LENGTH,TAG_TYPE,TAG_VALUE,CREATE_TIMESTAMP,UPDATE_TIMESTAMP,DATA_TYPE,TAG_NAME) VALUES ('ESTS.MP-DL3-REPAIR              ','MP-DL3-REPAIR                                                                                                                   ',1,0,0,2,'AE1_600_DRESS_REPAIR_PLC.DRESS_LINE_CONVEYOR.TRACKING.MP-DL3-REPAIR',{ts '2008-06-18 09:28:52.486522'},{ts '2008-06-18 09:28:52.491573'},null,null);
INSERT INTO "GALADM"."GAL257TBX" (CLIENT_ID,TAG,SEQUENCE_NUMBER,"OFFSET",LENGTH,TAG_TYPE,TAG_VALUE,CREATE_TIMESTAMP,UPDATE_TIMESTAMP,DATA_TYPE,TAG_NAME) VALUES ('ESTS.MP-DL3-Z14                 ','MP-DL3-Z14                                                                                                                      ',1,0,0,2,'AE1_600_DRESS_REPAIR_PLC.DRESS_LINE_CONVEYOR.TRACKING.MP-DL3-Z14',{ts '2008-06-18 09:29:18.696303'},{ts '2008-06-18 09:29:18.701742'},null,null);
INSERT INTO "GALADM"."GAL257TBX" (CLIENT_ID,TAG,SEQUENCE_NUMBER,"OFFSET",LENGTH,TAG_TYPE,TAG_VALUE,CREATE_TIMESTAMP,UPDATE_TIMESTAMP,DATA_TYPE,TAG_NAME) VALUES ('ESTS.MP-Z14-Z15                 ','MP-Z14-Z15                                                                                                                      ',1,0,0,2,'AE1_600_DRESS_REPAIR_PLC.DRESS_LINE_CONVEYOR.TRACKING.MP-Z14-Z15',{ts '2008-06-18 09:29:32.283234'},{ts '2008-06-18 09:29:32.288204'},null,null);
INSERT INTO "GALADM"."GAL257TBX" (CLIENT_ID,TAG,SEQUENCE_NUMBER,"OFFSET",LENGTH,TAG_TYPE,TAG_VALUE,CREATE_TIMESTAMP,UPDATE_TIMESTAMP,DATA_TYPE,TAG_NAME) VALUES ('ESTS.MP-Z14-Z16                 ','MP-Z14-Z16                                                                                                                      ',1,0,0,2,'AE1_600_DRESS_REPAIR_PLC.DRESS_LINE_CONVEYOR.TRACKING.MP-Z14-Z16',{ts '2008-06-18 09:30:42.020587'},{ts '2008-06-18 09:30:42.025643'},null,null);
INSERT INTO "GALADM"."GAL257TBX" (CLIENT_ID,TAG,SEQUENCE_NUMBER,"OFFSET",LENGTH,TAG_TYPE,TAG_VALUE,CREATE_TIMESTAMP,UPDATE_TIMESTAMP,DATA_TYPE,TAG_NAME) VALUES ('ESTS.MP-Z15-Z15                 ','MP-Z15-Z15                                                                                                                      ',1,0,0,2,'AE1_600_DRESS_REPAIR_PLC.DRESS_LINE_CONVEYOR.TRACKING.MP-Z15-Z15',{ts '2008-06-18 09:30:56.703729'},{ts '2008-06-18 09:30:56.708670'},null,null);
INSERT INTO "GALADM"."GAL257TBX" (CLIENT_ID,TAG,SEQUENCE_NUMBER,"OFFSET",LENGTH,TAG_TYPE,TAG_VALUE,CREATE_TIMESTAMP,UPDATE_TIMESTAMP,DATA_TYPE,TAG_NAME) VALUES ('ESTS.MP-Z15-Z16                 ','MP-Z15-Z16                                                                                                                      ',1,0,0,2,'AE1_600_DRESS_REPAIR_PLC.DRESS_LINE_CONVEYOR.TRACKING.MP-Z15-Z16',{ts '2008-06-18 09:51:43.865946'},{ts '2008-06-18 09:51:43.871599'},null,null);
INSERT INTO "GALADM"."GAL257TBX" (CLIENT_ID,TAG,SEQUENCE_NUMBER,"OFFSET",LENGTH,TAG_TYPE,TAG_VALUE,CREATE_TIMESTAMP,UPDATE_TIMESTAMP,DATA_TYPE,TAG_NAME) VALUES ('ESTS.MP-Z16-EXIT                ','MP-Z16-EXIT                                                                                                                     ',1,0,0,2,'AE1_600_DRESS_REPAIR_PLC.DRESS_LINE_CONVEYOR.TRACKING.MP-Z16-EXIT',{ts '2008-06-18 09:52:08.534868'},{ts '2008-06-18 09:52:08.539456'},null,null);
INSERT INTO "GALADM"."GAL257TBX" (CLIENT_ID,TAG,SEQUENCE_NUMBER,"OFFSET",LENGTH,TAG_TYPE,TAG_VALUE,CREATE_TIMESTAMP,UPDATE_TIMESTAMP,DATA_TYPE,TAG_NAME) VALUES ('ESTS.MR-Z14-Z15                 ','AE1_600_DRESS_REPAIR_PLC.DRESS_LINE_CONVEYOR.TRACKING.MR-Z14-Z15                                                                ',1,0,0,2,'MR-Z14-Z15',{ts '2008-06-18 09:53:24.915407'},{ts '2008-06-18 09:53:24.919682'},null,null);
INSERT INTO "GALADM"."GAL257TBX" (CLIENT_ID,TAG,SEQUENCE_NUMBER,"OFFSET",LENGTH,TAG_TYPE,TAG_VALUE,CREATE_TIMESTAMP,UPDATE_TIMESTAMP,DATA_TYPE,TAG_NAME) VALUES ('ESTS.MR-Z14-Z16                 ','AE1_600_DRESS_REPAIR_PLC.DRESS_LINE_CONVEYOR.TRACKING.MR-Z14-Z16                                                                ',1,0,0,2,'MR-Z14-Z16',{ts '2008-06-18 09:54:06.786206'},{ts '2008-06-18 09:54:06.790056'},null,null);
INSERT INTO "GALADM"."GAL257TBX" (CLIENT_ID,TAG,SEQUENCE_NUMBER,"OFFSET",LENGTH,TAG_TYPE,TAG_VALUE,CREATE_TIMESTAMP,UPDATE_TIMESTAMP,DATA_TYPE,TAG_NAME) VALUES ('ESTS.MR-Z15-Z15                 ','AE1_600_DRESS_REPAIR_PLC.DRESS_LINE_CONVEYOR.TRACKING.MR-Z15-Z15                                                                ',1,0,0,2,'MR-Z15-Z15',{ts '2008-06-18 09:54:44.364038'},{ts '2008-06-18 09:54:44.367692'},null,null);
INSERT INTO "GALADM"."GAL257TBX" (CLIENT_ID,TAG,SEQUENCE_NUMBER,"OFFSET",LENGTH,TAG_TYPE,TAG_VALUE,CREATE_TIMESTAMP,UPDATE_TIMESTAMP,DATA_TYPE,TAG_NAME) VALUES ('ESTS.MR-Z15-Z16                 ','AE1_600_DRESS_REPAIR_PLC.DRESS_LINE_CONVEYOR.TRACKING.MR-Z15-Z16                                                                ',1,0,0,2,'MR-Z15-Z16',{ts '2008-06-18 09:55:11.364124'},{ts '2008-06-18 09:55:11.368029'},null,null);
INSERT INTO "GALADM"."GAL257TBX" (CLIENT_ID,TAG,SEQUENCE_NUMBER,"OFFSET",LENGTH,TAG_TYPE,TAG_VALUE,CREATE_TIMESTAMP,UPDATE_TIMESTAMP,DATA_TYPE,TAG_NAME) VALUES ('ESTS.PE-DL3                     ','PE-DL3                                                                                                                          ',1,0,0,2,'AE1_600_DRESS_REPAIR_PLC.DRESS_LINE_CONVEYOR.TRACKING.PE-DL3',{ts '2008-12-15 15:58:53.628290'},{ts '2008-12-15 15:58:53.709312'},null,null);
INSERT INTO "GALADM"."GAL257TBX" (CLIENT_ID,TAG,SEQUENCE_NUMBER,"OFFSET",LENGTH,TAG_TYPE,TAG_VALUE,CREATE_TIMESTAMP,UPDATE_TIMESTAMP,DATA_TYPE,TAG_NAME) VALUES ('ESTS.QUORUM                     ','AE1_800_SHIPPING_PLC.SHIPPING.QUORUM.PALLET_TYPE                                                                                ',1,0,0,2,'PALLET_TYPE',{ts '2008-06-18 09:58:34.792285'},{ts '2008-06-18 09:58:34.902197'},null,null);
INSERT INTO "GALADM"."GAL257TBX" (CLIENT_ID,TAG,SEQUENCE_NUMBER,"OFFSET",LENGTH,TAG_TYPE,TAG_VALUE,CREATE_TIMESTAMP,UPDATE_TIMESTAMP,DATA_TYPE,TAG_NAME) VALUES ('ESTS.QUORUM                     ','AE1_800_SHIPPING_PLC.SHIPPING.QUORUM.QUORUM_SIZE                                                                                ',2,0,0,2,'QUORUM_SIZE',{ts '2008-06-18 09:58:34.795979'},{ts '2008-06-18 09:58:34.904108'},null,null);
INSERT INTO "GALADM"."GAL257TBX" (CLIENT_ID,TAG,SEQUENCE_NUMBER,"OFFSET",LENGTH,TAG_TYPE,TAG_VALUE,CREATE_TIMESTAMP,UPDATE_TIMESTAMP,DATA_TYPE,TAG_NAME) VALUES ('ESTS.QUORUM                     ','AE1_800_SHIPPING_PLC.SHIPPING.QUORUM.QUORUM_TYPE                                                                                ',3,0,0,2,'QUORUM_TYPE',{ts '2008-06-18 09:58:34.799725'},{ts '2008-06-18 09:58:34.905981'},null,null);
INSERT INTO "GALADM"."GAL257TBX" (CLIENT_ID,TAG,SEQUENCE_NUMBER,"OFFSET",LENGTH,TAG_TYPE,TAG_VALUE,CREATE_TIMESTAMP,UPDATE_TIMESTAMP,DATA_TYPE,TAG_NAME) VALUES ('ESTS.QUORUM                     ','AE1_800_SHIPPING_PLC.SHIPPING.QUORUM.ROW_NUMBER                                                                                 ',4,0,0,2,'ROW_NUMBER',{ts '2008-06-18 09:58:34.895144'},{ts '2008-06-18 09:58:34.907987'},null,null);
INSERT INTO "GALADM"."GAL257TBX" (CLIENT_ID,TAG,SEQUENCE_NUMBER,"OFFSET",LENGTH,TAG_TYPE,TAG_VALUE,CREATE_TIMESTAMP,UPDATE_TIMESTAMP,DATA_TYPE,TAG_NAME) VALUES ('ESTS.QUORUM                     ','AE1_800_SHIPPING_PLC.SHIPPING.QUORUM.TRAILER_NUMBER                                                                             ',5,0,0,2,'TRAILER_NUMBER',{ts '2008-06-18 09:58:34.898865'},{ts '2008-06-18 09:58:34.909813'},null,null);
INSERT INTO "GALADM"."GAL257TBX" (CLIENT_ID,TAG,SEQUENCE_NUMBER,"OFFSET",LENGTH,TAG_TYPE,TAG_VALUE,CREATE_TIMESTAMP,UPDATE_TIMESTAMP,DATA_TYPE,TAG_NAME) VALUES ('ESTS.RDR-DL3                    ','RDR-DL3                                                                                                                         ',1,0,0,2,'AE1_600_DRESS_REPAIR_PLC.DRESS_LINE_CONVEYOR.TRACKING.RDR-DL3',{ts '2008-06-18 09:55:34.549364'},{ts '2008-06-18 09:55:34.552894'},4,null);
INSERT INTO "GALADM"."GAL257TBX" (CLIENT_ID,TAG,SEQUENCE_NUMBER,"OFFSET",LENGTH,TAG_TYPE,TAG_VALUE,CREATE_TIMESTAMP,UPDATE_TIMESTAMP,DATA_TYPE,TAG_NAME) VALUES ('ESTS.RDR-Z14                    ','RDR-Z14                                                                                                                         ',1,0,0,2,'AE1_600_DRESS_REPAIR_PLC.DRESS_LINE_CONVEYOR.TRACKING.RDR-Z14',{ts '2008-06-18 09:55:49.462016'},{ts '2008-06-18 09:55:49.467008'},4,null);
INSERT INTO "GALADM"."GAL257TBX" (CLIENT_ID,TAG,SEQUENCE_NUMBER,"OFFSET",LENGTH,TAG_TYPE,TAG_VALUE,CREATE_TIMESTAMP,UPDATE_TIMESTAMP,DATA_TYPE,TAG_NAME) VALUES ('ESTS.RDR-Z15                    ','RDR-Z15                                                                                                                         ',1,0,0,2,'AE1_600_DRESS_REPAIR_PLC.DRESS_LINE_CONVEYOR.TRACKING.RDR-Z15',{ts '2008-06-18 09:56:20.033699'},{ts '2008-06-18 09:56:20.045010'},4,null);
INSERT INTO "GALADM"."GAL257TBX" (CLIENT_ID,TAG,SEQUENCE_NUMBER,"OFFSET",LENGTH,TAG_TYPE,TAG_VALUE,CREATE_TIMESTAMP,UPDATE_TIMESTAMP,DATA_TYPE,TAG_NAME) VALUES ('ESTS.RDR-Z16                    ','RDR-Z16                                                                                                                         ',1,0,0,2,'AE1_600_DRESS_REPAIR_PLC.DRESS_LINE_CONVEYOR.TRACKING.RDR-Z16',{ts '2008-06-18 09:56:42.741523'},{ts '2008-06-18 09:56:42.744996'},4,null);
INSERT INTO "GALADM"."GAL257TBX" (CLIENT_ID,TAG,SEQUENCE_NUMBER,"OFFSET",LENGTH,TAG_TYPE,TAG_VALUE,CREATE_TIMESTAMP,UPDATE_TIMESTAMP,DATA_TYPE,TAG_NAME) VALUES ('ESTS.RDR-Z3                     ','RDR-Z3                                                                                                                          ',1,0,0,2,'RDR-Z3',{ts '2008-05-09 15:00:40.760105'},{ts '2008-05-09 15:00:40.767231'},4,null);
INSERT INTO "GALADM"."GAL257TBX" (CLIENT_ID,TAG,SEQUENCE_NUMBER,"OFFSET",LENGTH,TAG_TYPE,TAG_VALUE,CREATE_TIMESTAMP,UPDATE_TIMESTAMP,DATA_TYPE,TAG_NAME) VALUES ('ESTS.REPLY-ATW_OVERHEAD_PLC     ','AE1_600_DRESS_REPAIR_PLC.DRESS_LINE_CONVEYOR.TRACKING.REPLY-ATW_OVERHEAD_PLC                                                    ',1,0,0,2,'REPLY-ATW_OVERHEAD_PLC',{ts '2008-06-18 10:00:20.305161'},{ts '2008-06-18 10:00:20.308991'},null,null);
INSERT INTO "GALADM"."GAL257TBX" (CLIENT_ID,TAG,SEQUENCE_NUMBER,"OFFSET",LENGTH,TAG_TYPE,TAG_VALUE,CREATE_TIMESTAMP,UPDATE_TIMESTAMP,DATA_TYPE,TAG_NAME) VALUES ('ESTS.REPLY-PDSI_SHIPPING_PLC    ','AE1_800_SHIPPING_PLC.SHIPPING.QUORUM.HB-GALC-SHIPPING                                                                           ',1,0,0,2,'REPLY-PDSI_SHIPPING_PLC',{ts '2008-06-18 09:59:15.027283'},{ts '2008-06-18 09:59:15.031243'},null,null);
INSERT INTO "GALADM"."GAL257TBX" (CLIENT_ID,TAG,SEQUENCE_NUMBER,"OFFSET",LENGTH,TAG_TYPE,TAG_VALUE,CREATE_TIMESTAMP,UPDATE_TIMESTAMP,DATA_TYPE,TAG_NAME) VALUES ('ESTS.REPLY-RDR-DL3              ','AE1_600_DRESS_REPAIR_PLC.DRESS_LINE_CONVEYOR.TRACKING.REPLY-RDR-DL3                                                             ',1,0,0,1,'TRUE',{ts '2008-07-25 12:20:19.695134'},{ts '2008-07-25 12:20:19.765690'},null,null);
INSERT INTO "GALADM"."GAL257TBX" (CLIENT_ID,TAG,SEQUENCE_NUMBER,"OFFSET",LENGTH,TAG_TYPE,TAG_VALUE,CREATE_TIMESTAMP,UPDATE_TIMESTAMP,DATA_TYPE,TAG_NAME) VALUES ('ESTS.SEQUENCE-SYNC              ','AE1_800_SHIPPING_PLC.SHIPPING.SEQUENCE_SYNC.MODEL_TYPE                                                                          ',5,0,0,1,'AP4',{ts '2015-12-11 10:10:09.469558'},null,4,null);
INSERT INTO "GALADM"."GAL257TBX" (CLIENT_ID,TAG,SEQUENCE_NUMBER,"OFFSET",LENGTH,TAG_TYPE,TAG_VALUE,CREATE_TIMESTAMP,UPDATE_TIMESTAMP,DATA_TYPE,TAG_NAME) VALUES ('ESTS.SEQUENCE-SYNC              ','AE1_800_SHIPPING_PLC.SHIPPING.SEQUENCE_SYNC.QUORUM_SIZE                                                                         ',4,0,0,2,'QUORUM_SIZE',{ts '2015-12-11 10:10:09.468352'},null,2,null);
INSERT INTO "GALADM"."GAL257TBX" (CLIENT_ID,TAG,SEQUENCE_NUMBER,"OFFSET",LENGTH,TAG_TYPE,TAG_VALUE,CREATE_TIMESTAMP,UPDATE_TIMESTAMP,DATA_TYPE,TAG_NAME) VALUES ('ESTS.SEQUENCE-SYNC              ','AE1_800_SHIPPING_PLC.SHIPPING.SEQUENCE_SYNC.QUORUM_TYPE                                                                         ',6,0,0,2,'QUORUM_TYPE',{ts '2015-12-11 10:10:09.470821'},null,4,null);
INSERT INTO "GALADM"."GAL257TBX" (CLIENT_ID,TAG,SEQUENCE_NUMBER,"OFFSET",LENGTH,TAG_TYPE,TAG_VALUE,CREATE_TIMESTAMP,UPDATE_TIMESTAMP,DATA_TYPE,TAG_NAME) VALUES ('ESTS.SEQUENCE-SYNC              ','AE1_800_SHIPPING_PLC.SHIPPING.SEQUENCE_SYNC.ROW_NUM                                                                             ',2,0,0,2,'ROW_NUMBER',{ts '2015-12-11 10:10:09.465925'},null,2,null);
INSERT INTO "GALADM"."GAL257TBX" (CLIENT_ID,TAG,SEQUENCE_NUMBER,"OFFSET",LENGTH,TAG_TYPE,TAG_VALUE,CREATE_TIMESTAMP,UPDATE_TIMESTAMP,DATA_TYPE,TAG_NAME) VALUES ('ESTS.SEQUENCE-SYNC              ','AE1_800_SHIPPING_PLC.SHIPPING.SEQUENCE_SYNC.SEQ_NUM                                                                             ',1,0,0,2,'SEQUENCE_NUMBER',{ts '2015-12-11 10:10:09.456546'},null,2,null);
INSERT INTO "GALADM"."GAL257TBX" (CLIENT_ID,TAG,SEQUENCE_NUMBER,"OFFSET",LENGTH,TAG_TYPE,TAG_VALUE,CREATE_TIMESTAMP,UPDATE_TIMESTAMP,DATA_TYPE,TAG_NAME) VALUES ('ESTS.SEQUENCE-SYNC              ','AE1_800_SHIPPING_PLC.SHIPPING.SEQUENCE_SYNC.TRAILER_NUM                                                                         ',3,0,0,2,'TRAILER_NUMBER',{ts '2015-12-11 10:10:09.467157'},null,4,null);

INSERT INTO "GALADM"."GAL257TBX" (CLIENT_ID,TAG,SEQUENCE_NUMBER,"OFFSET",LENGTH,TAG_TYPE,TAG_VALUE,CREATE_TIMESTAMP,UPDATE_TIMESTAMP,DATA_TYPE,TAG_NAME) VALUES ('AE0EN16601                      ','AE1_800_SHIPPING_PLC.SHIPPING.QUORUM.PALLET_TYPE                                                                                ',1,0,0,2,'PALLET_TYPE',{ts '2016-05-14 07:13:49.569801'},null,4,null);
INSERT INTO "GALADM"."GAL257TBX" (CLIENT_ID,TAG,SEQUENCE_NUMBER,"OFFSET",LENGTH,TAG_TYPE,TAG_VALUE,CREATE_TIMESTAMP,UPDATE_TIMESTAMP,DATA_TYPE,TAG_NAME) VALUES ('AE0EN16601                      ','AE1_800_SHIPPING_PLC.SHIPPING.QUORUM.QUORUM_SIZE                                                                                ',2,0,0,2,'QUORUM_SIZE',{ts '2016-05-14 07:13:49.569866'},null,2,null);
INSERT INTO "GALADM"."GAL257TBX" (CLIENT_ID,TAG,SEQUENCE_NUMBER,"OFFSET",LENGTH,TAG_TYPE,TAG_VALUE,CREATE_TIMESTAMP,UPDATE_TIMESTAMP,DATA_TYPE,TAG_NAME) VALUES ('AE0EN16601                      ','AE1_800_SHIPPING_PLC.SHIPPING.QUORUM.QUORUM_TYPE                                                                                ',3,0,0,2,'QUORUM_TYPE',{ts '2016-05-14 07:13:49.569891'},null,4,null);
INSERT INTO "GALADM"."GAL257TBX" (CLIENT_ID,TAG,SEQUENCE_NUMBER,"OFFSET",LENGTH,TAG_TYPE,TAG_VALUE,CREATE_TIMESTAMP,UPDATE_TIMESTAMP,DATA_TYPE,TAG_NAME) VALUES ('AE0EN16601                      ','AE1_800_SHIPPING_PLC.SHIPPING.QUORUM.ROW_NUMBER                                                                                 ',4,0,0,2,'ROW_NUMBER',{ts '2016-05-14 07:13:49.579173'},null,2,null);
INSERT INTO "GALADM"."GAL257TBX" (CLIENT_ID,TAG,SEQUENCE_NUMBER,"OFFSET",LENGTH,TAG_TYPE,TAG_VALUE,CREATE_TIMESTAMP,UPDATE_TIMESTAMP,DATA_TYPE,TAG_NAME) VALUES ('AE0EN16601                      ','AE1_800_SHIPPING_PLC.SHIPPING.QUORUM.TRAILER_NUMBER                                                                             ',5,0,0,2,'TRAILER_NUMBER',{ts '2016-05-14 07:13:49.579198'},null,4,null);

-- Print Attribute Format
INSERT INTO "GALADM"."GAL258TBX" (FORMID,ATTRIBUTE,"OFFSET",LENGTH,ATTRIBUTE_TYPE,ATTRIBUTE_VALUE,SEQUENCE_NUMBER,CREATE_TIMESTAMP,UPDATE_TIMESTAMP,REQUIRED) VALUES ('VanningSheets                                     ','ENGINE_LOTS                     ',0,0,2,'ENGINE_LOTS',3,{ts '2008-06-19 08:16:34.995279'},null,null);
INSERT INTO "GALADM"."GAL258TBX" (FORMID,ATTRIBUTE,"OFFSET",LENGTH,ATTRIBUTE_TYPE,ATTRIBUTE_VALUE,SEQUENCE_NUMBER,CREATE_TIMESTAMP,UPDATE_TIMESTAMP,REQUIRED) VALUES ('VanningSheets                                     ','LOTS_SUMMARY                    ',0,0,2,'LOTS_SUMMARY',4,{ts '2008-06-19 08:16:35.002270'},null,null);
INSERT INTO "GALADM"."GAL258TBX" (FORMID,ATTRIBUTE,"OFFSET",LENGTH,ATTRIBUTE_TYPE,ATTRIBUTE_VALUE,SEQUENCE_NUMBER,CREATE_TIMESTAMP,UPDATE_TIMESTAMP,REQUIRED) VALUES ('VanningSheets                                     ','SHIPPING_DATE                   ',0,0,2,'SHIPPING_DATE',2,{ts '2008-06-19 08:16:34.980811'},null,null);
INSERT INTO "GALADM"."GAL258TBX" (FORMID,ATTRIBUTE,"OFFSET",LENGTH,ATTRIBUTE_TYPE,ATTRIBUTE_VALUE,SEQUENCE_NUMBER,CREATE_TIMESTAMP,UPDATE_TIMESTAMP,REQUIRED) VALUES ('VanningSheets                                     ','TRAILER                         ',0,0,2,'TRAILER',1,{ts '2008-06-19 08:16:34.897848'},null,null);

INSERT INTO "GALADM"."GAL489TBX" (COMPONENT_ID,PROPERTY_KEY,PROPERTY_VALUE,DESCRIPTION,CHANGE_USER_ID,CREATE_TIMESTAMP,UPDATE_TIMESTAMP) VALUES ('AE0TR18001','AE0TR18001','false','','GALCAdmin1',{ts '2016-10-26 07:24:27.695860'},null);
INSERT INTO "GALADM"."GAL489TBX" (COMPONENT_ID,PROPERTY_KEY,PROPERTY_VALUE,DESCRIPTION,CHANGE_USER_ID,CREATE_TIMESTAMP,UPDATE_TIMESTAMP) VALUES ('AE0TR18001','CARRIER_FONT_SIZE','12','','GALCAdmin1',{ts '2016-09-11 07:51:12.394496'},{ts '2016-09-11 08:00:42.595004'});
INSERT INTO "GALADM"."GAL489TBX" (COMPONENT_ID,PROPERTY_KEY,PROPERTY_VALUE,DESCRIPTION,CHANGE_USER_ID,CREATE_TIMESTAMP,UPDATE_TIMESTAMP) VALUES ('AE0TR18001','ESTS Client','false','','GALCAdmin1',{ts '2016-10-26 07:24:27.695898'},null);
INSERT INTO "GALADM"."GAL489TBX" (COMPONENT_ID,PROPERTY_KEY,PROPERTY_VALUE,DESCRIPTION,CHANGE_USER_ID,CREATE_TIMESTAMP,UPDATE_TIMESTAMP) VALUES ('AE0TR18001','LIGHT_CLIENT_SECURITY','FALSE','','GALCAdmin1',{ts '2016-10-25 15:30:25.286511'},null);
INSERT INTO "GALADM"."GAL489TBX" (COMPONENT_ID,PROPERTY_KEY,PROPERTY_VALUE,DESCRIPTION,CHANGE_USER_ID,CREATE_TIMESTAMP,UPDATE_TIMESTAMP) VALUES ('AE0TR18001','PANEL_CLASS_NAME','com.honda.galc.client.gts.view.GtsTrackingViewPanel','','GALCAdmin1',{ts '2016-09-03 06:35:42.760897'},null);
INSERT INTO "GALADM"."GAL489TBX" (COMPONENT_ID,PROPERTY_KEY,PROPERTY_VALUE,DESCRIPTION,CHANGE_USER_ID,CREATE_TIMESTAMP,UPDATE_TIMESTAMP) VALUES ('AE0TR18001','SHIPABLE_PROCESS_POINT_ID','AE0EN16101','','GALCAdmin1',{ts '2016-09-03 06:36:00.304453'},null);
INSERT INTO "GALADM"."GAL489TBX" (COMPONENT_ID,PROPERTY_KEY,PROPERTY_VALUE,DESCRIPTION,CHANGE_USER_ID,CREATE_TIMESTAMP,UPDATE_TIMESTAMP) VALUES ('AE0TR18001','SHIPPING_PROCESS_POINT_ID','AE0EN16601','','GALCAdmin1',{ts '2016-09-03 06:36:15.603457'},null);
INSERT INTO "GALADM"."GAL489TBX" (COMPONENT_ID,PROPERTY_KEY,PROPERTY_VALUE,DESCRIPTION,CHANGE_USER_ID,CREATE_TIMESTAMP,UPDATE_TIMESTAMP) VALUES ('AE0TR18001','TRACKING CONTROL SECURITY GROUP NAME','SC','','GALCAdmin1',{ts '2016-09-03 06:36:28.345438'},null);
INSERT INTO "GALADM"."GAL489TBX" (COMPONENT_ID,PROPERTY_KEY,PROPERTY_VALUE,DESCRIPTION,CHANGE_USER_ID,CREATE_TIMESTAMP,UPDATE_TIMESTAMP) VALUES ('AE0EN16601','-SHIPPING_PLANT{HMI 01}','9;(255,0,255);75;(3,2,1,6,5,4)','plant code, color, trailer size,loading sequence map','GALCAdmin1',{ts '2014-09-19 11:01:26.113905'},null);
INSERT INTO "GALADM"."GAL489TBX" (COMPONENT_ID,PROPERTY_KEY,PROPERTY_VALUE,DESCRIPTION,CHANGE_USER_ID,CREATE_TIMESTAMP,UPDATE_TIMESTAMP) VALUES ('AE0EN16601',';PALLET_MAP{5AA}','AP2','NEW','GALCAdmin1',{ts '2017-10-02 13:10:18.817481'},null);
INSERT INTO "GALADM"."GAL489TBX" (COMPONENT_ID,PROPERTY_KEY,PROPERTY_VALUE,DESCRIPTION,CHANGE_USER_ID,CREATE_TIMESTAMP,UPDATE_TIMESTAMP) VALUES ('AE0EN16601',';SHIPPING_PLANT{HCM 01}','1;(0,255,255);60;(3,2,1,6,5,4)','plant code, color, trailer size,loading sequence map','GALCAdmin1',{ts '2014-07-17 14:41:57.947030'},{ts '2016-05-29 06:36:06.622481'});
INSERT INTO "GALADM"."GAL489TBX" (COMPONENT_ID,PROPERTY_KEY,PROPERTY_VALUE,DESCRIPTION,CHANGE_USER_ID,CREATE_TIMESTAMP,UPDATE_TIMESTAMP) VALUES ('AE0EN16601',';SHIPPING_PLANT{HCM 02}','2;(255,200,0);60;(1,2,3,4,5,6)','plant code, color, trailer size,loading sequence map','GALCAdmin1',{ts '2014-07-17 14:42:12.050521'},{ts '2016-05-29 06:36:42.116363'});
INSERT INTO "GALADM"."GAL489TBX" (COMPONENT_ID,PROPERTY_KEY,PROPERTY_VALUE,DESCRIPTION,CHANGE_USER_ID,CREATE_TIMESTAMP,UPDATE_TIMESTAMP) VALUES ('AE0EN16601',';SHIPPING_PLANT{HMI 01}','9;(255,0,255);60;(4,5,6,1,2,3)','plant code, color, trailer size,loading sequence map','GALCAdmin1',{ts '2014-07-17 14:42:06.553537'},{ts '2016-05-29 06:37:05.260375'});
INSERT INTO "GALADM"."GAL489TBX" (COMPONENT_ID,PROPERTY_KEY,PROPERTY_VALUE,DESCRIPTION,CHANGE_USER_ID,CREATE_TIMESTAMP,UPDATE_TIMESTAMP) VALUES ('AE0EN16601','AUTHORIZATION_GROUP','AV','NEW','GALCAdmin1',{ts '2016-05-14 06:33:34.538975'},null);
INSERT INTO "GALADM"."GAL489TBX" (COMPONENT_ID,PROPERTY_KEY,PROPERTY_VALUE,DESCRIPTION,CHANGE_USER_ID,CREATE_TIMESTAMP,UPDATE_TIMESTAMP) VALUES ('AE0EN16601','BACK_SHIPPING_PLANT{HMI 01}','9;(255,0,255);60;(6,5,4,3,2,1)','plant code, color, trailer size,loading sequence map 04/01/02016','GALCAdmin1',{ts '2016-04-01 13:11:03.306895'},null);
INSERT INTO "GALADM"."GAL489TBX" (COMPONENT_ID,PROPERTY_KEY,PROPERTY_VALUE,DESCRIPTION,CHANGE_USER_ID,CREATE_TIMESTAMP,UPDATE_TIMESTAMP) VALUES ('AE0EN16601','EMER_QUORUM_SIZE','6','Legacy','GALCAdmin1',{ts '2008-07-30 12:21:56.638874'},{ts '2016-05-14 06:32:05.758343'});
INSERT INTO "GALADM"."GAL489TBX" (COMPONENT_ID,PROPERTY_KEY,PROPERTY_VALUE,DESCRIPTION,CHANGE_USER_ID,CREATE_TIMESTAMP,UPDATE_TIMESTAMP) VALUES ('AE0EN16601','EMERGENCY_QUORUM_SIZE','6','','GALCAdmin1',{ts '2016-05-29 13:27:25.312717'},{ts '2016-06-21 10:11:04.850039'});
INSERT INTO "GALADM"."GAL489TBX" (COMPONENT_ID,PROPERTY_KEY,PROPERTY_VALUE,DESCRIPTION,CHANGE_USER_ID,CREATE_TIMESTAMP,UPDATE_TIMESTAMP) VALUES ('AE0EN16601','LOADING_SEQUENCE_MAP{HCM 01}','3,2,1,6,5,4','NEW','GALCAdmin1',{ts '2016-05-14 06:34:01.005848'},null);
INSERT INTO "GALADM"."GAL489TBX" (COMPONENT_ID,PROPERTY_KEY,PROPERTY_VALUE,DESCRIPTION,CHANGE_USER_ID,CREATE_TIMESTAMP,UPDATE_TIMESTAMP) VALUES ('AE0EN16601','LOADING_SEQUENCE_MAP{HCM 02}','1,2,3,4,5,6','NEW','GALCAdmin1',{ts '2016-05-14 06:34:17.567012'},null);
INSERT INTO "GALADM"."GAL489TBX" (COMPONENT_ID,PROPERTY_KEY,PROPERTY_VALUE,DESCRIPTION,CHANGE_USER_ID,CREATE_TIMESTAMP,UPDATE_TIMESTAMP) VALUES ('AE0EN16601','LOADING_SEQUENCE_MAP{HMI 01}','4,5,6,1,2,3','NEW','GALCAdmin1',{ts '2016-05-14 06:34:40.847409'},null);
INSERT INTO "GALADM"."GAL489TBX" (COMPONENT_ID,PROPERTY_KEY,PROPERTY_VALUE,DESCRIPTION,CHANGE_USER_ID,CREATE_TIMESTAMP,UPDATE_TIMESTAMP) VALUES ('AE0EN16601','PALLET_MAP{5BB}','AP4','NEW','GALCAdmin1',{ts '2016-05-14 10:09:46.671985'},{ts '2016-05-14 10:10:45.004563'});
INSERT INTO "GALADM"."GAL489TBX" (COMPONENT_ID,PROPERTY_KEY,PROPERTY_VALUE,DESCRIPTION,CHANGE_USER_ID,CREATE_TIMESTAMP,UPDATE_TIMESTAMP) VALUES ('AE0EN16601','PALLET_MAP{5VZ}','AP4','NEW','GALCAdmin1',{ts '2016-07-15 07:58:14.656914'},null);
INSERT INTO "GALADM"."GAL489TBX" (COMPONENT_ID,PROPERTY_KEY,PROPERTY_VALUE,DESCRIPTION,CHANGE_USER_ID,CREATE_TIMESTAMP,UPDATE_TIMESTAMP) VALUES ('AE0EN16601','PANEL_CLASS_NAME','com.honda.galc.client.engine.shipping.EngineShippingView','NEW','GALCAdmin1',{ts '2016-05-14 06:34:57.361551'},null);
INSERT INTO "GALADM"."GAL489TBX" (COMPONENT_ID,PROPERTY_KEY,PROPERTY_VALUE,DESCRIPTION,CHANGE_USER_ID,CREATE_TIMESTAMP,UPDATE_TIMESTAMP) VALUES ('AE0EN16601','PRINTER_PPID','AE0EN16701','Legacy','GALCAdmin1',{ts '2008-06-27 16:11:37.495787'},{ts '2016-05-14 06:32:16.537521'});
INSERT INTO "GALADM"."GAL489TBX" (COMPONENT_ID,PROPERTY_KEY,PROPERTY_VALUE,DESCRIPTION,CHANGE_USER_ID,CREATE_TIMESTAMP,UPDATE_TIMESTAMP) VALUES ('AE0EN16601','REPAIR_QUORUM_SIZE','3','NEW','GALCAdmin1',{ts '2008-07-30 12:22:04.873234'},{ts '2016-05-14 06:35:26.942088'});
INSERT INTO "GALADM"."GAL489TBX" (COMPONENT_ID,PROPERTY_KEY,PROPERTY_VALUE,DESCRIPTION,CHANGE_USER_ID,CREATE_TIMESTAMP,UPDATE_TIMESTAMP) VALUES ('AE0EN16601','SHIPPING_PLANT_COLOR{HCM 01}','0,255,255','NEW','GALCAdmin1',{ts '2016-05-14 06:36:00.317309'},null);
INSERT INTO "GALADM"."GAL489TBX" (COMPONENT_ID,PROPERTY_KEY,PROPERTY_VALUE,DESCRIPTION,CHANGE_USER_ID,CREATE_TIMESTAMP,UPDATE_TIMESTAMP) VALUES ('AE0EN16601','SHIPPING_PLANT_COLOR{HCM 02}','255,200,0','NEW','GALCAdmin1',{ts '2016-05-14 06:36:11.165963'},null);
INSERT INTO "GALADM"."GAL489TBX" (COMPONENT_ID,PROPERTY_KEY,PROPERTY_VALUE,DESCRIPTION,CHANGE_USER_ID,CREATE_TIMESTAMP,UPDATE_TIMESTAMP) VALUES ('AE0EN16601','SHIPPING_PLANT{HCM 01}','1','plant code, color, trailer size,loading sequence map','GALCAdmin1',{ts '2011-11-10 05:34:52.498092'},{ts '2016-06-28 04:37:31.110442'});
INSERT INTO "GALADM"."GAL489TBX" (COMPONENT_ID,PROPERTY_KEY,PROPERTY_VALUE,DESCRIPTION,CHANGE_USER_ID,CREATE_TIMESTAMP,UPDATE_TIMESTAMP) VALUES ('AE0EN16601','SHIPPING_PLANT{HCM 02}','2','plant code, color, trailer size,loading sequence map','GALCAdmin1',{ts '2011-11-10 05:35:55.996158'},{ts '2016-06-28 04:37:39.264411'});
INSERT INTO "GALADM"."GAL489TBX" (COMPONENT_ID,PROPERTY_KEY,PROPERTY_VALUE,DESCRIPTION,CHANGE_USER_ID,CREATE_TIMESTAMP,UPDATE_TIMESTAMP) VALUES ('AE0EN16601','SHIPPING_PLANT{HMI 01}','9','plant code, color, trailer size,loading sequence map','GALCAdmin1',{ts '2011-11-10 05:36:20.381132'},{ts '2016-06-28 04:37:45.396885'});
INSERT INTO "GALADM"."GAL489TBX" (COMPONENT_ID,PROPERTY_KEY,PROPERTY_VALUE,DESCRIPTION,CHANGE_USER_ID,CREATE_TIMESTAMP,UPDATE_TIMESTAMP) VALUES ('AE0EN16601','SHIPPING_TRAILER_SIZE{HCM 01}','60','NEW','GALCAdmin1',{ts '2016-05-14 06:40:14.969114'},null);
INSERT INTO "GALADM"."GAL489TBX" (COMPONENT_ID,PROPERTY_KEY,PROPERTY_VALUE,DESCRIPTION,CHANGE_USER_ID,CREATE_TIMESTAMP,UPDATE_TIMESTAMP) VALUES ('AE0EN16601','SHIPPING_TRAILER_SIZE{HCM 02}','60','NEW','GALCAdmin1',{ts '2016-05-14 06:40:23.776738'},null);
INSERT INTO "GALADM"."GAL489TBX" (COMPONENT_ID,PROPERTY_KEY,PROPERTY_VALUE,DESCRIPTION,CHANGE_USER_ID,CREATE_TIMESTAMP,UPDATE_TIMESTAMP) VALUES ('AE0EN16601','SHIPPING_TRAILER_SIZE{HMI 01}','60','NEW','GALCAdmin1',{ts '2016-05-14 06:40:37.545374'},null);
INSERT INTO "GALADM"."GAL489TBX" (COMPONENT_ID,PROPERTY_KEY,PROPERTY_VALUE,DESCRIPTION,CHANGE_USER_ID,CREATE_TIMESTAMP,UPDATE_TIMESTAMP) VALUES ('AE0EN16601','SUPPORT_LEGACY_REQUEST','FALSE','','GALCAdmin1',{ts '2016-09-03 12:57:10.944154'},{ts '2016-09-11 06:52:36.360662'});
INSERT INTO "GALADM"."GAL489TBX" (COMPONENT_ID,PROPERTY_KEY,PROPERTY_VALUE,DESCRIPTION,CHANGE_USER_ID,CREATE_TIMESTAMP,UPDATE_TIMESTAMP) VALUES ('AE0EN16601','BROADCAST_SEQ{9}','0','','GALCAdmin1',{ts '2018-11-16 07:30:54.110073'},{ts '2018-11-16 08:14:28.811787'});


INSERT INTO "GALADM"."VANNING_SCHEDULE_TBX" (PRODUCTION_DATE,VANNING_SEQ,TRAILER_ID,KD_LOT,PRODUCTION_LOT,YMTO,SCH_QTY,ACT_QTY,CREATE_TIMESTAMP,UPDATE_TIMESTAMP) VALUES ({d '2018-11-01'},1400000,null,'HCM 01201810034502','HCM 03AE201810190120','K5BBLF900',18,0,{ts '2018-10-17 11:00:13.942082'},{ts '2018-10-18 06:31:07.302988'});
INSERT INTO "GALADM"."VANNING_SCHEDULE_TBX" (PRODUCTION_DATE,VANNING_SEQ,TRAILER_ID,KD_LOT,PRODUCTION_LOT,YMTO,SCH_QTY,ACT_QTY,CREATE_TIMESTAMP,UPDATE_TIMESTAMP) VALUES ({d '2018-11-01'},1500000,null,'HCM 01201810034501','HCM 03AE201810190130','K5BBAF900',12,0,{ts '2018-10-17 11:00:13.942091'},{ts '2018-10-18 06:31:12.050834'});
INSERT INTO "GALADM"."VANNING_SCHEDULE_TBX" (PRODUCTION_DATE,VANNING_SEQ,TRAILER_ID,KD_LOT,PRODUCTION_LOT,YMTO,SCH_QTY,ACT_QTY,CREATE_TIMESTAMP,UPDATE_TIMESTAMP) VALUES ({d '2018-11-01'},1600000,null,'HCM 01201810034401','HCM 03AE201810190140','K5BBAF900',30,0,{ts '2018-10-17 11:00:13.942101'},{ts '2018-10-18 06:31:12.238188'});

INSERT INTO "GALADM"."TRAILER_TBX" (TRAILER_NUMBER,TRAILER_CAPACITY,STATUS,EMPTY_CARRIER_COUNT,CREATE_TIMESTAMP,UPDATE_TIMESTAMP) VALUES (' 1118',60,0,0,{ts '2018-02-05 10:06:59.207102'},null);
INSERT INTO "GALADM"."TRAILER_TBX" (TRAILER_NUMBER,TRAILER_CAPACITY,STATUS,EMPTY_CARRIER_COUNT,CREATE_TIMESTAMP,UPDATE_TIMESTAMP) VALUES (' 1120',60,0,0,{ts '2018-02-05 10:06:59.207102'},null);
INSERT INTO "GALADM"."TRAILER_TBX" (TRAILER_NUMBER,TRAILER_CAPACITY,STATUS,EMPTY_CARRIER_COUNT,CREATE_TIMESTAMP,UPDATE_TIMESTAMP) VALUES (' 1122',60,0,0,{ts '2018-02-05 10:06:59.207102'},null);

INSERT INTO "GALADM"."QUORUM_TBX" (QUORUM_DATE,QUORUM_ID,TRAILER_ID,TRAILER_ROW,PALLET_TYPE,QUORUM_SIZE,STATUS,CREATE_TIMESTAMP,UPDATE_TIMESTAMP) VALUES ({d '2018-11-16'},250000,35912,7,'AP4',6,4,{ts '2018-11-16 13:48:50.186597'},null);
INSERT INTO "GALADM"."QUORUM_TBX" (QUORUM_DATE,QUORUM_ID,TRAILER_ID,TRAILER_ROW,PALLET_TYPE,QUORUM_SIZE,STATUS,CREATE_TIMESTAMP,UPDATE_TIMESTAMP) VALUES ({d '2018-11-16'},450000,35912,9,'AP4',6,3,{ts '2018-11-16 13:48:50.186597'},null);
INSERT INTO "GALADM"."QUORUM_TBX" (QUORUM_DATE,QUORUM_ID,TRAILER_ID,TRAILER_ROW,PALLET_TYPE,QUORUM_SIZE,STATUS,CREATE_TIMESTAMP,UPDATE_TIMESTAMP) VALUES ({d '2018-11-16'},500000,35912,10,'AP4',6,4,{ts '2018-11-16 13:48:50.186597'},null);

INSERT INTO "GALADM"."QUORUM_DETAIL_TBX" (QUORUM_DATE,QUORUM_ID,QUORUM_SEQ,KD_LOT,YMTO,ENGINE_NUMBER,STATUS,CREATE_TIMESTAMP,UPDATE_TIMESTAMP) VALUES ({d '2018-11-16'},450000,1,'HCM 02201810048401','J5VZAA500',null,0,{ts '2018-11-16 13:48:50.184538'},null);
INSERT INTO "GALADM"."QUORUM_DETAIL_TBX" (QUORUM_DATE,QUORUM_ID,QUORUM_SEQ,KD_LOT,YMTO,ENGINE_NUMBER,STATUS,CREATE_TIMESTAMP,UPDATE_TIMESTAMP) VALUES ({d '2018-11-16'},450000,2,'HCM 02201810048401','J5VZAA500',null,0,{ts '2018-11-16 13:48:50.184561'},null);
INSERT INTO "GALADM"."QUORUM_DETAIL_TBX" (QUORUM_DATE,QUORUM_ID,QUORUM_SEQ,KD_LOT,YMTO,ENGINE_NUMBER,STATUS,CREATE_TIMESTAMP,UPDATE_TIMESTAMP) VALUES ({d '2018-11-16'},450000,3,'HCM 02201810048401','J5VZAA500',null,0,{ts '2018-11-16 13:48:50.184583'},null);
INSERT INTO "GALADM"."QUORUM_DETAIL_TBX" (QUORUM_DATE,QUORUM_ID,QUORUM_SEQ,KD_LOT,YMTO,ENGINE_NUMBER,STATUS,CREATE_TIMESTAMP,UPDATE_TIMESTAMP) VALUES ({d '2018-11-16'},450000,4,'HCM 02201810048401','J5VZAA500',null,0,{ts '2018-11-16 13:48:50.184606'},null);
INSERT INTO "GALADM"."QUORUM_DETAIL_TBX" (QUORUM_DATE,QUORUM_ID,QUORUM_SEQ,KD_LOT,YMTO,ENGINE_NUMBER,STATUS,CREATE_TIMESTAMP,UPDATE_TIMESTAMP) VALUES ({d '2018-11-16'},450000,5,'HCM 02201810048401','J5VZAA500',null,0,{ts '2018-11-16 13:48:50.184628'},null);
INSERT INTO "GALADM"."QUORUM_DETAIL_TBX" (QUORUM_DATE,QUORUM_ID,QUORUM_SEQ,KD_LOT,YMTO,ENGINE_NUMBER,STATUS,CREATE_TIMESTAMP,UPDATE_TIMESTAMP) VALUES ({d '2018-11-16'},450000,6,'HCM 02201810048401','J5VZAA500',null,0,{ts '2018-11-16 13:48:50.184654'},null);
INSERT INTO "GALADM"."QUORUM_DETAIL_TBX" (QUORUM_DATE,QUORUM_ID,QUORUM_SEQ,KD_LOT,YMTO,ENGINE_NUMBER,STATUS,CREATE_TIMESTAMP,UPDATE_TIMESTAMP) VALUES ({d '2018-11-16'},500000,1,'HCM 02201810048401','J5VZAA500',null,0,{ts '2018-11-16 13:48:50.184679'},null);
INSERT INTO "GALADM"."QUORUM_DETAIL_TBX" (QUORUM_DATE,QUORUM_ID,QUORUM_SEQ,KD_LOT,YMTO,ENGINE_NUMBER,STATUS,CREATE_TIMESTAMP,UPDATE_TIMESTAMP) VALUES ({d '2018-11-16'},500000,2,'HCM 02201810048401','J5VZAA500',null,0,{ts '2018-11-16 13:48:50.184704'},null);
INSERT INTO "GALADM"."QUORUM_DETAIL_TBX" (QUORUM_DATE,QUORUM_ID,QUORUM_SEQ,KD_LOT,YMTO,ENGINE_NUMBER,STATUS,CREATE_TIMESTAMP,UPDATE_TIMESTAMP) VALUES ({d '2018-11-16'},500000,3,'HCM 02201810048401','J5VZAA500',null,0,{ts '2018-11-16 13:48:50.184726'},null);
INSERT INTO "GALADM"."QUORUM_DETAIL_TBX" (QUORUM_DATE,QUORUM_ID,QUORUM_SEQ,KD_LOT,YMTO,ENGINE_NUMBER,STATUS,CREATE_TIMESTAMP,UPDATE_TIMESTAMP) VALUES ({d '2018-11-16'},500000,4,'HCM 02201810048401','J5VZAA500',null,0,{ts '2018-11-16 13:48:50.184749'},null);
INSERT INTO "GALADM"."QUORUM_DETAIL_TBX" (QUORUM_DATE,QUORUM_ID,QUORUM_SEQ,KD_LOT,YMTO,ENGINE_NUMBER,STATUS,CREATE_TIMESTAMP,UPDATE_TIMESTAMP) VALUES ({d '2018-11-16'},500000,5,'HCM 02201810048401','J5VZAA500',null,0,{ts '2018-11-16 13:48:50.184771'},null);
INSERT INTO "GALADM"."QUORUM_DETAIL_TBX" (QUORUM_DATE,QUORUM_ID,QUORUM_SEQ,KD_LOT,YMTO,ENGINE_NUMBER,STATUS,CREATE_TIMESTAMP,UPDATE_TIMESTAMP) VALUES ({d '2018-11-16'},500000,6,'HCM 02201810048401','J5VZAA500',null,0,{ts '2018-11-16 13:48:50.184793'},null);

INSERT INTO "GALADM"."GTS_AREA_TBX" (TRACKING_AREA,AREA_DESCRIPTION,PRODUCT_TYPE,TAG_TYPE,IS_ENABLED,TRACKING_MODE) VALUES ('ESTS','Engine Tracking System','Engine                                  ',null,1,null);

INSERT INTO "GALADM"."GTS_CARRIER_TBX" (TRACKING_AREA,CARRIER_NUMBER,PRODUCT_ID,CARRIER_TYPE,STATUS,CREATE_TIMESTAMP) VALUES ('ESTS','01',null,0,0,null);
INSERT INTO "GALADM"."GTS_CARRIER_TBX" (TRACKING_AREA,CARRIER_NUMBER,PRODUCT_ID,CARRIER_TYPE,STATUS,CREATE_TIMESTAMP) VALUES ('ESTS','02',null,0,0,null);
INSERT INTO "GALADM"."GTS_CARRIER_TBX" (TRACKING_AREA,CARRIER_NUMBER,PRODUCT_ID,CARRIER_TYPE,STATUS,CREATE_TIMESTAMP) VALUES ('ESTS','03',null,0,0,null);
INSERT INTO "GALADM"."GTS_CARRIER_TBX" (TRACKING_AREA,CARRIER_NUMBER,PRODUCT_ID,CARRIER_TYPE,STATUS,CREATE_TIMESTAMP) VALUES ('ESTS','04',null,0,0,null);
INSERT INTO "GALADM"."GTS_CARRIER_TBX" (TRACKING_AREA,CARRIER_NUMBER,PRODUCT_ID,CARRIER_TYPE,STATUS,CREATE_TIMESTAMP) VALUES ('ESTS','05',null,0,0,null);
INSERT INTO "GALADM"."GTS_CARRIER_TBX" (TRACKING_AREA,CARRIER_NUMBER,PRODUCT_ID,CARRIER_TYPE,STATUS,CREATE_TIMESTAMP) VALUES ('ESTS','06',null,0,0,null);
INSERT INTO "GALADM"."GTS_CARRIER_TBX" (TRACKING_AREA,CARRIER_NUMBER,PRODUCT_ID,CARRIER_TYPE,STATUS,CREATE_TIMESTAMP) VALUES ('ESTS','07',null,0,0,null);
INSERT INTO "GALADM"."GTS_CARRIER_TBX" (TRACKING_AREA,CARRIER_NUMBER,PRODUCT_ID,CARRIER_TYPE,STATUS,CREATE_TIMESTAMP) VALUES ('ESTS','08',null,0,0,null);
INSERT INTO "GALADM"."GTS_CARRIER_TBX" (TRACKING_AREA,CARRIER_NUMBER,PRODUCT_ID,CARRIER_TYPE,STATUS,CREATE_TIMESTAMP) VALUES ('ESTS','09',null,0,0,null);
INSERT INTO "GALADM"."GTS_CARRIER_TBX" (TRACKING_AREA,CARRIER_NUMBER,PRODUCT_ID,CARRIER_TYPE,STATUS,CREATE_TIMESTAMP) VALUES ('ESTS','10',null,0,0,null);
INSERT INTO "GALADM"."GTS_CARRIER_TBX" (TRACKING_AREA,CARRIER_NUMBER,PRODUCT_ID,CARRIER_TYPE,STATUS,CREATE_TIMESTAMP) VALUES ('ESTS','11',null,0,0,null);
INSERT INTO "GALADM"."GTS_CARRIER_TBX" (TRACKING_AREA,CARRIER_NUMBER,PRODUCT_ID,CARRIER_TYPE,STATUS,CREATE_TIMESTAMP) VALUES ('ESTS','12',null,0,0,null);
INSERT INTO "GALADM"."GTS_CARRIER_TBX" (TRACKING_AREA,CARRIER_NUMBER,PRODUCT_ID,CARRIER_TYPE,STATUS,CREATE_TIMESTAMP) VALUES ('ESTS','13',null,0,0,null);
INSERT INTO "GALADM"."GTS_CARRIER_TBX" (TRACKING_AREA,CARRIER_NUMBER,PRODUCT_ID,CARRIER_TYPE,STATUS,CREATE_TIMESTAMP) VALUES ('ESTS','14',null,0,0,null);
INSERT INTO "GALADM"."GTS_CARRIER_TBX" (TRACKING_AREA,CARRIER_NUMBER,PRODUCT_ID,CARRIER_TYPE,STATUS,CREATE_TIMESTAMP) VALUES ('ESTS','15',null,0,0,null);
INSERT INTO "GALADM"."GTS_CARRIER_TBX" (TRACKING_AREA,CARRIER_NUMBER,PRODUCT_ID,CARRIER_TYPE,STATUS,CREATE_TIMESTAMP) VALUES ('ESTS','16',null,0,0,null);
INSERT INTO "GALADM"."GTS_CARRIER_TBX" (TRACKING_AREA,CARRIER_NUMBER,PRODUCT_ID,CARRIER_TYPE,STATUS,CREATE_TIMESTAMP) VALUES ('ESTS','17',null,0,0,null);
INSERT INTO "GALADM"."GTS_CARRIER_TBX" (TRACKING_AREA,CARRIER_NUMBER,PRODUCT_ID,CARRIER_TYPE,STATUS,CREATE_TIMESTAMP) VALUES ('ESTS','18',null,0,0,null);
INSERT INTO "GALADM"."GTS_CARRIER_TBX" (TRACKING_AREA,CARRIER_NUMBER,PRODUCT_ID,CARRIER_TYPE,STATUS,CREATE_TIMESTAMP) VALUES ('ESTS','19',null,0,0,null);
INSERT INTO "GALADM"."GTS_CARRIER_TBX" (TRACKING_AREA,CARRIER_NUMBER,PRODUCT_ID,CARRIER_TYPE,STATUS,CREATE_TIMESTAMP) VALUES ('ESTS','20',null,0,0,null);
INSERT INTO "GALADM"."GTS_CARRIER_TBX" (TRACKING_AREA,CARRIER_NUMBER,PRODUCT_ID,CARRIER_TYPE,STATUS,CREATE_TIMESTAMP) VALUES ('ESTS','21',null,0,0,null);
INSERT INTO "GALADM"."GTS_CARRIER_TBX" (TRACKING_AREA,CARRIER_NUMBER,PRODUCT_ID,CARRIER_TYPE,STATUS,CREATE_TIMESTAMP) VALUES ('ESTS','22',null,0,0,null);
INSERT INTO "GALADM"."GTS_CARRIER_TBX" (TRACKING_AREA,CARRIER_NUMBER,PRODUCT_ID,CARRIER_TYPE,STATUS,CREATE_TIMESTAMP) VALUES ('ESTS','23',null,0,0,null);
INSERT INTO "GALADM"."GTS_CARRIER_TBX" (TRACKING_AREA,CARRIER_NUMBER,PRODUCT_ID,CARRIER_TYPE,STATUS,CREATE_TIMESTAMP) VALUES ('ESTS','24',null,0,0,null);
INSERT INTO "GALADM"."GTS_CARRIER_TBX" (TRACKING_AREA,CARRIER_NUMBER,PRODUCT_ID,CARRIER_TYPE,STATUS,CREATE_TIMESTAMP) VALUES ('ESTS','25',null,0,0,null);
INSERT INTO "GALADM"."GTS_CARRIER_TBX" (TRACKING_AREA,CARRIER_NUMBER,PRODUCT_ID,CARRIER_TYPE,STATUS,CREATE_TIMESTAMP) VALUES ('ESTS','26',null,0,0,null);
INSERT INTO "GALADM"."GTS_CARRIER_TBX" (TRACKING_AREA,CARRIER_NUMBER,PRODUCT_ID,CARRIER_TYPE,STATUS,CREATE_TIMESTAMP) VALUES ('ESTS','27',null,0,0,null);
INSERT INTO "GALADM"."GTS_CARRIER_TBX" (TRACKING_AREA,CARRIER_NUMBER,PRODUCT_ID,CARRIER_TYPE,STATUS,CREATE_TIMESTAMP) VALUES ('ESTS','28',null,0,0,null);
INSERT INTO "GALADM"."GTS_CARRIER_TBX" (TRACKING_AREA,CARRIER_NUMBER,PRODUCT_ID,CARRIER_TYPE,STATUS,CREATE_TIMESTAMP) VALUES ('ESTS','29',null,0,0,null);
INSERT INTO "GALADM"."GTS_CARRIER_TBX" (TRACKING_AREA,CARRIER_NUMBER,PRODUCT_ID,CARRIER_TYPE,STATUS,CREATE_TIMESTAMP) VALUES ('ESTS','30',null,0,0,null);
INSERT INTO "GALADM"."GTS_CARRIER_TBX" (TRACKING_AREA,CARRIER_NUMBER,PRODUCT_ID,CARRIER_TYPE,STATUS,CREATE_TIMESTAMP) VALUES ('ESTS','31',null,0,0,null);
INSERT INTO "GALADM"."GTS_CARRIER_TBX" (TRACKING_AREA,CARRIER_NUMBER,PRODUCT_ID,CARRIER_TYPE,STATUS,CREATE_TIMESTAMP) VALUES ('ESTS','32',null,0,0,null);
INSERT INTO "GALADM"."GTS_CARRIER_TBX" (TRACKING_AREA,CARRIER_NUMBER,PRODUCT_ID,CARRIER_TYPE,STATUS,CREATE_TIMESTAMP) VALUES ('ESTS','33',null,0,0,null);
INSERT INTO "GALADM"."GTS_CARRIER_TBX" (TRACKING_AREA,CARRIER_NUMBER,PRODUCT_ID,CARRIER_TYPE,STATUS,CREATE_TIMESTAMP) VALUES ('ESTS','34',null,0,0,null);
INSERT INTO "GALADM"."GTS_CARRIER_TBX" (TRACKING_AREA,CARRIER_NUMBER,PRODUCT_ID,CARRIER_TYPE,STATUS,CREATE_TIMESTAMP) VALUES ('ESTS','35',null,0,0,null);
INSERT INTO "GALADM"."GTS_CARRIER_TBX" (TRACKING_AREA,CARRIER_NUMBER,PRODUCT_ID,CARRIER_TYPE,STATUS,CREATE_TIMESTAMP) VALUES ('ESTS','36',null,0,0,null);
INSERT INTO "GALADM"."GTS_CARRIER_TBX" (TRACKING_AREA,CARRIER_NUMBER,PRODUCT_ID,CARRIER_TYPE,STATUS,CREATE_TIMESTAMP) VALUES ('ESTS','37',null,0,0,null);
INSERT INTO "GALADM"."GTS_CARRIER_TBX" (TRACKING_AREA,CARRIER_NUMBER,PRODUCT_ID,CARRIER_TYPE,STATUS,CREATE_TIMESTAMP) VALUES ('ESTS','38',null,0,0,null);
INSERT INTO "GALADM"."GTS_CARRIER_TBX" (TRACKING_AREA,CARRIER_NUMBER,PRODUCT_ID,CARRIER_TYPE,STATUS,CREATE_TIMESTAMP) VALUES ('ESTS','39',null,0,0,null);

INSERT INTO "GALADM"."GTS_LANE_TBX" (TRACKING_AREA,LANE_ID,LANE_DESCRIPTION,LANE_CAPACITY,LANE_TYPE,ENTRY_GATE_ID,EXIT_GATE_ID,CARRIER_PRESENT,IS_PHYSICALLY_FULL) VALUES ('ESTS','DL3','Lane DL3',1,1,null,null,null,0);
INSERT INTO "GALADM"."GTS_LANE_TBX" (TRACKING_AREA,LANE_ID,LANE_DESCRIPTION,LANE_CAPACITY,LANE_TYPE,ENTRY_GATE_ID,EXIT_GATE_ID,CARRIER_PRESENT,IS_PHYSICALLY_FULL) VALUES ('ESTS','Z14','Lane Z14',11,0,null,null,null,0);
INSERT INTO "GALADM"."GTS_LANE_TBX" (TRACKING_AREA,LANE_ID,LANE_DESCRIPTION,LANE_CAPACITY,LANE_TYPE,ENTRY_GATE_ID,EXIT_GATE_ID,CARRIER_PRESENT,IS_PHYSICALLY_FULL) VALUES ('ESTS','Z15','Lane Z15',7,0,null,null,null,0);
INSERT INTO "GALADM"."GTS_LANE_TBX" (TRACKING_AREA,LANE_ID,LANE_DESCRIPTION,LANE_CAPACITY,LANE_TYPE,ENTRY_GATE_ID,EXIT_GATE_ID,CARRIER_PRESENT,IS_PHYSICALLY_FULL) VALUES ('ESTS','Z16','Lane Z16',2,2,null,null,null,0);



