delete from GALADM.GAL214TBX where process_point_id like 'SIMWSDLPP%';
delete from GALADM.GAL195tbx where line_id = 'SIMWSDLLINE1';
delete from GALADM.GAL143TBX where product_id like 'SIMWSDL%';
delete from GALADM.GAL144TBX where product_spec_code = 'ASVKAA600 NH578     B ';
delete from GALADM.SALES_ORDER_FIF_TBX where unique_id = 618;
delete from GALADM.GAL215TBX where process_point_id like 'SIMWSDLPP%';
delete from GALADM.GAL176TBX where line_id like 'SIMWSDLLINE%';
delete from GALADM.PUSH_TIMER_STATUS_TBX where process_point_id like 'SIMWSDLPP%';
delete from GALADM.OP_EFFICIENCY_HIST_TBX where process_point_id  like 'SIMWSDLPP%';

-- Add line
insert into GALADM.GAL195TBX("LINE_ID","SITE_NAME","PLANT_NAME","DIVISION_ID","DIVISION_NAME","DIVISION_NAME1","DIVISION_NAME2","LINE_NAME","LINE_TYPE","LINE_DESCRIPTION","ENTRY_PROCESS_POINT_ID","LINE_SEQUENCE_NUMBER","STD_INVENTORY","MAXIMUM_INVENTORY","MINIMUM_INVENTORY") values ('SIMWSDLLINE1','HMIN','Frame','DIV3','AF                              ','                                ','                                ','SIMWSDLLINE1',0,'SIMWSDLLINE1','SIMWSDLPP1',0,100,1000,0);

-- Add process points
insert into GALADM.GAL214TBX ("PROCESS_POINT_NAME","PROCESS_POINT_ID","PROCESS_POINT_DESCRIPTION","PROCESS_POINT_TYPE","SITE_NAME","PLANT_NAME","DIVISION_ID","DIVISION_NAME","DIVISION_NAME1","DIVISION_NAME2","LINE_ID","LINE_NAME","BACK_FILL_PROCESS_POINT_ID","SEQUENCE_NUMBER","TRACKING_POINT_FLAG","RECOVERY_POINT_FLAG","PASSING_COUNT_FLAG","CREATE_TIMESTAMP","FEATURE_ID","FEATURE_TYPE") values ('SIMWSDLPP1','SIMWSDLPP1','Test 1',1,'HMIN','Frame','DIV3','AF','                                ','                                ','SIMWSDLLINE1','SIMWSDLLINE1','                ',1,1,0,1,'2013-07-18-13.51.56.212738',null,null);
insert into GALADM.GAL214TBX ("PROCESS_POINT_NAME","PROCESS_POINT_ID","PROCESS_POINT_DESCRIPTION","PROCESS_POINT_TYPE","SITE_NAME","PLANT_NAME","DIVISION_ID","DIVISION_NAME","DIVISION_NAME1","DIVISION_NAME2","LINE_ID","LINE_NAME","BACK_FILL_PROCESS_POINT_ID","SEQUENCE_NUMBER","TRACKING_POINT_FLAG","RECOVERY_POINT_FLAG","PASSING_COUNT_FLAG","CREATE_TIMESTAMP","FEATURE_ID","FEATURE_TYPE") values ('SIMWSDLPP2','SIMWSDLPP2','Test 2',1,'HMIN','Frame','DIV3','AF','                                ','                                ','SIMWSDLLINE1','SIMWSDLLINE1','                ',2,1,0,1,'2013-07-18-13.51.56.212738',null,null);
insert into GALADM.GAL214TBX ("PROCESS_POINT_NAME","PROCESS_POINT_ID","PROCESS_POINT_DESCRIPTION","PROCESS_POINT_TYPE","SITE_NAME","PLANT_NAME","DIVISION_ID","DIVISION_NAME","DIVISION_NAME1","DIVISION_NAME2","LINE_ID","LINE_NAME","BACK_FILL_PROCESS_POINT_ID","SEQUENCE_NUMBER","TRACKING_POINT_FLAG","RECOVERY_POINT_FLAG","PASSING_COUNT_FLAG","CREATE_TIMESTAMP","FEATURE_ID","FEATURE_TYPE") values ('SIMWSDLPP3','SIMWSDLPP3','Test 3',1,'HMIN','Frame','DIV3','AF','                                ','                                ','SIMWSDLLINE1','SIMWSDLLINE1','                ',3,0,0,1,'2013-07-18-13.51.56.212738',null,null);
insert into GALADM.GAL214TBX ("PROCESS_POINT_NAME","PROCESS_POINT_ID","PROCESS_POINT_DESCRIPTION","PROCESS_POINT_TYPE","SITE_NAME","PLANT_NAME","DIVISION_ID","DIVISION_NAME","DIVISION_NAME1","DIVISION_NAME2","LINE_ID","LINE_NAME","BACK_FILL_PROCESS_POINT_ID","SEQUENCE_NUMBER","TRACKING_POINT_FLAG","RECOVERY_POINT_FLAG","PASSING_COUNT_FLAG","CREATE_TIMESTAMP","FEATURE_ID","FEATURE_TYPE") values ('SIMWSDLPP4','SIMWSDLPP4','Test 4',1,'HMIN','Frame','DIV3','AF','                                ','                                ','SIMWSDLLINE1','SIMWSDLLINE1','                ',4,0,0,1,'2013-07-18-13.51.56.212738',null,null);
insert into GALADM.GAL214TBX ("PROCESS_POINT_NAME","PROCESS_POINT_ID","PROCESS_POINT_DESCRIPTION","PROCESS_POINT_TYPE","SITE_NAME","PLANT_NAME","DIVISION_ID","DIVISION_NAME","DIVISION_NAME1","DIVISION_NAME2","LINE_ID","LINE_NAME","BACK_FILL_PROCESS_POINT_ID","SEQUENCE_NUMBER","TRACKING_POINT_FLAG","RECOVERY_POINT_FLAG","PASSING_COUNT_FLAG","CREATE_TIMESTAMP","FEATURE_ID","FEATURE_TYPE") values ('SIMWSDLPP5','SIMWSDLPP5','Test 5',1,'HMIN','Frame','DIV3','AF','                                ','                                ','SIMWSDLLINE1','SIMWSDLLINE1','                ',5,0,0,1,'2013-07-18-13.51.56.212738',null,null);

-- Add product
insert into GALADM.GAL143TBX ("PRODUCT_ID","ENGINE_SERIAL_NO","MISSION_SERIAL_NO","STRAIGHT_SHIP_PERCENTAGE","KEY_NO","SHORT_VIN","PRODUCTION_LOT","KD_LOT_NUMBER","PRODUCT_SPEC_CODE","PLAN_OFF_DATE","TRACKING_STATUS","PRODUCT_START_DATE","ACTUAL_OFF_DATE","AUTO_HOLD_STATUS","PRODUCTION_DATE","LAST_PASSING_PROCESS_POINT_ID","ENGINE_STATUS","AF_ON_SEQUENCE_NUMBER","ACTUAL_MISSION_TYPE") values ('SIMWSDL34AE000001','R18A16287674     ','MPCA4160872         ',0,'K358   ','FA1F3062217','HMI 01AF201005110100','HMI 01201005008901','ASVKAA600 NH578     B ','2010-05-11','SIMWSDLLINE1','2010-05-07','2010-05-11',0,'2010-05-11','SIMWSDLPP1',1,501,null);
insert into GALADM.GAL143TBX ("PRODUCT_ID","ENGINE_SERIAL_NO","MISSION_SERIAL_NO","STRAIGHT_SHIP_PERCENTAGE","KEY_NO","SHORT_VIN","PRODUCTION_LOT","KD_LOT_NUMBER","PRODUCT_SPEC_CODE","PLAN_OFF_DATE","TRACKING_STATUS","PRODUCT_START_DATE","ACTUAL_OFF_DATE","AUTO_HOLD_STATUS","PRODUCTION_DATE","LAST_PASSING_PROCESS_POINT_ID","ENGINE_STATUS","AF_ON_SEQUENCE_NUMBER","ACTUAL_MISSION_TYPE") values ('SIMWSDL34AE000002','R18A16287674     ','MPCA4160872         ',0,'K358   ','FA1F3062217','HMI 01AF201005110100','HMI 01201005008901','ASVKAA600 NH578     B ','2010-05-11','SIMWSDLLINE1','2010-05-07','2010-05-11',0,'2010-05-11','SIMWSDLPP1',1,502,null);
insert into GALADM.GAL143TBX ("PRODUCT_ID","ENGINE_SERIAL_NO","MISSION_SERIAL_NO","STRAIGHT_SHIP_PERCENTAGE","KEY_NO","SHORT_VIN","PRODUCTION_LOT","KD_LOT_NUMBER","PRODUCT_SPEC_CODE","PLAN_OFF_DATE","TRACKING_STATUS","PRODUCT_START_DATE","ACTUAL_OFF_DATE","AUTO_HOLD_STATUS","PRODUCTION_DATE","LAST_PASSING_PROCESS_POINT_ID","ENGINE_STATUS","AF_ON_SEQUENCE_NUMBER","ACTUAL_MISSION_TYPE") values ('SIMWSDL34AE000003','R18A16287674     ','MPCA4160872         ',0,'K358   ','FA1F3062217','HMI 01AF201005110100','HMI 01201005008901','ASVKAA600 NH578     B ','2010-05-11','SIMWSDLLINE1','2010-05-07','2010-05-11',0,'2010-05-11','SIMWSDLPP1',1,503,null);
insert into GALADM.GAL143TBX ("PRODUCT_ID","ENGINE_SERIAL_NO","MISSION_SERIAL_NO","STRAIGHT_SHIP_PERCENTAGE","KEY_NO","SHORT_VIN","PRODUCTION_LOT","KD_LOT_NUMBER","PRODUCT_SPEC_CODE","PLAN_OFF_DATE","TRACKING_STATUS","PRODUCT_START_DATE","ACTUAL_OFF_DATE","AUTO_HOLD_STATUS","PRODUCTION_DATE","LAST_PASSING_PROCESS_POINT_ID","ENGINE_STATUS","AF_ON_SEQUENCE_NUMBER","ACTUAL_MISSION_TYPE") values ('SIMWSDL34AE000004','R18A16287674     ','MPCA4160872         ',0,'K358   ','FA1F3062217','HMI 01AF201005110100','HMI 01201005008901','ASVKAA600 NH578     B ','2010-05-11','SIMWSDLLINE1','2010-05-07','2010-05-11',0,'2010-05-11','SIMWSDLPP1',1,504,null);
insert into GALADM.GAL143TBX ("PRODUCT_ID","ENGINE_SERIAL_NO","MISSION_SERIAL_NO","STRAIGHT_SHIP_PERCENTAGE","KEY_NO","SHORT_VIN","PRODUCTION_LOT","KD_LOT_NUMBER","PRODUCT_SPEC_CODE","PLAN_OFF_DATE","TRACKING_STATUS","PRODUCT_START_DATE","ACTUAL_OFF_DATE","AUTO_HOLD_STATUS","PRODUCTION_DATE","LAST_PASSING_PROCESS_POINT_ID","ENGINE_STATUS","AF_ON_SEQUENCE_NUMBER","ACTUAL_MISSION_TYPE") values ('SIMWSDL34AE000005','R18A16287674     ','MPCA4160872         ',0,'K358   ','FA1F3062217','HMI 01AF201005110100','HMI 01201005008901','ASVKAA600 NH578     B ','2010-05-11','SIMWSDLLINE1','2010-05-07','2010-05-11',0,'2010-05-11','SIMWSDLPP1',1,505,null);
insert into GALADM.GAL143TBX ("PRODUCT_ID","ENGINE_SERIAL_NO","MISSION_SERIAL_NO","STRAIGHT_SHIP_PERCENTAGE","KEY_NO","SHORT_VIN","PRODUCTION_LOT","KD_LOT_NUMBER","PRODUCT_SPEC_CODE","PLAN_OFF_DATE","TRACKING_STATUS","PRODUCT_START_DATE","ACTUAL_OFF_DATE","AUTO_HOLD_STATUS","PRODUCTION_DATE","LAST_PASSING_PROCESS_POINT_ID","ENGINE_STATUS","AF_ON_SEQUENCE_NUMBER","ACTUAL_MISSION_TYPE") values ('SIMWSDL34AE000006','R18A16287674     ','MPCA4160872         ',0,'K358   ','FA1F3062217','HMI 01AF201005110100','HMI 01201005008901','ASVKAA600 NH578     B ','2010-05-11','SIMWSDLLINE1','2010-05-07','2010-05-11',0,'2010-05-11','SIMWSDLPP1',1,506,null);
insert into GALADM.GAL143TBX ("PRODUCT_ID","ENGINE_SERIAL_NO","MISSION_SERIAL_NO","STRAIGHT_SHIP_PERCENTAGE","KEY_NO","SHORT_VIN","PRODUCTION_LOT","KD_LOT_NUMBER","PRODUCT_SPEC_CODE","PLAN_OFF_DATE","TRACKING_STATUS","PRODUCT_START_DATE","ACTUAL_OFF_DATE","AUTO_HOLD_STATUS","PRODUCTION_DATE","LAST_PASSING_PROCESS_POINT_ID","ENGINE_STATUS","AF_ON_SEQUENCE_NUMBER","ACTUAL_MISSION_TYPE") values ('SIMWSDL34AE000007','R18A16287674     ','MPCA4160872         ',0,'K358   ','FA1F3062217','HMI 01AF201005110100','HMI 01201005008901','ASVKAA600 NH578     B ','2010-05-11','SIMWSDLLINE1','2010-05-07','2010-05-11',0,'2010-05-11','SIMWSDLPP1',1,507,null);
insert into GALADM.GAL143TBX ("PRODUCT_ID","ENGINE_SERIAL_NO","MISSION_SERIAL_NO","STRAIGHT_SHIP_PERCENTAGE","KEY_NO","SHORT_VIN","PRODUCTION_LOT","KD_LOT_NUMBER","PRODUCT_SPEC_CODE","PLAN_OFF_DATE","TRACKING_STATUS","PRODUCT_START_DATE","ACTUAL_OFF_DATE","AUTO_HOLD_STATUS","PRODUCTION_DATE","LAST_PASSING_PROCESS_POINT_ID","ENGINE_STATUS","AF_ON_SEQUENCE_NUMBER","ACTUAL_MISSION_TYPE") values ('SIMWSDL34AE000008','R18A16287674     ','MPCA4160872         ',0,'K358   ','FA1F3062217','HMI 01AF201005110100','HMI 01201005008901','ASVKAA600 NH578     B ','2010-05-11','SIMWSDLLINE1','2010-05-07','2010-05-11',0,'2010-05-11','SIMWSDLPP1',1,508,null);
insert into GALADM.GAL143TBX ("PRODUCT_ID","ENGINE_SERIAL_NO","MISSION_SERIAL_NO","STRAIGHT_SHIP_PERCENTAGE","KEY_NO","SHORT_VIN","PRODUCTION_LOT","KD_LOT_NUMBER","PRODUCT_SPEC_CODE","PLAN_OFF_DATE","TRACKING_STATUS","PRODUCT_START_DATE","ACTUAL_OFF_DATE","AUTO_HOLD_STATUS","PRODUCTION_DATE","LAST_PASSING_PROCESS_POINT_ID","ENGINE_STATUS","AF_ON_SEQUENCE_NUMBER","ACTUAL_MISSION_TYPE") values ('SIMWSDL34AE000009','R18A16287674     ','MPCA4160872         ',0,'K358   ','FA1F3062217','HMI 01AF201005110100','HMI 01201005008901','ASVKAA600 NH578     B ','2010-05-11','SIMWSDLLINE1','2010-05-07','2010-05-11',0,'2010-05-11','SIMWSDLPP1',1,509,null);
insert into GALADM.GAL143TBX ("PRODUCT_ID","ENGINE_SERIAL_NO","MISSION_SERIAL_NO","STRAIGHT_SHIP_PERCENTAGE","KEY_NO","SHORT_VIN","PRODUCTION_LOT","KD_LOT_NUMBER","PRODUCT_SPEC_CODE","PLAN_OFF_DATE","TRACKING_STATUS","PRODUCT_START_DATE","ACTUAL_OFF_DATE","AUTO_HOLD_STATUS","PRODUCTION_DATE","LAST_PASSING_PROCESS_POINT_ID","ENGINE_STATUS","AF_ON_SEQUENCE_NUMBER","ACTUAL_MISSION_TYPE") values ('SIMWSDL34AE000010','R18A16287674     ','MPCA4160872         ',0,'K358   ','FA1F3062217','HMI 01AF201005110100','HMI 01201005008901','ASVKAA600 NH578     B ','2010-05-11','SIMWSDLLINE1','2010-05-07','2010-05-11',0,'2010-05-11','SIMWSDLPP1',1,510,null);

-- Add product spec code
insert into GALADM.GAL144TBX ("PRODUCT_SPEC_CODE","EXT_COLOR_CODE","INT_COLOR_CODE","EXT_COLOR_DESCRIPTION","INT_COLOR_DESCRIPTION","PLANT_CODE_GPCS","ENGINE_PLANT_CODE","ENGINE_MTO","SALES_MODEL_CODE","SALES_MODEL_TYPE_CODE","SALES_EXT_COLOR_CODE","SALES_INT_COLOR_CODE","PROTOTYPE_CODE","FRAME_NO_PREFIX","SERIES_CODE","SERIES_DESCRIPTION","GRADE_CODE","BODY_AND_TRANS_TYPE_CODE","BODY_AND_TRANS_TYPE_DESC","MODEL_CODE","MODEL_YEAR_CODE","MODEL_TYPE_CODE","MODEL_OPTION_CODE","MODEL_YEAR_DESCRIPTION","BOUNDARY_MARK_REQUIRED") values ('ASVKAA600 NH578     B ','NH578     ','B ','WHITE     ','GRAY                                    ','HMI ','HMI ','ARNBAA900 ','FA1F3AEZ  ','KA','NH-578    ','  ','W','19XFA1F3*AE','C','CIVIC                                   ','DX        ','F','KA KC AUTOMATIC               ','SVK','A','AA6','00 ','2010',' ');

-- Add FIF codes
insert into GALADM.SALES_ORDER_FIF_TBX ("LOC_PROD_MONTH","ORDER_TYPE","ORDER_SEQ_NO","UNIQUE_ID","SALES_DIV","PROD_DIV","PROD_QTY","MODEL_YEAR","SALES_MODEL_CD","SALES_VEH_DEST_CD","SALES_OPTION_CD","SALES_EXT_CLR_CD","SALES_INT_CLR_CD","FRM_PLANT_CD","FRM_MODEL_YEAR_CD","FRM_MODEL_CD","FRM_DEV_SEQ_CD","FRM_TYPE_CD","FRM_OPTION_CD","FRM_EXT_CLR_CD","FRM_INT_CLR_CD","BUILD_BY_DT","SHIPPER_ID","SALES_KD_LOT_NO","EFCT_END_DT","FIF_CODES") values ('201504','N1',5,'618',' ',' ',1,'2016','FA1F3AEZ','KA  ','   ','NH-578     ','  ','HMI','A','SVK','A','AA6','00','NH578     ','B','20150400','19P','415040011','2018-12-31','GBNBTBRBDBBBWBSBABHB');

-- Add product history
insert into GALADM.GAL215TBX ("PRODUCT_ID","PROCESS_POINT_ID","ACTUAL_TIMESTAMP","PRODUCT_SPEC_CODE","PRODUCTION_DATE","PRODUCTION_LOT","PROCESS_COUNT","ASSOCIATE_NO","APPROVER_NO") values ('SIMWSDL34AE000001','SIMWSDLPP1','2014-12-01-09.18.27.901752','ASVKAA600 NH578     B ','2014-12-01','HMI 01AF201005110100',1,'simuser    ','           ');
insert into GALADM.GAL215TBX ("PRODUCT_ID","PROCESS_POINT_ID","ACTUAL_TIMESTAMP","PRODUCT_SPEC_CODE","PRODUCTION_DATE","PRODUCTION_LOT","PROCESS_COUNT","ASSOCIATE_NO","APPROVER_NO") values ('SIMWSDL34AE000002','SIMWSDLPP2','2014-12-01-09.18.27.901752','ASVKAA600 NH578     B ','2014-12-01','HMI 01AF201005110100',1,'simuser    ','           ');
insert into GALADM.GAL215TBX ("PRODUCT_ID","PROCESS_POINT_ID","ACTUAL_TIMESTAMP","PRODUCT_SPEC_CODE","PRODUCTION_DATE","PRODUCTION_LOT","PROCESS_COUNT","ASSOCIATE_NO","APPROVER_NO") values ('SIMWSDL34AE000003','SIMWSDLPP1','2014-12-01-09.18.27.901752','ASVKAA600 NH578     B ','2014-12-01','HMI 01AF201005110100',1,'simuser    ','           ');
insert into GALADM.GAL215TBX ("PRODUCT_ID","PROCESS_POINT_ID","ACTUAL_TIMESTAMP","PRODUCT_SPEC_CODE","PRODUCTION_DATE","PRODUCTION_LOT","PROCESS_COUNT","ASSOCIATE_NO","APPROVER_NO") values ('SIMWSDL34AE000004','SIMWSDLPP1','2014-12-01-09.18.27.901752','ASVKAA600 NH578     B ','2014-12-01','HMI 01AF201005110100',1,'simuser    ','           ');
insert into GALADM.GAL215TBX ("PRODUCT_ID","PROCESS_POINT_ID","ACTUAL_TIMESTAMP","PRODUCT_SPEC_CODE","PRODUCTION_DATE","PRODUCTION_LOT","PROCESS_COUNT","ASSOCIATE_NO","APPROVER_NO") values ('SIMWSDL34AE000005','SIMWSDLPP2','2014-12-01-09.18.27.901752','ASVKAA600 NH578     B ','2014-12-01','HMI 01AF201005110100',1,'simuser    ','           ');

-- Add product sequence
insert into GALADM.GAL176TBX ("PRODUCT_ID","LINE_ID","NEXT_PRODUCT_ID","PRODUCT_SPEC_CODE","PRODUCTION_LOT","PLAN_OFF_DATE","LAST_PASSING_PROCESS_POINT_ID") values ('SIMWSDL34AE000001','SIMWSDLLINE1','SIMWSDL34AE000002','ASVKAA600 NH578     B ',null,null,'SIMWSDLPP1');
insert into GALADM.GAL176TBX ("PRODUCT_ID","LINE_ID","NEXT_PRODUCT_ID","PRODUCT_SPEC_CODE","PRODUCTION_LOT","PLAN_OFF_DATE","LAST_PASSING_PROCESS_POINT_ID") values ('SIMWSDL34AE000002','SIMWSDLLINE1','SIMWSDL34AE000003','ASVKAA600 NH578     B ',null,null,'SIMWSDLPP2');
insert into GALADM.GAL176TBX ("PRODUCT_ID","LINE_ID","NEXT_PRODUCT_ID","PRODUCT_SPEC_CODE","PRODUCTION_LOT","PLAN_OFF_DATE","LAST_PASSING_PROCESS_POINT_ID") values ('SIMWSDL34AE000003','SIMWSDLLINE1','SIMWSDL34AE000004','ASVKAA600 NH578     B ',null,null,'SIMWSDLPP1');
insert into GALADM.GAL176TBX ("PRODUCT_ID","LINE_ID","NEXT_PRODUCT_ID","PRODUCT_SPEC_CODE","PRODUCTION_LOT","PLAN_OFF_DATE","LAST_PASSING_PROCESS_POINT_ID") values ('SIMWSDL34AE000004','SIMWSDLLINE1','SIMWSDL34AE000005','ASVKAA600 NH578     B ',null,null,'SIMWSDLPP1');
insert into GALADM.GAL176TBX ("PRODUCT_ID","LINE_ID","NEXT_PRODUCT_ID","PRODUCT_SPEC_CODE","PRODUCTION_LOT","PLAN_OFF_DATE","LAST_PASSING_PROCESS_POINT_ID") values ('SIMWSDL34AE000005','SIMWSDLLINE1',null,'ASVKAA600 NH578     B ',null,null,'SIMWSDLPP2');

-- Add PushTimerStatus record
insert into GALADM.PUSH_TIMER_STATUS_TBX ("PROCESS_POINT_ID","TERMINAL_ID","PRODUCT_ID","OPS_PLANNED","OPS_COMPLETED","STATUS_IN_SECS","LAST_UPDATED") values ('SIMWSDLPP1','TEST_TERMINAL','SIMWSDL34AE000002',5,4,-1,'2015-08-06-11.53.47.000000');
insert into GALADM.PUSH_TIMER_STATUS_TBX ("PROCESS_POINT_ID","TERMINAL_ID","PRODUCT_ID","OPS_PLANNED","OPS_COMPLETED","STATUS_IN_SECS","LAST_UPDATED") values ('SIMWSDLPP2','TEST_TERMINAL','SIMWSDL34AE000001',5,4,-1,'2015-08-06-11.53.47.000000');

-- Add OpEfficiencyHistory record
insert into GALADM.OP_EFFICIENCY_HIST_TBX ("PROCESS_POINT_ID","OPERATION_NAME","UNIT_ID","ASSOCIATE_NO","PRODUCT_ID","PLANNED_TIME","ACTUAL_TIME") values ('SIMWSDLPP1','P02320_YAF0010.04P2016.0','P02320                          ','simuser    ','SIMWSDL34AE000001',3,24);
insert into GALADM.OP_EFFICIENCY_HIST_TBX ("PROCESS_POINT_ID","OPERATION_NAME","UNIT_ID","ASSOCIATE_NO","PRODUCT_ID","PLANNED_TIME","ACTUAL_TIME") values ('SIMWSDLPP1','P01238_YAF0010.04P2016.0','P01238                          ','simuser    ','SIMWSDL34AE000001',3,0);
insert into GALADM.OP_EFFICIENCY_HIST_TBX ("PROCESS_POINT_ID","OPERATION_NAME","UNIT_ID","ASSOCIATE_NO","PRODUCT_ID","PLANNED_TIME","ACTUAL_TIME") values ('SIMWSDLPP1','P01678_YAF0010.04P2016.0','P01678                          ','simuser    ','SIMWSDL34AE000001',3,1);
insert into GALADM.OP_EFFICIENCY_HIST_TBX ("PROCESS_POINT_ID","OPERATION_NAME","UNIT_ID","ASSOCIATE_NO","PRODUCT_ID","PLANNED_TIME","ACTUAL_TIME") values ('SIMWSDLPP1','P02066_YAF0010.04P2016.0','P02066                          ','simuser    ','SIMWSDL34AE000001',3,0);
insert into GALADM.OP_EFFICIENCY_HIST_TBX ("PROCESS_POINT_ID","OPERATION_NAME","UNIT_ID","ASSOCIATE_NO","PRODUCT_ID","PLANNED_TIME","ACTUAL_TIME") values ('SIMWSDLPP1','P02432_YAF0010.04P2016.0','P02432                          ','simuser    ','SIMWSDL34AE000001',3,987);
insert into GALADM.OP_EFFICIENCY_HIST_TBX ("PROCESS_POINT_ID","OPERATION_NAME","UNIT_ID","ASSOCIATE_NO","PRODUCT_ID","PLANNED_TIME","ACTUAL_TIME") values ('SIMWSDLPP1','P02431_YAF0010.04P2016.0','P02431                          ','simuser    ','SIMWSDL34AE000001',3,1);
insert into GALADM.OP_EFFICIENCY_HIST_TBX ("PROCESS_POINT_ID","OPERATION_NAME","UNIT_ID","ASSOCIATE_NO","PRODUCT_ID","PLANNED_TIME","ACTUAL_TIME") values ('SIMWSDLPP1','P02334_YAF0010.04P2016.0','P02334                          ','simuser    ','SIMWSDL34AE000001',3,0);
insert into GALADM.OP_EFFICIENCY_HIST_TBX ("PROCESS_POINT_ID","OPERATION_NAME","UNIT_ID","ASSOCIATE_NO","PRODUCT_ID","PLANNED_TIME","ACTUAL_TIME") values ('SIMWSDLPP1','P01771_YAF0010.04P2016.0','P01771                          ','simuser    ','SIMWSDL34AE000001',3,0);
insert into GALADM.OP_EFFICIENCY_HIST_TBX ("PROCESS_POINT_ID","OPERATION_NAME","UNIT_ID","ASSOCIATE_NO","PRODUCT_ID","PLANNED_TIME","ACTUAL_TIME") values ('SIMWSDLPP1','P01720_YAF0010.04P2016.0','P01720                          ','simuser    ','SIMWSDL34AE000001',3,0);
insert into GALADM.OP_EFFICIENCY_HIST_TBX ("PROCESS_POINT_ID","OPERATION_NAME","UNIT_ID","ASSOCIATE_NO","PRODUCT_ID","PLANNED_TIME","ACTUAL_TIME") values ('SIMWSDLPP1','P01019_YAF0010.04P2016.0','P01019                          ','simuser    ','SIMWSDL34AE000001',3,0);
insert into GALADM.OP_EFFICIENCY_HIST_TBX ("PROCESS_POINT_ID","OPERATION_NAME","UNIT_ID","ASSOCIATE_NO","PRODUCT_ID","PLANNED_TIME","ACTUAL_TIME") values ('SIMWSDLPP2','P02385_YAF0010.04P2016.0','P02385                          ','simuser    ','SIMWSDL34AE000002',3,0);
insert into GALADM.OP_EFFICIENCY_HIST_TBX ("PROCESS_POINT_ID","OPERATION_NAME","UNIT_ID","ASSOCIATE_NO","PRODUCT_ID","PLANNED_TIME","ACTUAL_TIME") values ('SIMWSDLPP2','P01364_YAF0010.04P2016.0','P01364                          ','simuser    ','SIMWSDL34AE000002',3,1);
insert into GALADM.OP_EFFICIENCY_HIST_TBX ("PROCESS_POINT_ID","OPERATION_NAME","UNIT_ID","ASSOCIATE_NO","PRODUCT_ID","PLANNED_TIME","ACTUAL_TIME") values ('SIMWSDLPP2','P01680_YAF0010.04P2016.0','P01680                          ','simuser    ','SIMWSDL34AE000002',3,0);
insert into GALADM.OP_EFFICIENCY_HIST_TBX ("PROCESS_POINT_ID","OPERATION_NAME","UNIT_ID","ASSOCIATE_NO","PRODUCT_ID","PLANNED_TIME","ACTUAL_TIME") values ('SIMWSDLPP2','P01237_YAF0010.04P2016.0','P01237                          ','simuser    ','SIMWSDL34AE000002',3,0);
insert into GALADM.OP_EFFICIENCY_HIST_TBX ("PROCESS_POINT_ID","OPERATION_NAME","UNIT_ID","ASSOCIATE_NO","PRODUCT_ID","PLANNED_TIME","ACTUAL_TIME") values ('SIMWSDLPP2','P01679_YAF0010.04P2016.0','P01679                          ','simuser    ','SIMWSDL34AE000002',3,0);
insert into GALADM.OP_EFFICIENCY_HIST_TBX ("PROCESS_POINT_ID","OPERATION_NAME","UNIT_ID","ASSOCIATE_NO","PRODUCT_ID","PLANNED_TIME","ACTUAL_TIME") values ('SIMWSDLPP2','P01049_YAF0010.04P2016.0','P01049                          ','simuser    ','SIMWSDL34AE000002',3,0);
insert into GALADM.OP_EFFICIENCY_HIST_TBX ("PROCESS_POINT_ID","OPERATION_NAME","UNIT_ID","ASSOCIATE_NO","PRODUCT_ID","PLANNED_TIME","ACTUAL_TIME") values ('SIMWSDLPP2','P01686_YAF0010.04P2016.0','P01686                          ','simuser    ','SIMWSDL34AE000002',3,0);
insert into GALADM.OP_EFFICIENCY_HIST_TBX ("PROCESS_POINT_ID","OPERATION_NAME","UNIT_ID","ASSOCIATE_NO","PRODUCT_ID","PLANNED_TIME","ACTUAL_TIME") values ('SIMWSDLPP2','P02384_YAF0010.04P2016.0','P02384                          ','simuser    ','SIMWSDL34AE000002',3,0);
insert into GALADM.OP_EFFICIENCY_HIST_TBX ("PROCESS_POINT_ID","OPERATION_NAME","UNIT_ID","ASSOCIATE_NO","PRODUCT_ID","PLANNED_TIME","ACTUAL_TIME") values ('SIMWSDLPP2','P02430_YAF0010.04P2016.0','P02430                          ','simuser    ','SIMWSDL34AE000002',3,0);
insert into GALADM.OP_EFFICIENCY_HIST_TBX ("PROCESS_POINT_ID","OPERATION_NAME","UNIT_ID","ASSOCIATE_NO","PRODUCT_ID","PLANNED_TIME","ACTUAL_TIME") values ('SIMWSDLPP2','P01716_YAF0010.04P2016.0','P01716                          ','simuser    ','SIMWSDL34AE000002',3,115);

