INSERT INTO "GALADM"."GAL117TBX" (SITE_NAME,SITE_DESCRIPTION) VALUES ('HCM             ','HCM                                                                                                                             ');

INSERT INTO "GALADM"."GAL128TBX" (DIVISION_ID,SITE_NAME,PLANT_NAME,DIVISION_NAME,DIVISION_DESCRIPTION,DIVISION_NAME1,DIVISION_NAME2,SEQUENCE_NUMBER) VALUES ('AF              ','HCM             ','001             ','AF                              ','Assembly Final                                                                                                                  ','                                ','                                ',1);
INSERT INTO "GALADM"."GAL128TBX" (DIVISION_ID,SITE_NAME,PLANT_NAME,DIVISION_NAME,DIVISION_DESCRIPTION,DIVISION_NAME1,DIVISION_NAME2,SEQUENCE_NUMBER) VALUES ('PA              ','HCM             ','001             ','PA                              ','Paint                                                                                                                           ','                                ','                                ',3);
INSERT INTO "GALADM"."GAL128TBX" (DIVISION_ID,SITE_NAME,PLANT_NAME,DIVISION_NAME,DIVISION_DESCRIPTION,DIVISION_NAME1,DIVISION_NAME2,SEQUENCE_NUMBER) VALUES ('PO              ','HCM             ','001             ','PO                              ','Bumper Paint                                                                                                                    ','                                ','                                ',4);
INSERT INTO "GALADM"."GAL128TBX" (DIVISION_ID,SITE_NAME,PLANT_NAME,DIVISION_NAME,DIVISION_DESCRIPTION,DIVISION_NAME1,DIVISION_NAME2,SEQUENCE_NUMBER) VALUES ('ST              ','HCM             ','001             ','ST                              ','Stamping                                                                                                                        ','                                ','                                ',5);
INSERT INTO "GALADM"."GAL128TBX" (DIVISION_ID,SITE_NAME,PLANT_NAME,DIVISION_NAME,DIVISION_DESCRIPTION,DIVISION_NAME1,DIVISION_NAME2,SEQUENCE_NUMBER) VALUES ('VQ              ','HCM             ','001             ','VQ                              ','Vehicle Quality                                                                                                                 ','                                ','                                ',0);
INSERT INTO "GALADM"."GAL128TBX" (DIVISION_ID,SITE_NAME,PLANT_NAME,DIVISION_NAME,DIVISION_DESCRIPTION,DIVISION_NAME1,DIVISION_NAME2,SEQUENCE_NUMBER) VALUES ('WE              ','HCM             ','001             ','WE                              ','Weld                                                                                                                            ','                                ','                                ',2);
INSERT INTO "GALADM"."GAL128TBX" (DIVISION_ID,SITE_NAME,PLANT_NAME,DIVISION_NAME,DIVISION_DESCRIPTION,DIVISION_NAME1,DIVISION_NAME2,SEQUENCE_NUMBER) VALUES ('AE              ','HCM             ','Engine          ','AE                              ','Assembly Engine                                                                                                                 ','NONE                            ','NONE                            ',2);
INSERT INTO "GALADM"."GAL128TBX" (DIVISION_ID,SITE_NAME,PLANT_NAME,DIVISION_NAME,DIVISION_DESCRIPTION,DIVISION_NAME1,DIVISION_NAME2,SEQUENCE_NUMBER) VALUES ('AF1             ','HCM             ','FRAME1          ','AF1                             ','Assembly Final Plant 1                                                                                                          ','                                ','                                ',3);
INSERT INTO "GALADM"."GAL128TBX" (DIVISION_ID,SITE_NAME,PLANT_NAME,DIVISION_NAME,DIVISION_DESCRIPTION,DIVISION_NAME1,DIVISION_NAME2,SEQUENCE_NUMBER) VALUES ('PA1             ','HCM             ','FRAME1          ','PA1                             ','Paint Plant 1                                                                                                                   ','                                ','                                ',2);
INSERT INTO "GALADM"."GAL128TBX" (DIVISION_ID,SITE_NAME,PLANT_NAME,DIVISION_NAME,DIVISION_DESCRIPTION,DIVISION_NAME1,DIVISION_NAME2,SEQUENCE_NUMBER) VALUES ('VQ1             ','HCM             ','FRAME1          ','VQ1                             ','Vehicle Quality Plant 1                                                                                                         ','                                ','                                ',4);
INSERT INTO "GALADM"."GAL128TBX" (DIVISION_ID,SITE_NAME,PLANT_NAME,DIVISION_NAME,DIVISION_DESCRIPTION,DIVISION_NAME1,DIVISION_NAME2,SEQUENCE_NUMBER) VALUES ('WE1             ','HCM             ','FRAME1          ','WE1                             ','Weld Plant 1                                                                                                                    ','                                ','                                ',1);
INSERT INTO "GALADM"."GAL128TBX" (DIVISION_ID,SITE_NAME,PLANT_NAME,DIVISION_NAME,DIVISION_DESCRIPTION,DIVISION_NAME1,DIVISION_NAME2,SEQUENCE_NUMBER) VALUES ('AF2             ','HCM             ','FRAME2          ','AF2                             ','Assembly Final Plant 2                                                                                                          ','                                ','                                ',3);
INSERT INTO "GALADM"."GAL128TBX" (DIVISION_ID,SITE_NAME,PLANT_NAME,DIVISION_NAME,DIVISION_DESCRIPTION,DIVISION_NAME1,DIVISION_NAME2,SEQUENCE_NUMBER) VALUES ('PA2             ','HCM             ','FRAME2          ','PA2                             ','Paint Plant 2                                                                                                                   ','                                ','                                ',2);
INSERT INTO "GALADM"."GAL128TBX" (DIVISION_ID,SITE_NAME,PLANT_NAME,DIVISION_NAME,DIVISION_DESCRIPTION,DIVISION_NAME1,DIVISION_NAME2,SEQUENCE_NUMBER) VALUES ('VQ2             ','HCM             ','FRAME2          ','VQ2                             ','Vehicle Quality Plant 2                                                                                                         ','                                ','                                ',4);
INSERT INTO "GALADM"."GAL128TBX" (DIVISION_ID,SITE_NAME,PLANT_NAME,DIVISION_NAME,DIVISION_DESCRIPTION,DIVISION_NAME1,DIVISION_NAME2,SEQUENCE_NUMBER) VALUES ('WE2             ','HCM             ','FRAME2          ','WE2                             ','Weld Plant 2                                                                                                                    ','                                ','                                ',1);

INSERT INTO "GALADM"."GAL195TBX" (LINE_ID,SITE_NAME,PLANT_NAME,DIVISION_ID,DIVISION_NAME,DIVISION_NAME1,DIVISION_NAME2,LINE_NAME,LINE_TYPE,LINE_DESCRIPTION,ENTRY_PROCESS_POINT_ID,LINE_SEQUENCE_NUMBER,STD_INVENTORY,MAXIMUM_INVENTORY,MINIMUM_INVENTORY) VALUES ('PBS             ','HCM             ','FRAME1          ','PA1             ','PA1                             ','                                ','                                ','PBS                             ',0,'                                                                                                                                ','                ',0,300,1000,1);

-- GPCS Division
INSERT INTO "GALADM"."GAL238TBX" (GPCS_PLANT_CODE,GPCS_LINE_NO,GPCS_PROCESS_LOCATION,DIVISION_ID) VALUES ('HCM ','01','PA','PA1             ');
INSERT INTO "GALADM"."GAL238TBX" (GPCS_PLANT_CODE,GPCS_LINE_NO,GPCS_PROCESS_LOCATION,DIVISION_ID) VALUES ('HCM ','01','MS','MS1             ');
INSERT INTO "GALADM"."GAL238TBX" (GPCS_PLANT_CODE,GPCS_LINE_NO,GPCS_PROCESS_LOCATION,DIVISION_ID) VALUES ('HCM ','01','WE','WE1             ');
INSERT INTO "GALADM"."GAL238TBX" (GPCS_PLANT_CODE,GPCS_LINE_NO,GPCS_PROCESS_LOCATION,DIVISION_ID) VALUES ('HCM ','01','PO','PO1             ');
INSERT INTO "GALADM"."GAL238TBX" (GPCS_PLANT_CODE,GPCS_LINE_NO,GPCS_PROCESS_LOCATION,DIVISION_ID) VALUES ('HCM ','01','ST','ST1             ');
INSERT INTO "GALADM"."GAL238TBX" (GPCS_PLANT_CODE,GPCS_LINE_NO,GPCS_PROCESS_LOCATION,DIVISION_ID) VALUES ('HCM ','01','VQ','VQ1             ');
INSERT INTO "GALADM"."GAL238TBX" (GPCS_PLANT_CODE,GPCS_LINE_NO,GPCS_PROCESS_LOCATION,DIVISION_ID) VALUES ('SIM ','01','AF','SIMDIV01        ');
INSERT INTO "GALADM"."GAL238TBX" (GPCS_PLANT_CODE,GPCS_LINE_NO,GPCS_PROCESS_LOCATION,DIVISION_ID) VALUES ('HCM ','01','AF','AF1             ');
INSERT INTO "GALADM"."GAL238TBX" (GPCS_PLANT_CODE,GPCS_LINE_NO,GPCS_PROCESS_LOCATION,DIVISION_ID) VALUES ('HCM ','01','AF','AF              ');

-- Plant
INSERT INTO "GALADM"."GAL211TBX" (SITE_NAME,PLANT_NAME,PLANT_LONG_DESCRIPTION) VALUES ('HCM             ','001             ','Frame Plant 1                                                                                                                   ');
INSERT INTO "GALADM"."GAL211TBX" (SITE_NAME,PLANT_NAME,PLANT_LONG_DESCRIPTION) VALUES ('HCM             ','FRAME1          ','Frame Plant 1                                                                                                                   ');
INSERT INTO "GALADM"."GAL211TBX" (SITE_NAME,PLANT_NAME,PLANT_LONG_DESCRIPTION) VALUES ('HCM             ','FRAME2          ','Frame Plant 2                                                                                                                   ');
INSERT INTO "GALADM"."GAL211TBX" (SITE_NAME,PLANT_NAME,PLANT_LONG_DESCRIPTION) VALUES ('HCM             ','01SIMPLANT      ','Simulation Plant                                                                                                                ');
INSERT INTO "GALADM"."GAL211TBX" (SITE_NAME,PLANT_NAME,PLANT_LONG_DESCRIPTION) VALUES ('HCM             ','Test Plant      ','Interns                                                                                                                         ');

INSERT INTO "GALADM"."GAL214TBX" (PROCESS_POINT_NAME,PROCESS_POINT_ID,PROCESS_POINT_DESCRIPTION,PROCESS_POINT_TYPE,SITE_NAME,PLANT_NAME,DIVISION_ID,DIVISION_NAME,DIVISION_NAME1,DIVISION_NAME2,LINE_ID,LINE_NAME,BACK_FILL_PROCESS_POINT_ID,SEQUENCE_NUMBER,TRACKING_POINT_FLAG,RECOVERY_POINT_FLAG,PASSING_COUNT_FLAG,CREATE_TIMESTAMP,UPDATE_TIMESTAMP,CURRENT_PROD_LOT,FEATURE_ID,FEATURE_TYPE,CURRENT_KD_LOT) VALUES ('PBS Edit View                   ','1PA1T5591       ','PBS Edit View                                                                                                                   ',6,'HCM             ','FRAME1          ','PA1             ','PA1                             ','                                ','                                ','PBS             ','PBS                             ','                ',0,0,0,0,{ts '2017-11-30 10:29:19.957615'},null,null,null,null,null);
INSERT INTO "GALADM"."GAL214TBX" (PROCESS_POINT_NAME,PROCESS_POINT_ID,PROCESS_POINT_DESCRIPTION,PROCESS_POINT_TYPE,SITE_NAME,PLANT_NAME,DIVISION_ID,DIVISION_NAME,DIVISION_NAME1,DIVISION_NAME2,LINE_ID,LINE_NAME,BACK_FILL_PROCESS_POINT_ID,SEQUENCE_NUMBER,TRACKING_POINT_FLAG,RECOVERY_POINT_FLAG,PASSING_COUNT_FLAG,CREATE_TIMESTAMP,UPDATE_TIMESTAMP,CURRENT_PROD_LOT,FEATURE_ID,FEATURE_TYPE,CURRENT_KD_LOT) VALUES ('Plant1 PBS                      ','1PA1T5501       ','Plant1 PBS                                                                                                                      ',0,'HCM             ','FRAME1          ','PA1             ','PA1                             ','                                ','                                ','PBS             ','PBS                             ','                ',0,0,0,0,{ts '2017-11-30 08:47:27.920904'},{ts '2018-08-03 13:39:16.756969'},null,null,null,null);

INSERT INTO "GALADM"."GAL212TBX" (PRODUCTION_LOT,LOT_SIZE,START_PRODUCT_ID,SEND_STATUS,STAMPED_COUNT,HOLD_STATUS,SENT_TIMESTAMP,NEXT_PRODUCTION_LOT,LOT_NUMBER,PLANT_CODE,PROCESS_LOCATION,LINE_NO,PRODUCT_SPEC_CODE,CREATE_TIMESTAMP,UPDATE_TIMESTAMP,BUILD_SEQ_NOT_FIXED_FLAG,BUILD_SEQUENCE_NUMBER,PLAN_CODE,KD_LOT_NUMBER,SEQUENCE,REMAKE_FLAG,STAMPING_FLAG,CARRY_IN_OUT_FLAG,CARRY_IN_OUT_UNITS,MBPN,HES_COLOR,DEMAND_TYPE) VALUES ('HCM 01AF201811020220',30,'2HGFC3A5*KH750421',2,30,1,null,'HCM 01AF201811020230','201811020220','HCM ','AF','01','KTBJAC200 R513      Z         ',{ts '2018-10-29 10:32:05.465694'},{ts '2018-11-01 10:01:34.433730'},'N',null,'HCM 014AF  ','HCM 01201811005301',21080.0,'N','Y','E',0,null,null,'MP');
INSERT INTO "GALADM"."GAL212TBX" (PRODUCTION_LOT,LOT_SIZE,START_PRODUCT_ID,SEND_STATUS,STAMPED_COUNT,HOLD_STATUS,SENT_TIMESTAMP,NEXT_PRODUCTION_LOT,LOT_NUMBER,PLANT_CODE,PROCESS_LOCATION,LINE_NO,PRODUCT_SPEC_CODE,CREATE_TIMESTAMP,UPDATE_TIMESTAMP,BUILD_SEQ_NOT_FIXED_FLAG,BUILD_SEQUENCE_NUMBER,PLAN_CODE,KD_LOT_NUMBER,SEQUENCE,REMAKE_FLAG,STAMPING_FLAG,CARRY_IN_OUT_FLAG,CARRY_IN_OUT_UNITS,MBPN,HES_COLOR,DEMAND_TYPE) VALUES ('HCM 01AF201811020230',4,'2HGFC4A8*KH300855',2,4,1,null,'HCM 01AF201811020240','201811020230','HCM ','AF','01','KTBGAD100 R513      V         ',{ts '2018-10-29 10:32:05.557611'},{ts '2018-11-01 10:01:34.434128'},'N',null,'HCM 014AF  ','HCM 01201811005401',21081.0,'N','Y','E',0,null,null,'MP');
INSERT INTO "GALADM"."GAL212TBX" (PRODUCTION_LOT,LOT_SIZE,START_PRODUCT_ID,SEND_STATUS,STAMPED_COUNT,HOLD_STATUS,SENT_TIMESTAMP,NEXT_PRODUCTION_LOT,LOT_NUMBER,PLANT_CODE,PROCESS_LOCATION,LINE_NO,PRODUCT_SPEC_CODE,CREATE_TIMESTAMP,UPDATE_TIMESTAMP,BUILD_SEQ_NOT_FIXED_FLAG,BUILD_SEQUENCE_NUMBER,PLAN_CODE,KD_LOT_NUMBER,SEQUENCE,REMAKE_FLAG,STAMPING_FLAG,CARRY_IN_OUT_FLAG,CARRY_IN_OUT_UNITS,MBPN,HES_COLOR,DEMAND_TYPE) VALUES ('HCM 01AF201811020240',12,'2HGFC4A8*KH300859',1,0,1,null,'HCM 01AF201811020250','201811020240','HCM ','AF','01','KTBGAD100 B593M     V         ',{ts '2018-10-29 10:32:05.673934'},{ts '2018-11-01 10:01:34.434591'},'N',null,'HCM 014AF  ','HCM 01201811005402',21082.0,'N','Y','E',0,null,null,'MP');
INSERT INTO "GALADM"."GAL212TBX" (PRODUCTION_LOT,LOT_SIZE,START_PRODUCT_ID,SEND_STATUS,STAMPED_COUNT,HOLD_STATUS,SENT_TIMESTAMP,NEXT_PRODUCTION_LOT,LOT_NUMBER,PLANT_CODE,PROCESS_LOCATION,LINE_NO,PRODUCT_SPEC_CODE,CREATE_TIMESTAMP,UPDATE_TIMESTAMP,BUILD_SEQ_NOT_FIXED_FLAG,BUILD_SEQUENCE_NUMBER,PLAN_CODE,KD_LOT_NUMBER,SEQUENCE,REMAKE_FLAG,STAMPING_FLAG,CARRY_IN_OUT_FLAG,CARRY_IN_OUT_UNITS,MBPN,HES_COLOR,DEMAND_TYPE) VALUES ('HCM 01AF201811020250',12,'2HGFC4A8*KH300871',0,0,1,null,'HCM 01AF201811020260','201811020250','HCM ','AF','01','KTBGAD100 NH731P    V         ',{ts '2018-10-29 10:32:05.726612'},{ts '2018-11-01 10:01:34.435035'},'N',null,'HCM 014AF  ','HCM 01201811005403',21083.0,'N','Y','E',0,null,null,'MP');
INSERT INTO "GALADM"."GAL212TBX" (PRODUCTION_LOT,LOT_SIZE,START_PRODUCT_ID,SEND_STATUS,STAMPED_COUNT,HOLD_STATUS,SENT_TIMESTAMP,NEXT_PRODUCTION_LOT,LOT_NUMBER,PLANT_CODE,PROCESS_LOCATION,LINE_NO,PRODUCT_SPEC_CODE,CREATE_TIMESTAMP,UPDATE_TIMESTAMP,BUILD_SEQ_NOT_FIXED_FLAG,BUILD_SEQUENCE_NUMBER,PLAN_CODE,KD_LOT_NUMBER,SEQUENCE,REMAKE_FLAG,STAMPING_FLAG,CARRY_IN_OUT_FLAG,CARRY_IN_OUT_UNITS,MBPN,HES_COLOR,DEMAND_TYPE) VALUES ('HCM 01AF201811020260',2,'2HGFC4A8*KH300883',0,0,1,null,'HCM 01AF201811020270','201811020260','HCM ','AF','01','KTBGAD100 NH797M    V         ',{ts '2018-10-29 10:32:05.740340'},{ts '2018-11-01 10:01:34.435502'},'N',null,'HCM 014AF  ','HCM 01201811005404',21084.0,'N','Y','E',0,null,null,'MP');
INSERT INTO "GALADM"."GAL212TBX" (PRODUCTION_LOT,LOT_SIZE,START_PRODUCT_ID,SEND_STATUS,STAMPED_COUNT,HOLD_STATUS,SENT_TIMESTAMP,NEXT_PRODUCTION_LOT,LOT_NUMBER,PLANT_CODE,PROCESS_LOCATION,LINE_NO,PRODUCT_SPEC_CODE,CREATE_TIMESTAMP,UPDATE_TIMESTAMP,BUILD_SEQ_NOT_FIXED_FLAG,BUILD_SEQUENCE_NUMBER,PLAN_CODE,KD_LOT_NUMBER,SEQUENCE,REMAKE_FLAG,STAMPING_FLAG,CARRY_IN_OUT_FLAG,CARRY_IN_OUT_UNITS,MBPN,HES_COLOR,DEMAND_TYPE) VALUES ('HCM 01AF201811020270',30,'2HGFC2F8*KH507581',0,0,1,null,null,'201811020270','HCM ','AF','01','KTBDLG600 NH883P    V         ',{ts '2018-10-29 10:32:05.940122'},{ts '2018-11-01 10:01:34.436094'},'N',null,'HCM 014AF  ','HCM 01201811005901',21085.0,'N','Y','E',0,null,null,'MP');

INSERT INTO "GALADM"."GAL143TBX" (PRODUCT_ID,ENGINE_SERIAL_NO,MISSION_SERIAL_NO,STRAIGHT_SHIP_PERCENTAGE,KEY_NO,SHORT_VIN,PRODUCTION_LOT,KD_LOT_NUMBER,PRODUCT_SPEC_CODE,PLAN_OFF_DATE,TRACKING_STATUS,PRODUCT_START_DATE,ACTUAL_OFF_DATE,AUTO_HOLD_STATUS,PRODUCTION_DATE,LAST_PASSING_PROCESS_POINT_ID,ENGINE_STATUS,AF_ON_SEQUENCE_NUMBER,ACTUAL_MISSION_TYPE) VALUES ('2HGFC3A50KH750429',null,null,null,null,'FCKH750429 ','HCM 01AF201811020220','HCM 01201811005301','KTBJAC200 R513      Z ',{d '2018-11-02'},'PA              ',null,null,0,{d '2018-11-02'},'1PA1D6001       ',null,null,null);
INSERT INTO "GALADM"."GAL143TBX" (PRODUCT_ID,ENGINE_SERIAL_NO,MISSION_SERIAL_NO,STRAIGHT_SHIP_PERCENTAGE,KEY_NO,SHORT_VIN,PRODUCTION_LOT,KD_LOT_NUMBER,PRODUCT_SPEC_CODE,PLAN_OFF_DATE,TRACKING_STATUS,PRODUCT_START_DATE,ACTUAL_OFF_DATE,AUTO_HOLD_STATUS,PRODUCTION_DATE,LAST_PASSING_PROCESS_POINT_ID,ENGINE_STATUS,AF_ON_SEQUENCE_NUMBER,ACTUAL_MISSION_TYPE) VALUES ('2HGFC3A50KH750432',null,null,null,null,'FCKH750432 ','HCM 01AF201811020220','HCM 01201811005301','KTBJAC200 R513      Z ',{d '2018-11-02'},'PA              ',null,null,0,{d '2018-11-02'},'1PA1D6001       ',null,null,null);
INSERT INTO "GALADM"."GAL143TBX" (PRODUCT_ID,ENGINE_SERIAL_NO,MISSION_SERIAL_NO,STRAIGHT_SHIP_PERCENTAGE,KEY_NO,SHORT_VIN,PRODUCTION_LOT,KD_LOT_NUMBER,PRODUCT_SPEC_CODE,PLAN_OFF_DATE,TRACKING_STATUS,PRODUCT_START_DATE,ACTUAL_OFF_DATE,AUTO_HOLD_STATUS,PRODUCTION_DATE,LAST_PASSING_PROCESS_POINT_ID,ENGINE_STATUS,AF_ON_SEQUENCE_NUMBER,ACTUAL_MISSION_TYPE) VALUES ('2HGFC3A50KH750446',null,null,null,null,'FCKH750446 ','HCM 01AF201811020220','HCM 01201811005301','KTBJAC200 R513      Z ',{d '2018-11-02'},'PA              ',null,null,0,{d '2018-11-02'},'1PA1D6001       ',null,null,null);
INSERT INTO "GALADM"."GAL143TBX" (PRODUCT_ID,ENGINE_SERIAL_NO,MISSION_SERIAL_NO,STRAIGHT_SHIP_PERCENTAGE,KEY_NO,SHORT_VIN,PRODUCTION_LOT,KD_LOT_NUMBER,PRODUCT_SPEC_CODE,PLAN_OFF_DATE,TRACKING_STATUS,PRODUCT_START_DATE,ACTUAL_OFF_DATE,AUTO_HOLD_STATUS,PRODUCTION_DATE,LAST_PASSING_PROCESS_POINT_ID,ENGINE_STATUS,AF_ON_SEQUENCE_NUMBER,ACTUAL_MISSION_TYPE) VALUES ('2HGFC3A51KH750424',null,null,null,null,'FCKH750424 ','HCM 01AF201811020220','HCM 01201811005301','KTBJAC200 R513      Z ',{d '2018-11-02'},'PA              ',null,null,0,{d '2018-11-02'},'1PA1D6001       ',null,null,null);
INSERT INTO "GALADM"."GAL143TBX" (PRODUCT_ID,ENGINE_SERIAL_NO,MISSION_SERIAL_NO,STRAIGHT_SHIP_PERCENTAGE,KEY_NO,SHORT_VIN,PRODUCTION_LOT,KD_LOT_NUMBER,PRODUCT_SPEC_CODE,PLAN_OFF_DATE,TRACKING_STATUS,PRODUCT_START_DATE,ACTUAL_OFF_DATE,AUTO_HOLD_STATUS,PRODUCTION_DATE,LAST_PASSING_PROCESS_POINT_ID,ENGINE_STATUS,AF_ON_SEQUENCE_NUMBER,ACTUAL_MISSION_TYPE) VALUES ('2HGFC3A51KH750438',null,null,null,null,'FCKH750438 ','HCM 01AF201811020220','HCM 01201811005301','KTBJAC200 R513      Z ',{d '2018-11-02'},'PA              ',null,null,0,{d '2018-11-02'},'1PA1D6001       ',null,null,null);
INSERT INTO "GALADM"."GAL143TBX" (PRODUCT_ID,ENGINE_SERIAL_NO,MISSION_SERIAL_NO,STRAIGHT_SHIP_PERCENTAGE,KEY_NO,SHORT_VIN,PRODUCTION_LOT,KD_LOT_NUMBER,PRODUCT_SPEC_CODE,PLAN_OFF_DATE,TRACKING_STATUS,PRODUCT_START_DATE,ACTUAL_OFF_DATE,AUTO_HOLD_STATUS,PRODUCTION_DATE,LAST_PASSING_PROCESS_POINT_ID,ENGINE_STATUS,AF_ON_SEQUENCE_NUMBER,ACTUAL_MISSION_TYPE) VALUES ('2HGFC3A51KH750441',null,null,null,null,'FCKH750441 ','HCM 01AF201811020220','HCM 01201811005301','KTBJAC200 R513      Z ',{d '2018-11-02'},'PA              ',null,null,0,{d '2018-11-02'},'1PA1D6001       ',null,null,null);
INSERT INTO "GALADM"."GAL143TBX" (PRODUCT_ID,ENGINE_SERIAL_NO,MISSION_SERIAL_NO,STRAIGHT_SHIP_PERCENTAGE,KEY_NO,SHORT_VIN,PRODUCTION_LOT,KD_LOT_NUMBER,PRODUCT_SPEC_CODE,PLAN_OFF_DATE,TRACKING_STATUS,PRODUCT_START_DATE,ACTUAL_OFF_DATE,AUTO_HOLD_STATUS,PRODUCTION_DATE,LAST_PASSING_PROCESS_POINT_ID,ENGINE_STATUS,AF_ON_SEQUENCE_NUMBER,ACTUAL_MISSION_TYPE) VALUES ('2HGFC3A52KH750433',null,null,null,null,'FCKH750433 ','HCM 01AF201811020220','HCM 01201811005301','KTBJAC200 R513      Z ',{d '2018-11-02'},'PA              ',null,null,0,{d '2018-11-02'},'1PA1D6001       ',null,null,null);
INSERT INTO "GALADM"."GAL143TBX" (PRODUCT_ID,ENGINE_SERIAL_NO,MISSION_SERIAL_NO,STRAIGHT_SHIP_PERCENTAGE,KEY_NO,SHORT_VIN,PRODUCTION_LOT,KD_LOT_NUMBER,PRODUCT_SPEC_CODE,PLAN_OFF_DATE,TRACKING_STATUS,PRODUCT_START_DATE,ACTUAL_OFF_DATE,AUTO_HOLD_STATUS,PRODUCTION_DATE,LAST_PASSING_PROCESS_POINT_ID,ENGINE_STATUS,AF_ON_SEQUENCE_NUMBER,ACTUAL_MISSION_TYPE) VALUES ('2HGFC3A52KH750447',null,null,null,null,'FCKH750447 ','HCM 01AF201811020220','HCM 01201811005301','KTBJAC200 R513      Z ',{d '2018-11-02'},'PA              ',null,null,0,{d '2018-11-02'},'1PA1D6001       ',null,null,null);
INSERT INTO "GALADM"."GAL143TBX" (PRODUCT_ID,ENGINE_SERIAL_NO,MISSION_SERIAL_NO,STRAIGHT_SHIP_PERCENTAGE,KEY_NO,SHORT_VIN,PRODUCTION_LOT,KD_LOT_NUMBER,PRODUCT_SPEC_CODE,PLAN_OFF_DATE,TRACKING_STATUS,PRODUCT_START_DATE,ACTUAL_OFF_DATE,AUTO_HOLD_STATUS,PRODUCTION_DATE,LAST_PASSING_PROCESS_POINT_ID,ENGINE_STATUS,AF_ON_SEQUENCE_NUMBER,ACTUAL_MISSION_TYPE) VALUES ('2HGFC3A52KH750450',null,null,null,null,'FCKH750450 ','HCM 01AF201811020220','HCM 01201811005301','KTBJAC200 R513      Z ',{d '2018-11-02'},'PA              ',null,null,0,{d '2018-11-02'},'1PA1D6001       ',null,null,null);
INSERT INTO "GALADM"."GAL143TBX" (PRODUCT_ID,ENGINE_SERIAL_NO,MISSION_SERIAL_NO,STRAIGHT_SHIP_PERCENTAGE,KEY_NO,SHORT_VIN,PRODUCTION_LOT,KD_LOT_NUMBER,PRODUCT_SPEC_CODE,PLAN_OFF_DATE,TRACKING_STATUS,PRODUCT_START_DATE,ACTUAL_OFF_DATE,AUTO_HOLD_STATUS,PRODUCTION_DATE,LAST_PASSING_PROCESS_POINT_ID,ENGINE_STATUS,AF_ON_SEQUENCE_NUMBER,ACTUAL_MISSION_TYPE) VALUES ('2HGFC3A53KH750425',null,null,null,null,'FCKH750425 ','HCM 01AF201811020220','HCM 01201811005301','KTBJAC200 R513      Z ',{d '2018-11-02'},'PA              ',null,null,0,{d '2018-11-02'},'1PA1D6001       ',null,null,null);
INSERT INTO "GALADM"."GAL143TBX" (PRODUCT_ID,ENGINE_SERIAL_NO,MISSION_SERIAL_NO,STRAIGHT_SHIP_PERCENTAGE,KEY_NO,SHORT_VIN,PRODUCTION_LOT,KD_LOT_NUMBER,PRODUCT_SPEC_CODE,PLAN_OFF_DATE,TRACKING_STATUS,PRODUCT_START_DATE,ACTUAL_OFF_DATE,AUTO_HOLD_STATUS,PRODUCTION_DATE,LAST_PASSING_PROCESS_POINT_ID,ENGINE_STATUS,AF_ON_SEQUENCE_NUMBER,ACTUAL_MISSION_TYPE) VALUES ('2HGFC3A53KH750439',null,null,null,null,'FCKH750439 ','HCM 01AF201811020220','HCM 01201811005301','KTBJAC200 R513      Z ',{d '2018-11-02'},'PA              ',null,null,0,{d '2018-11-02'},'1PA1D6001       ',null,null,null);
INSERT INTO "GALADM"."GAL143TBX" (PRODUCT_ID,ENGINE_SERIAL_NO,MISSION_SERIAL_NO,STRAIGHT_SHIP_PERCENTAGE,KEY_NO,SHORT_VIN,PRODUCTION_LOT,KD_LOT_NUMBER,PRODUCT_SPEC_CODE,PLAN_OFF_DATE,TRACKING_STATUS,PRODUCT_START_DATE,ACTUAL_OFF_DATE,AUTO_HOLD_STATUS,PRODUCTION_DATE,LAST_PASSING_PROCESS_POINT_ID,ENGINE_STATUS,AF_ON_SEQUENCE_NUMBER,ACTUAL_MISSION_TYPE) VALUES ('2HGFC3A53KH750442',null,null,null,null,'FCKH750442 ','HCM 01AF201811020220','HCM 01201811005301','KTBJAC200 R513      Z ',{d '2018-11-02'},'PA              ',null,null,0,{d '2018-11-02'},'1PA1D6001       ',null,null,null);
INSERT INTO "GALADM"."GAL143TBX" (PRODUCT_ID,ENGINE_SERIAL_NO,MISSION_SERIAL_NO,STRAIGHT_SHIP_PERCENTAGE,KEY_NO,SHORT_VIN,PRODUCTION_LOT,KD_LOT_NUMBER,PRODUCT_SPEC_CODE,PLAN_OFF_DATE,TRACKING_STATUS,PRODUCT_START_DATE,ACTUAL_OFF_DATE,AUTO_HOLD_STATUS,PRODUCTION_DATE,LAST_PASSING_PROCESS_POINT_ID,ENGINE_STATUS,AF_ON_SEQUENCE_NUMBER,ACTUAL_MISSION_TYPE) VALUES ('2HGFC3A54KH750434',null,null,null,null,'FCKH750434 ','HCM 01AF201811020220','HCM 01201811005301','KTBJAC200 R513      Z ',{d '2018-11-02'},'PA              ',null,null,0,{d '2018-11-02'},'1PA1D6001       ',null,null,null);
INSERT INTO "GALADM"."GAL143TBX" (PRODUCT_ID,ENGINE_SERIAL_NO,MISSION_SERIAL_NO,STRAIGHT_SHIP_PERCENTAGE,KEY_NO,SHORT_VIN,PRODUCTION_LOT,KD_LOT_NUMBER,PRODUCT_SPEC_CODE,PLAN_OFF_DATE,TRACKING_STATUS,PRODUCT_START_DATE,ACTUAL_OFF_DATE,AUTO_HOLD_STATUS,PRODUCTION_DATE,LAST_PASSING_PROCESS_POINT_ID,ENGINE_STATUS,AF_ON_SEQUENCE_NUMBER,ACTUAL_MISSION_TYPE) VALUES ('2HGFC3A54KH750448',null,null,null,null,'FCKH750448 ','HCM 01AF201811020220','HCM 01201811005301','KTBJAC200 R513      Z ',{d '2018-11-02'},'PA              ',null,null,0,{d '2018-11-02'},'1PA1D6001       ',null,null,null);
INSERT INTO "GALADM"."GAL143TBX" (PRODUCT_ID,ENGINE_SERIAL_NO,MISSION_SERIAL_NO,STRAIGHT_SHIP_PERCENTAGE,KEY_NO,SHORT_VIN,PRODUCTION_LOT,KD_LOT_NUMBER,PRODUCT_SPEC_CODE,PLAN_OFF_DATE,TRACKING_STATUS,PRODUCT_START_DATE,ACTUAL_OFF_DATE,AUTO_HOLD_STATUS,PRODUCTION_DATE,LAST_PASSING_PROCESS_POINT_ID,ENGINE_STATUS,AF_ON_SEQUENCE_NUMBER,ACTUAL_MISSION_TYPE) VALUES ('2HGFC3A55KH750426',null,null,null,null,'FCKH750426 ','HCM 01AF201811020220','HCM 01201811005301','KTBJAC200 R513      Z ',{d '2018-11-02'},'PA              ',null,null,0,{d '2018-11-02'},'1PA1D6001       ',null,null,null);
INSERT INTO "GALADM"."GAL143TBX" (PRODUCT_ID,ENGINE_SERIAL_NO,MISSION_SERIAL_NO,STRAIGHT_SHIP_PERCENTAGE,KEY_NO,SHORT_VIN,PRODUCTION_LOT,KD_LOT_NUMBER,PRODUCT_SPEC_CODE,PLAN_OFF_DATE,TRACKING_STATUS,PRODUCT_START_DATE,ACTUAL_OFF_DATE,AUTO_HOLD_STATUS,PRODUCTION_DATE,LAST_PASSING_PROCESS_POINT_ID,ENGINE_STATUS,AF_ON_SEQUENCE_NUMBER,ACTUAL_MISSION_TYPE) VALUES ('2HGFC3A55KH750443',null,null,null,null,'FCKH750443 ','HCM 01AF201811020220','HCM 01201811005301','KTBJAC200 R513      Z ',{d '2018-11-02'},'PA              ',null,null,0,{d '2018-11-02'},'1PA1D6001       ',null,null,null);
INSERT INTO "GALADM"."GAL143TBX" (PRODUCT_ID,ENGINE_SERIAL_NO,MISSION_SERIAL_NO,STRAIGHT_SHIP_PERCENTAGE,KEY_NO,SHORT_VIN,PRODUCTION_LOT,KD_LOT_NUMBER,PRODUCT_SPEC_CODE,PLAN_OFF_DATE,TRACKING_STATUS,PRODUCT_START_DATE,ACTUAL_OFF_DATE,AUTO_HOLD_STATUS,PRODUCTION_DATE,LAST_PASSING_PROCESS_POINT_ID,ENGINE_STATUS,AF_ON_SEQUENCE_NUMBER,ACTUAL_MISSION_TYPE) VALUES ('2HGFC3A56KH750421',null,null,null,null,'FCKH750421 ','HCM 01AF201811020220','HCM 01201811005301','KTBJAC200 R513      Z ',{d '2018-11-02'},'PA              ',null,null,0,{d '2018-11-02'},'1PA1D6001       ',null,null,null);
INSERT INTO "GALADM"."GAL143TBX" (PRODUCT_ID,ENGINE_SERIAL_NO,MISSION_SERIAL_NO,STRAIGHT_SHIP_PERCENTAGE,KEY_NO,SHORT_VIN,PRODUCTION_LOT,KD_LOT_NUMBER,PRODUCT_SPEC_CODE,PLAN_OFF_DATE,TRACKING_STATUS,PRODUCT_START_DATE,ACTUAL_OFF_DATE,AUTO_HOLD_STATUS,PRODUCTION_DATE,LAST_PASSING_PROCESS_POINT_ID,ENGINE_STATUS,AF_ON_SEQUENCE_NUMBER,ACTUAL_MISSION_TYPE) VALUES ('2HGFC3A56KH750435',null,null,null,null,'FCKH750435 ','HCM 01AF201811020220','HCM 01201811005301','KTBJAC200 R513      Z ',{d '2018-11-02'},'PA              ',null,null,0,{d '2018-11-02'},'1PA1D6001       ',null,null,null);
INSERT INTO "GALADM"."GAL143TBX" (PRODUCT_ID,ENGINE_SERIAL_NO,MISSION_SERIAL_NO,STRAIGHT_SHIP_PERCENTAGE,KEY_NO,SHORT_VIN,PRODUCTION_LOT,KD_LOT_NUMBER,PRODUCT_SPEC_CODE,PLAN_OFF_DATE,TRACKING_STATUS,PRODUCT_START_DATE,ACTUAL_OFF_DATE,AUTO_HOLD_STATUS,PRODUCTION_DATE,LAST_PASSING_PROCESS_POINT_ID,ENGINE_STATUS,AF_ON_SEQUENCE_NUMBER,ACTUAL_MISSION_TYPE) VALUES ('2HGFC3A56KH750449',null,null,null,null,'FCKH750449 ','HCM 01AF201811020220','HCM 01201811005301','KTBJAC200 R513      Z ',{d '2018-11-02'},null,null,null,0,{d '2018-11-02'},null,null,null,null);
INSERT INTO "GALADM"."GAL143TBX" (PRODUCT_ID,ENGINE_SERIAL_NO,MISSION_SERIAL_NO,STRAIGHT_SHIP_PERCENTAGE,KEY_NO,SHORT_VIN,PRODUCTION_LOT,KD_LOT_NUMBER,PRODUCT_SPEC_CODE,PLAN_OFF_DATE,TRACKING_STATUS,PRODUCT_START_DATE,ACTUAL_OFF_DATE,AUTO_HOLD_STATUS,PRODUCTION_DATE,LAST_PASSING_PROCESS_POINT_ID,ENGINE_STATUS,AF_ON_SEQUENCE_NUMBER,ACTUAL_MISSION_TYPE) VALUES ('2HGFC3A57KH750427',null,null,null,null,'FCKH750427 ','HCM 01AF201811020220','HCM 01201811005301','KTBJAC200 R513      Z ',{d '2018-11-02'},'PA              ',null,null,0,{d '2018-11-02'},'1PA1D6001       ',null,null,null);
INSERT INTO "GALADM"."GAL143TBX" (PRODUCT_ID,ENGINE_SERIAL_NO,MISSION_SERIAL_NO,STRAIGHT_SHIP_PERCENTAGE,KEY_NO,SHORT_VIN,PRODUCTION_LOT,KD_LOT_NUMBER,PRODUCT_SPEC_CODE,PLAN_OFF_DATE,TRACKING_STATUS,PRODUCT_START_DATE,ACTUAL_OFF_DATE,AUTO_HOLD_STATUS,PRODUCTION_DATE,LAST_PASSING_PROCESS_POINT_ID,ENGINE_STATUS,AF_ON_SEQUENCE_NUMBER,ACTUAL_MISSION_TYPE) VALUES ('2HGFC3A57KH750430',null,null,null,null,'FCKH750430 ','HCM 01AF201811020220','HCM 01201811005301','KTBJAC200 R513      Z ',{d '2018-11-02'},'PA              ',null,null,0,{d '2018-11-02'},'1PA1D6001       ',null,null,null);
INSERT INTO "GALADM"."GAL143TBX" (PRODUCT_ID,ENGINE_SERIAL_NO,MISSION_SERIAL_NO,STRAIGHT_SHIP_PERCENTAGE,KEY_NO,SHORT_VIN,PRODUCTION_LOT,KD_LOT_NUMBER,PRODUCT_SPEC_CODE,PLAN_OFF_DATE,TRACKING_STATUS,PRODUCT_START_DATE,ACTUAL_OFF_DATE,AUTO_HOLD_STATUS,PRODUCTION_DATE,LAST_PASSING_PROCESS_POINT_ID,ENGINE_STATUS,AF_ON_SEQUENCE_NUMBER,ACTUAL_MISSION_TYPE) VALUES ('2HGFC3A57KH750444',null,null,null,null,'FCKH750444 ','HCM 01AF201811020220','HCM 01201811005301','KTBJAC200 R513      Z ',{d '2018-11-02'},'PA              ',null,null,0,{d '2018-11-02'},'1PA1D6001       ',null,null,null);
INSERT INTO "GALADM"."GAL143TBX" (PRODUCT_ID,ENGINE_SERIAL_NO,MISSION_SERIAL_NO,STRAIGHT_SHIP_PERCENTAGE,KEY_NO,SHORT_VIN,PRODUCTION_LOT,KD_LOT_NUMBER,PRODUCT_SPEC_CODE,PLAN_OFF_DATE,TRACKING_STATUS,PRODUCT_START_DATE,ACTUAL_OFF_DATE,AUTO_HOLD_STATUS,PRODUCTION_DATE,LAST_PASSING_PROCESS_POINT_ID,ENGINE_STATUS,AF_ON_SEQUENCE_NUMBER,ACTUAL_MISSION_TYPE) VALUES ('2HGFC3A58KH750422',null,null,null,null,'FCKH750422 ','HCM 01AF201811020220','HCM 01201811005301','KTBJAC200 R513      Z ',{d '2018-11-02'},'PA              ',null,null,0,{d '2018-11-02'},'1PA1D6001       ',null,null,null);
INSERT INTO "GALADM"."GAL143TBX" (PRODUCT_ID,ENGINE_SERIAL_NO,MISSION_SERIAL_NO,STRAIGHT_SHIP_PERCENTAGE,KEY_NO,SHORT_VIN,PRODUCTION_LOT,KD_LOT_NUMBER,PRODUCT_SPEC_CODE,PLAN_OFF_DATE,TRACKING_STATUS,PRODUCT_START_DATE,ACTUAL_OFF_DATE,AUTO_HOLD_STATUS,PRODUCTION_DATE,LAST_PASSING_PROCESS_POINT_ID,ENGINE_STATUS,AF_ON_SEQUENCE_NUMBER,ACTUAL_MISSION_TYPE) VALUES ('2HGFC3A58KH750436',null,null,null,null,'FCKH750436 ','HCM 01AF201811020220','HCM 01201811005301','KTBJAC200 R513      Z ',{d '2018-11-02'},'PA              ',null,null,0,{d '2018-11-02'},'1PA1D6001       ',null,null,null);
INSERT INTO "GALADM"."GAL143TBX" (PRODUCT_ID,ENGINE_SERIAL_NO,MISSION_SERIAL_NO,STRAIGHT_SHIP_PERCENTAGE,KEY_NO,SHORT_VIN,PRODUCTION_LOT,KD_LOT_NUMBER,PRODUCT_SPEC_CODE,PLAN_OFF_DATE,TRACKING_STATUS,PRODUCT_START_DATE,ACTUAL_OFF_DATE,AUTO_HOLD_STATUS,PRODUCTION_DATE,LAST_PASSING_PROCESS_POINT_ID,ENGINE_STATUS,AF_ON_SEQUENCE_NUMBER,ACTUAL_MISSION_TYPE) VALUES ('2HGFC3A59KH750428',null,null,null,null,'FCKH750428 ','HCM 01AF201811020220','HCM 01201811005301','KTBJAC200 R513      Z ',{d '2018-11-02'},'PA              ',null,null,0,{d '2018-11-02'},'1PA1D6001       ',null,null,null);
INSERT INTO "GALADM"."GAL143TBX" (PRODUCT_ID,ENGINE_SERIAL_NO,MISSION_SERIAL_NO,STRAIGHT_SHIP_PERCENTAGE,KEY_NO,SHORT_VIN,PRODUCTION_LOT,KD_LOT_NUMBER,PRODUCT_SPEC_CODE,PLAN_OFF_DATE,TRACKING_STATUS,PRODUCT_START_DATE,ACTUAL_OFF_DATE,AUTO_HOLD_STATUS,PRODUCTION_DATE,LAST_PASSING_PROCESS_POINT_ID,ENGINE_STATUS,AF_ON_SEQUENCE_NUMBER,ACTUAL_MISSION_TYPE) VALUES ('2HGFC3A59KH750431',null,null,null,null,'FCKH750431 ','HCM 01AF201811020220','HCM 01201811005301','KTBJAC200 R513      Z ',{d '2018-11-02'},'PA              ',null,null,0,{d '2018-11-02'},'1PA1D6001       ',null,null,null);
INSERT INTO "GALADM"."GAL143TBX" (PRODUCT_ID,ENGINE_SERIAL_NO,MISSION_SERIAL_NO,STRAIGHT_SHIP_PERCENTAGE,KEY_NO,SHORT_VIN,PRODUCTION_LOT,KD_LOT_NUMBER,PRODUCT_SPEC_CODE,PLAN_OFF_DATE,TRACKING_STATUS,PRODUCT_START_DATE,ACTUAL_OFF_DATE,AUTO_HOLD_STATUS,PRODUCTION_DATE,LAST_PASSING_PROCESS_POINT_ID,ENGINE_STATUS,AF_ON_SEQUENCE_NUMBER,ACTUAL_MISSION_TYPE) VALUES ('2HGFC3A59KH750445',null,null,null,null,'FCKH750445 ','HCM 01AF201811020220','HCM 01201811005301','KTBJAC200 R513      Z ',{d '2018-11-02'},'PA              ',null,null,0,{d '2018-11-02'},'1PA1D6001       ',null,null,null);
INSERT INTO "GALADM"."GAL143TBX" (PRODUCT_ID,ENGINE_SERIAL_NO,MISSION_SERIAL_NO,STRAIGHT_SHIP_PERCENTAGE,KEY_NO,SHORT_VIN,PRODUCTION_LOT,KD_LOT_NUMBER,PRODUCT_SPEC_CODE,PLAN_OFF_DATE,TRACKING_STATUS,PRODUCT_START_DATE,ACTUAL_OFF_DATE,AUTO_HOLD_STATUS,PRODUCTION_DATE,LAST_PASSING_PROCESS_POINT_ID,ENGINE_STATUS,AF_ON_SEQUENCE_NUMBER,ACTUAL_MISSION_TYPE) VALUES ('2HGFC3A5XKH750423',null,null,null,null,'FCKH750423 ','HCM 01AF201811020220','HCM 01201811005301','KTBJAC200 R513      Z ',{d '2018-11-02'},'PA              ',null,null,0,{d '2018-11-02'},'1PA1D6001       ',null,null,null);
INSERT INTO "GALADM"."GAL143TBX" (PRODUCT_ID,ENGINE_SERIAL_NO,MISSION_SERIAL_NO,STRAIGHT_SHIP_PERCENTAGE,KEY_NO,SHORT_VIN,PRODUCTION_LOT,KD_LOT_NUMBER,PRODUCT_SPEC_CODE,PLAN_OFF_DATE,TRACKING_STATUS,PRODUCT_START_DATE,ACTUAL_OFF_DATE,AUTO_HOLD_STATUS,PRODUCTION_DATE,LAST_PASSING_PROCESS_POINT_ID,ENGINE_STATUS,AF_ON_SEQUENCE_NUMBER,ACTUAL_MISSION_TYPE) VALUES ('2HGFC3A5XKH750437',null,null,null,null,'FCKH750437 ','HCM 01AF201811020220','HCM 01201811005301','KTBJAC200 R513      Z ',{d '2018-11-02'},null,null,null,0,{d '2018-11-02'},null,null,null,null);
INSERT INTO "GALADM"."GAL143TBX" (PRODUCT_ID,ENGINE_SERIAL_NO,MISSION_SERIAL_NO,STRAIGHT_SHIP_PERCENTAGE,KEY_NO,SHORT_VIN,PRODUCTION_LOT,KD_LOT_NUMBER,PRODUCT_SPEC_CODE,PLAN_OFF_DATE,TRACKING_STATUS,PRODUCT_START_DATE,ACTUAL_OFF_DATE,AUTO_HOLD_STATUS,PRODUCTION_DATE,LAST_PASSING_PROCESS_POINT_ID,ENGINE_STATUS,AF_ON_SEQUENCE_NUMBER,ACTUAL_MISSION_TYPE) VALUES ('2HGFC3A5XKH750440',null,null,null,null,'FCKH750440 ','HCM 01AF201811020220','HCM 01201811005301','KTBJAC200 R513      Z ',{d '2018-11-02'},'PA              ',null,null,0,{d '2018-11-02'},'1PA1D6001       ',null,null,null);
INSERT INTO "GALADM"."GAL143TBX" (PRODUCT_ID,ENGINE_SERIAL_NO,MISSION_SERIAL_NO,STRAIGHT_SHIP_PERCENTAGE,KEY_NO,SHORT_VIN,PRODUCTION_LOT,KD_LOT_NUMBER,PRODUCT_SPEC_CODE,PLAN_OFF_DATE,TRACKING_STATUS,PRODUCT_START_DATE,ACTUAL_OFF_DATE,AUTO_HOLD_STATUS,PRODUCTION_DATE,LAST_PASSING_PROCESS_POINT_ID,ENGINE_STATUS,AF_ON_SEQUENCE_NUMBER,ACTUAL_MISSION_TYPE) VALUES ('2HGFC4A83KH300855',null,null,null,null,'FCKH300855 ','HCM 01AF201811020230','HCM 01201811005401','KTBGAD100 R513      V ',{d '2018-11-02'},'PA              ',null,null,0,{d '2018-11-02'},'1PA1D6001       ',null,null,null);
INSERT INTO "GALADM"."GAL143TBX" (PRODUCT_ID,ENGINE_SERIAL_NO,MISSION_SERIAL_NO,STRAIGHT_SHIP_PERCENTAGE,KEY_NO,SHORT_VIN,PRODUCTION_LOT,KD_LOT_NUMBER,PRODUCT_SPEC_CODE,PLAN_OFF_DATE,TRACKING_STATUS,PRODUCT_START_DATE,ACTUAL_OFF_DATE,AUTO_HOLD_STATUS,PRODUCTION_DATE,LAST_PASSING_PROCESS_POINT_ID,ENGINE_STATUS,AF_ON_SEQUENCE_NUMBER,ACTUAL_MISSION_TYPE) VALUES ('2HGFC4A85KH300856',null,null,null,null,'FCKH300856 ','HCM 01AF201811020230','HCM 01201811005401','KTBGAD100 R513      V ',{d '2018-11-02'},null,null,null,0,{d '2018-11-02'},null,null,null,null);
INSERT INTO "GALADM"."GAL143TBX" (PRODUCT_ID,ENGINE_SERIAL_NO,MISSION_SERIAL_NO,STRAIGHT_SHIP_PERCENTAGE,KEY_NO,SHORT_VIN,PRODUCTION_LOT,KD_LOT_NUMBER,PRODUCT_SPEC_CODE,PLAN_OFF_DATE,TRACKING_STATUS,PRODUCT_START_DATE,ACTUAL_OFF_DATE,AUTO_HOLD_STATUS,PRODUCTION_DATE,LAST_PASSING_PROCESS_POINT_ID,ENGINE_STATUS,AF_ON_SEQUENCE_NUMBER,ACTUAL_MISSION_TYPE) VALUES ('2HGFC4A87KH300857',null,null,null,null,'FCKH300857 ','HCM 01AF201811020230','HCM 01201811005401','KTBGAD100 R513      V ',{d '2018-11-02'},'PA              ',null,null,0,{d '2018-11-02'},'1PA1D6001       ',null,null,null);
INSERT INTO "GALADM"."GAL143TBX" (PRODUCT_ID,ENGINE_SERIAL_NO,MISSION_SERIAL_NO,STRAIGHT_SHIP_PERCENTAGE,KEY_NO,SHORT_VIN,PRODUCTION_LOT,KD_LOT_NUMBER,PRODUCT_SPEC_CODE,PLAN_OFF_DATE,TRACKING_STATUS,PRODUCT_START_DATE,ACTUAL_OFF_DATE,AUTO_HOLD_STATUS,PRODUCTION_DATE,LAST_PASSING_PROCESS_POINT_ID,ENGINE_STATUS,AF_ON_SEQUENCE_NUMBER,ACTUAL_MISSION_TYPE) VALUES ('2HGFC4A89KH300858',null,null,null,null,'FCKH300858 ','HCM 01AF201811020230','HCM 01201811005401','KTBGAD100 R513      V ',{d '2018-11-02'},null,null,null,0,{d '2018-11-02'},null,null,null,null);
INSERT INTO "GALADM"."GAL143TBX" (PRODUCT_ID,ENGINE_SERIAL_NO,MISSION_SERIAL_NO,STRAIGHT_SHIP_PERCENTAGE,KEY_NO,SHORT_VIN,PRODUCTION_LOT,KD_LOT_NUMBER,PRODUCT_SPEC_CODE,PLAN_OFF_DATE,TRACKING_STATUS,PRODUCT_START_DATE,ACTUAL_OFF_DATE,AUTO_HOLD_STATUS,PRODUCTION_DATE,LAST_PASSING_PROCESS_POINT_ID,ENGINE_STATUS,AF_ON_SEQUENCE_NUMBER,ACTUAL_MISSION_TYPE) VALUES ('2HGFC4A80KH300859',null,null,null,null,'FCKH300859 ','HCM 01AF201811020240','HCM 01201811005402','KTBGAD100 B593M     V ',{d '2018-11-02'},'PA              ',null,null,0,{d '2018-11-02'},'1PA1D6001       ',null,null,null);
INSERT INTO "GALADM"."GAL143TBX" (PRODUCT_ID,ENGINE_SERIAL_NO,MISSION_SERIAL_NO,STRAIGHT_SHIP_PERCENTAGE,KEY_NO,SHORT_VIN,PRODUCTION_LOT,KD_LOT_NUMBER,PRODUCT_SPEC_CODE,PLAN_OFF_DATE,TRACKING_STATUS,PRODUCT_START_DATE,ACTUAL_OFF_DATE,AUTO_HOLD_STATUS,PRODUCTION_DATE,LAST_PASSING_PROCESS_POINT_ID,ENGINE_STATUS,AF_ON_SEQUENCE_NUMBER,ACTUAL_MISSION_TYPE) VALUES ('2HGFC4A80KH300862',null,null,null,null,'FCKH300862 ','HCM 01AF201811020240','HCM 01201811005402','KTBGAD100 B593M     V ',{d '2018-11-02'},'PA              ',null,null,0,{d '2018-11-02'},'1PA1D6001       ',null,null,null);
INSERT INTO "GALADM"."GAL143TBX" (PRODUCT_ID,ENGINE_SERIAL_NO,MISSION_SERIAL_NO,STRAIGHT_SHIP_PERCENTAGE,KEY_NO,SHORT_VIN,PRODUCTION_LOT,KD_LOT_NUMBER,PRODUCT_SPEC_CODE,PLAN_OFF_DATE,TRACKING_STATUS,PRODUCT_START_DATE,ACTUAL_OFF_DATE,AUTO_HOLD_STATUS,PRODUCTION_DATE,LAST_PASSING_PROCESS_POINT_ID,ENGINE_STATUS,AF_ON_SEQUENCE_NUMBER,ACTUAL_MISSION_TYPE) VALUES ('2HGFC4A81KH300868',null,null,null,null,'FCKH300868 ','HCM 01AF201811020240','HCM 01201811005402','KTBGAD100 B593M     V ',{d '2018-11-02'},null,null,null,0,{d '2018-11-02'},null,null,null,null);
INSERT INTO "GALADM"."GAL143TBX" (PRODUCT_ID,ENGINE_SERIAL_NO,MISSION_SERIAL_NO,STRAIGHT_SHIP_PERCENTAGE,KEY_NO,SHORT_VIN,PRODUCTION_LOT,KD_LOT_NUMBER,PRODUCT_SPEC_CODE,PLAN_OFF_DATE,TRACKING_STATUS,PRODUCT_START_DATE,ACTUAL_OFF_DATE,AUTO_HOLD_STATUS,PRODUCTION_DATE,LAST_PASSING_PROCESS_POINT_ID,ENGINE_STATUS,AF_ON_SEQUENCE_NUMBER,ACTUAL_MISSION_TYPE) VALUES ('2HGFC4A82KH300863',null,null,null,null,'FCKH300863 ','HCM 01AF201811020240','HCM 01201811005402','KTBGAD100 B593M     V ',{d '2018-11-02'},'PA              ',null,null,0,{d '2018-11-02'},'1PA1D6001       ',null,null,null);
INSERT INTO "GALADM"."GAL143TBX" (PRODUCT_ID,ENGINE_SERIAL_NO,MISSION_SERIAL_NO,STRAIGHT_SHIP_PERCENTAGE,KEY_NO,SHORT_VIN,PRODUCTION_LOT,KD_LOT_NUMBER,PRODUCT_SPEC_CODE,PLAN_OFF_DATE,TRACKING_STATUS,PRODUCT_START_DATE,ACTUAL_OFF_DATE,AUTO_HOLD_STATUS,PRODUCTION_DATE,LAST_PASSING_PROCESS_POINT_ID,ENGINE_STATUS,AF_ON_SEQUENCE_NUMBER,ACTUAL_MISSION_TYPE) VALUES ('2HGFC4A83KH300869',null,null,null,null,'FCKH300869 ','HCM 01AF201811020240','HCM 01201811005402','KTBGAD100 B593M     V ',{d '2018-11-02'},'PA              ',null,null,0,{d '2018-11-02'},'1PA1D6001       ',null,null,null);
INSERT INTO "GALADM"."GAL143TBX" (PRODUCT_ID,ENGINE_SERIAL_NO,MISSION_SERIAL_NO,STRAIGHT_SHIP_PERCENTAGE,KEY_NO,SHORT_VIN,PRODUCTION_LOT,KD_LOT_NUMBER,PRODUCT_SPEC_CODE,PLAN_OFF_DATE,TRACKING_STATUS,PRODUCT_START_DATE,ACTUAL_OFF_DATE,AUTO_HOLD_STATUS,PRODUCTION_DATE,LAST_PASSING_PROCESS_POINT_ID,ENGINE_STATUS,AF_ON_SEQUENCE_NUMBER,ACTUAL_MISSION_TYPE) VALUES ('2HGFC4A84KH300864',null,null,null,null,'FCKH300864 ','HCM 01AF201811020240','HCM 01201811005402','KTBGAD100 B593M     V ',{d '2018-11-02'},'PA              ',null,null,0,{d '2018-11-02'},'1PA1D6001       ',null,null,null);
INSERT INTO "GALADM"."GAL143TBX" (PRODUCT_ID,ENGINE_SERIAL_NO,MISSION_SERIAL_NO,STRAIGHT_SHIP_PERCENTAGE,KEY_NO,SHORT_VIN,PRODUCTION_LOT,KD_LOT_NUMBER,PRODUCT_SPEC_CODE,PLAN_OFF_DATE,TRACKING_STATUS,PRODUCT_START_DATE,ACTUAL_OFF_DATE,AUTO_HOLD_STATUS,PRODUCTION_DATE,LAST_PASSING_PROCESS_POINT_ID,ENGINE_STATUS,AF_ON_SEQUENCE_NUMBER,ACTUAL_MISSION_TYPE) VALUES ('2HGFC4A86KH300865',null,null,null,null,'FCKH300865 ','HCM 01AF201811020240','HCM 01201811005402','KTBGAD100 B593M     V ',{d '2018-11-02'},null,null,null,0,{d '2018-11-02'},null,null,null,null);
INSERT INTO "GALADM"."GAL143TBX" (PRODUCT_ID,ENGINE_SERIAL_NO,MISSION_SERIAL_NO,STRAIGHT_SHIP_PERCENTAGE,KEY_NO,SHORT_VIN,PRODUCTION_LOT,KD_LOT_NUMBER,PRODUCT_SPEC_CODE,PLAN_OFF_DATE,TRACKING_STATUS,PRODUCT_START_DATE,ACTUAL_OFF_DATE,AUTO_HOLD_STATUS,PRODUCTION_DATE,LAST_PASSING_PROCESS_POINT_ID,ENGINE_STATUS,AF_ON_SEQUENCE_NUMBER,ACTUAL_MISSION_TYPE) VALUES ('2HGFC4A87KH300860',null,null,null,null,'FCKH300860 ','HCM 01AF201811020240','HCM 01201811005402','KTBGAD100 B593M     V ',{d '2018-11-02'},null,null,null,0,{d '2018-11-02'},null,null,null,null);
INSERT INTO "GALADM"."GAL143TBX" (PRODUCT_ID,ENGINE_SERIAL_NO,MISSION_SERIAL_NO,STRAIGHT_SHIP_PERCENTAGE,KEY_NO,SHORT_VIN,PRODUCTION_LOT,KD_LOT_NUMBER,PRODUCT_SPEC_CODE,PLAN_OFF_DATE,TRACKING_STATUS,PRODUCT_START_DATE,ACTUAL_OFF_DATE,AUTO_HOLD_STATUS,PRODUCTION_DATE,LAST_PASSING_PROCESS_POINT_ID,ENGINE_STATUS,AF_ON_SEQUENCE_NUMBER,ACTUAL_MISSION_TYPE) VALUES ('2HGFC4A88KH300866',null,null,null,null,'FCKH300866 ','HCM 01AF201811020240','HCM 01201811005402','KTBGAD100 B593M     V ',{d '2018-11-02'},null,null,null,0,{d '2018-11-02'},null,null,null,null);
INSERT INTO "GALADM"."GAL143TBX" (PRODUCT_ID,ENGINE_SERIAL_NO,MISSION_SERIAL_NO,STRAIGHT_SHIP_PERCENTAGE,KEY_NO,SHORT_VIN,PRODUCTION_LOT,KD_LOT_NUMBER,PRODUCT_SPEC_CODE,PLAN_OFF_DATE,TRACKING_STATUS,PRODUCT_START_DATE,ACTUAL_OFF_DATE,AUTO_HOLD_STATUS,PRODUCTION_DATE,LAST_PASSING_PROCESS_POINT_ID,ENGINE_STATUS,AF_ON_SEQUENCE_NUMBER,ACTUAL_MISSION_TYPE) VALUES ('2HGFC4A89KH300861',null,null,null,null,'FCKH300861 ','HCM 01AF201811020240','HCM 01201811005402','KTBGAD100 B593M     V ',{d '2018-11-02'},null,null,null,0,{d '2018-11-02'},null,null,null,null);
INSERT INTO "GALADM"."GAL143TBX" (PRODUCT_ID,ENGINE_SERIAL_NO,MISSION_SERIAL_NO,STRAIGHT_SHIP_PERCENTAGE,KEY_NO,SHORT_VIN,PRODUCTION_LOT,KD_LOT_NUMBER,PRODUCT_SPEC_CODE,PLAN_OFF_DATE,TRACKING_STATUS,PRODUCT_START_DATE,ACTUAL_OFF_DATE,AUTO_HOLD_STATUS,PRODUCTION_DATE,LAST_PASSING_PROCESS_POINT_ID,ENGINE_STATUS,AF_ON_SEQUENCE_NUMBER,ACTUAL_MISSION_TYPE) VALUES ('2HGFC4A8XKH300867',null,null,null,null,'FCKH300867 ','HCM 01AF201811020240','HCM 01201811005402','KTBGAD100 B593M     V ',{d '2018-11-02'},'PA              ',null,null,0,{d '2018-11-02'},'1PA1D6001       ',null,null,null);
INSERT INTO "GALADM"."GAL143TBX" (PRODUCT_ID,ENGINE_SERIAL_NO,MISSION_SERIAL_NO,STRAIGHT_SHIP_PERCENTAGE,KEY_NO,SHORT_VIN,PRODUCTION_LOT,KD_LOT_NUMBER,PRODUCT_SPEC_CODE,PLAN_OFF_DATE,TRACKING_STATUS,PRODUCT_START_DATE,ACTUAL_OFF_DATE,AUTO_HOLD_STATUS,PRODUCTION_DATE,LAST_PASSING_PROCESS_POINT_ID,ENGINE_STATUS,AF_ON_SEQUENCE_NUMBER,ACTUAL_MISSION_TYPE) VALUES ('2HGFC4A8XKH300870',null,null,null,null,'FCKH300870 ','HCM 01AF201811020240','HCM 01201811005402','KTBGAD100 B593M     V ',{d '2018-11-02'},null,null,null,0,{d '2018-11-02'},null,null,null,null);
INSERT INTO "GALADM"."GAL143TBX" (PRODUCT_ID,ENGINE_SERIAL_NO,MISSION_SERIAL_NO,STRAIGHT_SHIP_PERCENTAGE,KEY_NO,SHORT_VIN,PRODUCTION_LOT,KD_LOT_NUMBER,PRODUCT_SPEC_CODE,PLAN_OFF_DATE,TRACKING_STATUS,PRODUCT_START_DATE,ACTUAL_OFF_DATE,AUTO_HOLD_STATUS,PRODUCTION_DATE,LAST_PASSING_PROCESS_POINT_ID,ENGINE_STATUS,AF_ON_SEQUENCE_NUMBER,ACTUAL_MISSION_TYPE) VALUES ('2HGFC4A80KH300876',null,null,null,null,'FCKH300876 ','HCM 01AF201811020250','HCM 01201811005403','KTBGAD100 NH731P    V ',{d '2018-11-02'},null,null,null,0,{d '2018-11-02'},null,null,null,null);
INSERT INTO "GALADM"."GAL143TBX" (PRODUCT_ID,ENGINE_SERIAL_NO,MISSION_SERIAL_NO,STRAIGHT_SHIP_PERCENTAGE,KEY_NO,SHORT_VIN,PRODUCTION_LOT,KD_LOT_NUMBER,PRODUCT_SPEC_CODE,PLAN_OFF_DATE,TRACKING_STATUS,PRODUCT_START_DATE,ACTUAL_OFF_DATE,AUTO_HOLD_STATUS,PRODUCTION_DATE,LAST_PASSING_PROCESS_POINT_ID,ENGINE_STATUS,AF_ON_SEQUENCE_NUMBER,ACTUAL_MISSION_TYPE) VALUES ('2HGFC4A81KH300871',null,null,null,null,'FCKH300871 ','HCM 01AF201811020250','HCM 01201811005403','KTBGAD100 NH731P    V ',{d '2018-11-02'},null,null,null,0,{d '2018-11-02'},null,null,null,null);
INSERT INTO "GALADM"."GAL143TBX" (PRODUCT_ID,ENGINE_SERIAL_NO,MISSION_SERIAL_NO,STRAIGHT_SHIP_PERCENTAGE,KEY_NO,SHORT_VIN,PRODUCTION_LOT,KD_LOT_NUMBER,PRODUCT_SPEC_CODE,PLAN_OFF_DATE,TRACKING_STATUS,PRODUCT_START_DATE,ACTUAL_OFF_DATE,AUTO_HOLD_STATUS,PRODUCTION_DATE,LAST_PASSING_PROCESS_POINT_ID,ENGINE_STATUS,AF_ON_SEQUENCE_NUMBER,ACTUAL_MISSION_TYPE) VALUES ('2HGFC4A82KH300877',null,null,null,null,'FCKH300877 ','HCM 01AF201811020250','HCM 01201811005403','KTBGAD100 NH731P    V ',{d '2018-11-02'},null,null,null,0,{d '2018-11-02'},null,null,null,null);
INSERT INTO "GALADM"."GAL143TBX" (PRODUCT_ID,ENGINE_SERIAL_NO,MISSION_SERIAL_NO,STRAIGHT_SHIP_PERCENTAGE,KEY_NO,SHORT_VIN,PRODUCTION_LOT,KD_LOT_NUMBER,PRODUCT_SPEC_CODE,PLAN_OFF_DATE,TRACKING_STATUS,PRODUCT_START_DATE,ACTUAL_OFF_DATE,AUTO_HOLD_STATUS,PRODUCTION_DATE,LAST_PASSING_PROCESS_POINT_ID,ENGINE_STATUS,AF_ON_SEQUENCE_NUMBER,ACTUAL_MISSION_TYPE) VALUES ('2HGFC4A82KH300880',null,null,null,null,'FCKH300880 ','HCM 01AF201811020250','HCM 01201811005403','KTBGAD100 NH731P    V ',{d '2018-11-02'},null,null,null,0,{d '2018-11-02'},null,null,null,null);
INSERT INTO "GALADM"."GAL143TBX" (PRODUCT_ID,ENGINE_SERIAL_NO,MISSION_SERIAL_NO,STRAIGHT_SHIP_PERCENTAGE,KEY_NO,SHORT_VIN,PRODUCTION_LOT,KD_LOT_NUMBER,PRODUCT_SPEC_CODE,PLAN_OFF_DATE,TRACKING_STATUS,PRODUCT_START_DATE,ACTUAL_OFF_DATE,AUTO_HOLD_STATUS,PRODUCTION_DATE,LAST_PASSING_PROCESS_POINT_ID,ENGINE_STATUS,AF_ON_SEQUENCE_NUMBER,ACTUAL_MISSION_TYPE) VALUES ('2HGFC4A83KH300872',null,null,null,null,'FCKH300872 ','HCM 01AF201811020250','HCM 01201811005403','KTBGAD100 NH731P    V ',{d '2018-11-02'},null,null,null,0,{d '2018-11-02'},null,null,null,null);
INSERT INTO "GALADM"."GAL143TBX" (PRODUCT_ID,ENGINE_SERIAL_NO,MISSION_SERIAL_NO,STRAIGHT_SHIP_PERCENTAGE,KEY_NO,SHORT_VIN,PRODUCTION_LOT,KD_LOT_NUMBER,PRODUCT_SPEC_CODE,PLAN_OFF_DATE,TRACKING_STATUS,PRODUCT_START_DATE,ACTUAL_OFF_DATE,AUTO_HOLD_STATUS,PRODUCTION_DATE,LAST_PASSING_PROCESS_POINT_ID,ENGINE_STATUS,AF_ON_SEQUENCE_NUMBER,ACTUAL_MISSION_TYPE) VALUES ('2HGFC4A84KH300878',null,null,null,null,'FCKH300878 ','HCM 01AF201811020250','HCM 01201811005403','KTBGAD100 NH731P    V ',{d '2018-11-02'},null,null,null,0,{d '2018-11-02'},null,null,null,null);
INSERT INTO "GALADM"."GAL143TBX" (PRODUCT_ID,ENGINE_SERIAL_NO,MISSION_SERIAL_NO,STRAIGHT_SHIP_PERCENTAGE,KEY_NO,SHORT_VIN,PRODUCTION_LOT,KD_LOT_NUMBER,PRODUCT_SPEC_CODE,PLAN_OFF_DATE,TRACKING_STATUS,PRODUCT_START_DATE,ACTUAL_OFF_DATE,AUTO_HOLD_STATUS,PRODUCTION_DATE,LAST_PASSING_PROCESS_POINT_ID,ENGINE_STATUS,AF_ON_SEQUENCE_NUMBER,ACTUAL_MISSION_TYPE) VALUES ('2HGFC4A84KH300881',null,null,null,null,'FCKH300881 ','HCM 01AF201811020250','HCM 01201811005403','KTBGAD100 NH731P    V ',{d '2018-11-02'},null,null,null,0,{d '2018-11-02'},null,null,null,null);
INSERT INTO "GALADM"."GAL143TBX" (PRODUCT_ID,ENGINE_SERIAL_NO,MISSION_SERIAL_NO,STRAIGHT_SHIP_PERCENTAGE,KEY_NO,SHORT_VIN,PRODUCTION_LOT,KD_LOT_NUMBER,PRODUCT_SPEC_CODE,PLAN_OFF_DATE,TRACKING_STATUS,PRODUCT_START_DATE,ACTUAL_OFF_DATE,AUTO_HOLD_STATUS,PRODUCTION_DATE,LAST_PASSING_PROCESS_POINT_ID,ENGINE_STATUS,AF_ON_SEQUENCE_NUMBER,ACTUAL_MISSION_TYPE) VALUES ('2HGFC4A85KH300873',null,null,null,null,'FCKH300873 ','HCM 01AF201811020250','HCM 01201811005403','KTBGAD100 NH731P    V ',{d '2018-11-02'},null,null,null,0,{d '2018-11-02'},null,null,null,null);
INSERT INTO "GALADM"."GAL143TBX" (PRODUCT_ID,ENGINE_SERIAL_NO,MISSION_SERIAL_NO,STRAIGHT_SHIP_PERCENTAGE,KEY_NO,SHORT_VIN,PRODUCTION_LOT,KD_LOT_NUMBER,PRODUCT_SPEC_CODE,PLAN_OFF_DATE,TRACKING_STATUS,PRODUCT_START_DATE,ACTUAL_OFF_DATE,AUTO_HOLD_STATUS,PRODUCTION_DATE,LAST_PASSING_PROCESS_POINT_ID,ENGINE_STATUS,AF_ON_SEQUENCE_NUMBER,ACTUAL_MISSION_TYPE) VALUES ('2HGFC4A86KH300879',null,null,null,null,'FCKH300879 ','HCM 01AF201811020250','HCM 01201811005403','KTBGAD100 NH731P    V ',{d '2018-11-02'},null,null,null,0,{d '2018-11-02'},null,null,null,null);
INSERT INTO "GALADM"."GAL143TBX" (PRODUCT_ID,ENGINE_SERIAL_NO,MISSION_SERIAL_NO,STRAIGHT_SHIP_PERCENTAGE,KEY_NO,SHORT_VIN,PRODUCTION_LOT,KD_LOT_NUMBER,PRODUCT_SPEC_CODE,PLAN_OFF_DATE,TRACKING_STATUS,PRODUCT_START_DATE,ACTUAL_OFF_DATE,AUTO_HOLD_STATUS,PRODUCTION_DATE,LAST_PASSING_PROCESS_POINT_ID,ENGINE_STATUS,AF_ON_SEQUENCE_NUMBER,ACTUAL_MISSION_TYPE) VALUES ('2HGFC4A86KH300882',null,null,null,null,'FCKH300882 ','HCM 01AF201811020250','HCM 01201811005403','KTBGAD100 NH731P    V ',{d '2018-11-02'},null,null,null,0,{d '2018-11-02'},null,null,null,null);
INSERT INTO "GALADM"."GAL143TBX" (PRODUCT_ID,ENGINE_SERIAL_NO,MISSION_SERIAL_NO,STRAIGHT_SHIP_PERCENTAGE,KEY_NO,SHORT_VIN,PRODUCTION_LOT,KD_LOT_NUMBER,PRODUCT_SPEC_CODE,PLAN_OFF_DATE,TRACKING_STATUS,PRODUCT_START_DATE,ACTUAL_OFF_DATE,AUTO_HOLD_STATUS,PRODUCTION_DATE,LAST_PASSING_PROCESS_POINT_ID,ENGINE_STATUS,AF_ON_SEQUENCE_NUMBER,ACTUAL_MISSION_TYPE) VALUES ('2HGFC4A87KH300874',null,null,null,null,'FCKH300874 ','HCM 01AF201811020250','HCM 01201811005403','KTBGAD100 NH731P    V ',{d '2018-11-02'},null,null,null,0,{d '2018-11-02'},null,null,null,null);
INSERT INTO "GALADM"."GAL143TBX" (PRODUCT_ID,ENGINE_SERIAL_NO,MISSION_SERIAL_NO,STRAIGHT_SHIP_PERCENTAGE,KEY_NO,SHORT_VIN,PRODUCTION_LOT,KD_LOT_NUMBER,PRODUCT_SPEC_CODE,PLAN_OFF_DATE,TRACKING_STATUS,PRODUCT_START_DATE,ACTUAL_OFF_DATE,AUTO_HOLD_STATUS,PRODUCTION_DATE,LAST_PASSING_PROCESS_POINT_ID,ENGINE_STATUS,AF_ON_SEQUENCE_NUMBER,ACTUAL_MISSION_TYPE) VALUES ('2HGFC4A89KH300875',null,null,null,null,'FCKH300875 ','HCM 01AF201811020250','HCM 01201811005403','KTBGAD100 NH731P    V ',{d '2018-11-02'},null,null,null,0,{d '2018-11-02'},null,null,null,null);
INSERT INTO "GALADM"."GAL143TBX" (PRODUCT_ID,ENGINE_SERIAL_NO,MISSION_SERIAL_NO,STRAIGHT_SHIP_PERCENTAGE,KEY_NO,SHORT_VIN,PRODUCTION_LOT,KD_LOT_NUMBER,PRODUCT_SPEC_CODE,PLAN_OFF_DATE,TRACKING_STATUS,PRODUCT_START_DATE,ACTUAL_OFF_DATE,AUTO_HOLD_STATUS,PRODUCTION_DATE,LAST_PASSING_PROCESS_POINT_ID,ENGINE_STATUS,AF_ON_SEQUENCE_NUMBER,ACTUAL_MISSION_TYPE) VALUES ('2HGFC4A88KH300883',null,null,null,null,'FCKH300883 ','HCM 01AF201811020260','HCM 01201811005404','KTBGAD100 NH797M    V ',{d '2018-11-02'},null,null,null,0,{d '2018-11-02'},null,null,null,null);
INSERT INTO "GALADM"."GAL143TBX" (PRODUCT_ID,ENGINE_SERIAL_NO,MISSION_SERIAL_NO,STRAIGHT_SHIP_PERCENTAGE,KEY_NO,SHORT_VIN,PRODUCTION_LOT,KD_LOT_NUMBER,PRODUCT_SPEC_CODE,PLAN_OFF_DATE,TRACKING_STATUS,PRODUCT_START_DATE,ACTUAL_OFF_DATE,AUTO_HOLD_STATUS,PRODUCTION_DATE,LAST_PASSING_PROCESS_POINT_ID,ENGINE_STATUS,AF_ON_SEQUENCE_NUMBER,ACTUAL_MISSION_TYPE) VALUES ('2HGFC4A8XKH300884',null,null,null,null,'FCKH300884 ','HCM 01AF201811020260','HCM 01201811005404','KTBGAD100 NH797M    V ',{d '2018-11-02'},null,null,null,0,{d '2018-11-02'},null,null,null,null);
INSERT INTO "GALADM"."GAL143TBX" (PRODUCT_ID,ENGINE_SERIAL_NO,MISSION_SERIAL_NO,STRAIGHT_SHIP_PERCENTAGE,KEY_NO,SHORT_VIN,PRODUCTION_LOT,KD_LOT_NUMBER,PRODUCT_SPEC_CODE,PLAN_OFF_DATE,TRACKING_STATUS,PRODUCT_START_DATE,ACTUAL_OFF_DATE,AUTO_HOLD_STATUS,PRODUCTION_DATE,LAST_PASSING_PROCESS_POINT_ID,ENGINE_STATUS,AF_ON_SEQUENCE_NUMBER,ACTUAL_MISSION_TYPE) VALUES ('2HGFC2F80KH507586',null,null,null,null,'FCKH507586 ','HCM 01AF201811020270','HCM 01201811005901','KTBDLG600 NH883P    V ',{d '2018-11-02'},null,null,null,0,{d '2018-11-02'},null,null,null,null);
INSERT INTO "GALADM"."GAL143TBX" (PRODUCT_ID,ENGINE_SERIAL_NO,MISSION_SERIAL_NO,STRAIGHT_SHIP_PERCENTAGE,KEY_NO,SHORT_VIN,PRODUCTION_LOT,KD_LOT_NUMBER,PRODUCT_SPEC_CODE,PLAN_OFF_DATE,TRACKING_STATUS,PRODUCT_START_DATE,ACTUAL_OFF_DATE,AUTO_HOLD_STATUS,PRODUCTION_DATE,LAST_PASSING_PROCESS_POINT_ID,ENGINE_STATUS,AF_ON_SEQUENCE_NUMBER,ACTUAL_MISSION_TYPE) VALUES ('2HGFC2F80KH507605',null,null,null,null,'FCKH507605 ','HCM 01AF201811020270','HCM 01201811005901','KTBDLG600 NH883P    V ',{d '2018-11-02'},null,null,null,0,{d '2018-11-02'},null,null,null,null);
INSERT INTO "GALADM"."GAL143TBX" (PRODUCT_ID,ENGINE_SERIAL_NO,MISSION_SERIAL_NO,STRAIGHT_SHIP_PERCENTAGE,KEY_NO,SHORT_VIN,PRODUCTION_LOT,KD_LOT_NUMBER,PRODUCT_SPEC_CODE,PLAN_OFF_DATE,TRACKING_STATUS,PRODUCT_START_DATE,ACTUAL_OFF_DATE,AUTO_HOLD_STATUS,PRODUCTION_DATE,LAST_PASSING_PROCESS_POINT_ID,ENGINE_STATUS,AF_ON_SEQUENCE_NUMBER,ACTUAL_MISSION_TYPE) VALUES ('2HGFC2F81KH507581',null,null,null,null,'FCKH507581 ','HCM 01AF201811020270','HCM 01201811005901','KTBDLG600 NH883P    V ',{d '2018-11-02'},null,null,null,0,{d '2018-11-02'},null,null,null,null);
INSERT INTO "GALADM"."GAL143TBX" (PRODUCT_ID,ENGINE_SERIAL_NO,MISSION_SERIAL_NO,STRAIGHT_SHIP_PERCENTAGE,KEY_NO,SHORT_VIN,PRODUCTION_LOT,KD_LOT_NUMBER,PRODUCT_SPEC_CODE,PLAN_OFF_DATE,TRACKING_STATUS,PRODUCT_START_DATE,ACTUAL_OFF_DATE,AUTO_HOLD_STATUS,PRODUCTION_DATE,LAST_PASSING_PROCESS_POINT_ID,ENGINE_STATUS,AF_ON_SEQUENCE_NUMBER,ACTUAL_MISSION_TYPE) VALUES ('2HGFC2F81KH507595',null,null,null,null,'FCKH507595 ','HCM 01AF201811020270','HCM 01201811005901','KTBDLG600 NH883P    V ',{d '2018-11-02'},null,null,null,0,{d '2018-11-02'},null,null,null,null);
INSERT INTO "GALADM"."GAL143TBX" (PRODUCT_ID,ENGINE_SERIAL_NO,MISSION_SERIAL_NO,STRAIGHT_SHIP_PERCENTAGE,KEY_NO,SHORT_VIN,PRODUCTION_LOT,KD_LOT_NUMBER,PRODUCT_SPEC_CODE,PLAN_OFF_DATE,TRACKING_STATUS,PRODUCT_START_DATE,ACTUAL_OFF_DATE,AUTO_HOLD_STATUS,PRODUCTION_DATE,LAST_PASSING_PROCESS_POINT_ID,ENGINE_STATUS,AF_ON_SEQUENCE_NUMBER,ACTUAL_MISSION_TYPE) VALUES ('2HGFC2F81KH507600',null,null,null,null,'FCKH507600 ','HCM 01AF201811020270','HCM 01201811005901','KTBDLG600 NH883P    V ',{d '2018-11-02'},null,null,null,0,{d '2018-11-02'},null,null,null,null);
INSERT INTO "GALADM"."GAL143TBX" (PRODUCT_ID,ENGINE_SERIAL_NO,MISSION_SERIAL_NO,STRAIGHT_SHIP_PERCENTAGE,KEY_NO,SHORT_VIN,PRODUCTION_LOT,KD_LOT_NUMBER,PRODUCT_SPEC_CODE,PLAN_OFF_DATE,TRACKING_STATUS,PRODUCT_START_DATE,ACTUAL_OFF_DATE,AUTO_HOLD_STATUS,PRODUCTION_DATE,LAST_PASSING_PROCESS_POINT_ID,ENGINE_STATUS,AF_ON_SEQUENCE_NUMBER,ACTUAL_MISSION_TYPE) VALUES ('2HGFC2F82KH507587',null,null,null,null,'FCKH507587 ','HCM 01AF201811020270','HCM 01201811005901','KTBDLG600 NH883P    V ',{d '2018-11-02'},null,null,null,0,{d '2018-11-02'},null,null,null,null);
INSERT INTO "GALADM"."GAL143TBX" (PRODUCT_ID,ENGINE_SERIAL_NO,MISSION_SERIAL_NO,STRAIGHT_SHIP_PERCENTAGE,KEY_NO,SHORT_VIN,PRODUCTION_LOT,KD_LOT_NUMBER,PRODUCT_SPEC_CODE,PLAN_OFF_DATE,TRACKING_STATUS,PRODUCT_START_DATE,ACTUAL_OFF_DATE,AUTO_HOLD_STATUS,PRODUCTION_DATE,LAST_PASSING_PROCESS_POINT_ID,ENGINE_STATUS,AF_ON_SEQUENCE_NUMBER,ACTUAL_MISSION_TYPE) VALUES ('2HGFC2F82KH507590',null,null,null,null,'FCKH507590 ','HCM 01AF201811020270','HCM 01201811005901','KTBDLG600 NH883P    V ',{d '2018-11-02'},null,null,null,0,{d '2018-11-02'},null,null,null,null);
INSERT INTO "GALADM"."GAL143TBX" (PRODUCT_ID,ENGINE_SERIAL_NO,MISSION_SERIAL_NO,STRAIGHT_SHIP_PERCENTAGE,KEY_NO,SHORT_VIN,PRODUCTION_LOT,KD_LOT_NUMBER,PRODUCT_SPEC_CODE,PLAN_OFF_DATE,TRACKING_STATUS,PRODUCT_START_DATE,ACTUAL_OFF_DATE,AUTO_HOLD_STATUS,PRODUCTION_DATE,LAST_PASSING_PROCESS_POINT_ID,ENGINE_STATUS,AF_ON_SEQUENCE_NUMBER,ACTUAL_MISSION_TYPE) VALUES ('2HGFC2F82KH507606',null,null,null,null,'FCKH507606 ','HCM 01AF201811020270','HCM 01201811005901','KTBDLG600 NH883P    V ',{d '2018-11-02'},null,null,null,0,{d '2018-11-02'},null,null,null,null);
INSERT INTO "GALADM"."GAL143TBX" (PRODUCT_ID,ENGINE_SERIAL_NO,MISSION_SERIAL_NO,STRAIGHT_SHIP_PERCENTAGE,KEY_NO,SHORT_VIN,PRODUCTION_LOT,KD_LOT_NUMBER,PRODUCT_SPEC_CODE,PLAN_OFF_DATE,TRACKING_STATUS,PRODUCT_START_DATE,ACTUAL_OFF_DATE,AUTO_HOLD_STATUS,PRODUCTION_DATE,LAST_PASSING_PROCESS_POINT_ID,ENGINE_STATUS,AF_ON_SEQUENCE_NUMBER,ACTUAL_MISSION_TYPE) VALUES ('2HGFC2F83KH507582',null,null,null,null,'FCKH507582 ','HCM 01AF201811020270','HCM 01201811005901','KTBDLG600 NH883P    V ',{d '2018-11-02'},null,null,null,0,{d '2018-11-02'},null,null,null,null);
INSERT INTO "GALADM"."GAL143TBX" (PRODUCT_ID,ENGINE_SERIAL_NO,MISSION_SERIAL_NO,STRAIGHT_SHIP_PERCENTAGE,KEY_NO,SHORT_VIN,PRODUCTION_LOT,KD_LOT_NUMBER,PRODUCT_SPEC_CODE,PLAN_OFF_DATE,TRACKING_STATUS,PRODUCT_START_DATE,ACTUAL_OFF_DATE,AUTO_HOLD_STATUS,PRODUCTION_DATE,LAST_PASSING_PROCESS_POINT_ID,ENGINE_STATUS,AF_ON_SEQUENCE_NUMBER,ACTUAL_MISSION_TYPE) VALUES ('2HGFC2F83KH507596',null,null,null,null,'FCKH507596 ','HCM 01AF201811020270','HCM 01201811005901','KTBDLG600 NH883P    V ',{d '2018-11-02'},null,null,null,0,{d '2018-11-02'},null,null,null,null);
INSERT INTO "GALADM"."GAL143TBX" (PRODUCT_ID,ENGINE_SERIAL_NO,MISSION_SERIAL_NO,STRAIGHT_SHIP_PERCENTAGE,KEY_NO,SHORT_VIN,PRODUCTION_LOT,KD_LOT_NUMBER,PRODUCT_SPEC_CODE,PLAN_OFF_DATE,TRACKING_STATUS,PRODUCT_START_DATE,ACTUAL_OFF_DATE,AUTO_HOLD_STATUS,PRODUCTION_DATE,LAST_PASSING_PROCESS_POINT_ID,ENGINE_STATUS,AF_ON_SEQUENCE_NUMBER,ACTUAL_MISSION_TYPE) VALUES ('2HGFC2F83KH507601',null,null,null,null,'FCKH507601 ','HCM 01AF201811020270','HCM 01201811005901','KTBDLG600 NH883P    V ',{d '2018-11-02'},null,null,null,0,{d '2018-11-02'},null,null,null,null);
INSERT INTO "GALADM"."GAL143TBX" (PRODUCT_ID,ENGINE_SERIAL_NO,MISSION_SERIAL_NO,STRAIGHT_SHIP_PERCENTAGE,KEY_NO,SHORT_VIN,PRODUCTION_LOT,KD_LOT_NUMBER,PRODUCT_SPEC_CODE,PLAN_OFF_DATE,TRACKING_STATUS,PRODUCT_START_DATE,ACTUAL_OFF_DATE,AUTO_HOLD_STATUS,PRODUCTION_DATE,LAST_PASSING_PROCESS_POINT_ID,ENGINE_STATUS,AF_ON_SEQUENCE_NUMBER,ACTUAL_MISSION_TYPE) VALUES ('2HGFC2F84KH507588',null,null,null,null,'FCKH507588 ','HCM 01AF201811020270','HCM 01201811005901','KTBDLG600 NH883P    V ',{d '2018-11-02'},null,null,null,0,{d '2018-11-02'},null,null,null,null);
INSERT INTO "GALADM"."GAL143TBX" (PRODUCT_ID,ENGINE_SERIAL_NO,MISSION_SERIAL_NO,STRAIGHT_SHIP_PERCENTAGE,KEY_NO,SHORT_VIN,PRODUCTION_LOT,KD_LOT_NUMBER,PRODUCT_SPEC_CODE,PLAN_OFF_DATE,TRACKING_STATUS,PRODUCT_START_DATE,ACTUAL_OFF_DATE,AUTO_HOLD_STATUS,PRODUCTION_DATE,LAST_PASSING_PROCESS_POINT_ID,ENGINE_STATUS,AF_ON_SEQUENCE_NUMBER,ACTUAL_MISSION_TYPE) VALUES ('2HGFC2F84KH507591',null,null,null,null,'FCKH507591 ','HCM 01AF201811020270','HCM 01201811005901','KTBDLG600 NH883P    V ',{d '2018-11-02'},null,null,null,0,{d '2018-11-02'},null,null,null,null);
INSERT INTO "GALADM"."GAL143TBX" (PRODUCT_ID,ENGINE_SERIAL_NO,MISSION_SERIAL_NO,STRAIGHT_SHIP_PERCENTAGE,KEY_NO,SHORT_VIN,PRODUCTION_LOT,KD_LOT_NUMBER,PRODUCT_SPEC_CODE,PLAN_OFF_DATE,TRACKING_STATUS,PRODUCT_START_DATE,ACTUAL_OFF_DATE,AUTO_HOLD_STATUS,PRODUCTION_DATE,LAST_PASSING_PROCESS_POINT_ID,ENGINE_STATUS,AF_ON_SEQUENCE_NUMBER,ACTUAL_MISSION_TYPE) VALUES ('2HGFC2F84KH507607',null,null,null,null,'FCKH507607 ','HCM 01AF201811020270','HCM 01201811005901','KTBDLG600 NH883P    V ',{d '2018-11-02'},null,null,null,0,{d '2018-11-02'},null,null,null,null);
INSERT INTO "GALADM"."GAL143TBX" (PRODUCT_ID,ENGINE_SERIAL_NO,MISSION_SERIAL_NO,STRAIGHT_SHIP_PERCENTAGE,KEY_NO,SHORT_VIN,PRODUCTION_LOT,KD_LOT_NUMBER,PRODUCT_SPEC_CODE,PLAN_OFF_DATE,TRACKING_STATUS,PRODUCT_START_DATE,ACTUAL_OFF_DATE,AUTO_HOLD_STATUS,PRODUCTION_DATE,LAST_PASSING_PROCESS_POINT_ID,ENGINE_STATUS,AF_ON_SEQUENCE_NUMBER,ACTUAL_MISSION_TYPE) VALUES ('2HGFC2F84KH507610',null,null,null,null,'FCKH507610 ','HCM 01AF201811020270','HCM 01201811005901','KTBDLG600 NH883P    V ',{d '2018-11-02'},null,null,null,0,{d '2018-11-02'},null,null,null,null);
INSERT INTO "GALADM"."GAL143TBX" (PRODUCT_ID,ENGINE_SERIAL_NO,MISSION_SERIAL_NO,STRAIGHT_SHIP_PERCENTAGE,KEY_NO,SHORT_VIN,PRODUCTION_LOT,KD_LOT_NUMBER,PRODUCT_SPEC_CODE,PLAN_OFF_DATE,TRACKING_STATUS,PRODUCT_START_DATE,ACTUAL_OFF_DATE,AUTO_HOLD_STATUS,PRODUCTION_DATE,LAST_PASSING_PROCESS_POINT_ID,ENGINE_STATUS,AF_ON_SEQUENCE_NUMBER,ACTUAL_MISSION_TYPE) VALUES ('2HGFC2F85KH507583',null,null,null,null,'FCKH507583 ','HCM 01AF201811020270','HCM 01201811005901','KTBDLG600 NH883P    V ',{d '2018-11-02'},null,null,null,0,{d '2018-11-02'},null,null,null,null);
INSERT INTO "GALADM"."GAL143TBX" (PRODUCT_ID,ENGINE_SERIAL_NO,MISSION_SERIAL_NO,STRAIGHT_SHIP_PERCENTAGE,KEY_NO,SHORT_VIN,PRODUCTION_LOT,KD_LOT_NUMBER,PRODUCT_SPEC_CODE,PLAN_OFF_DATE,TRACKING_STATUS,PRODUCT_START_DATE,ACTUAL_OFF_DATE,AUTO_HOLD_STATUS,PRODUCTION_DATE,LAST_PASSING_PROCESS_POINT_ID,ENGINE_STATUS,AF_ON_SEQUENCE_NUMBER,ACTUAL_MISSION_TYPE) VALUES ('2HGFC2F85KH507597',null,null,null,null,'FCKH507597 ','HCM 01AF201811020270','HCM 01201811005901','KTBDLG600 NH883P    V ',{d '2018-11-02'},null,null,null,0,{d '2018-11-02'},null,null,null,null);
INSERT INTO "GALADM"."GAL143TBX" (PRODUCT_ID,ENGINE_SERIAL_NO,MISSION_SERIAL_NO,STRAIGHT_SHIP_PERCENTAGE,KEY_NO,SHORT_VIN,PRODUCTION_LOT,KD_LOT_NUMBER,PRODUCT_SPEC_CODE,PLAN_OFF_DATE,TRACKING_STATUS,PRODUCT_START_DATE,ACTUAL_OFF_DATE,AUTO_HOLD_STATUS,PRODUCTION_DATE,LAST_PASSING_PROCESS_POINT_ID,ENGINE_STATUS,AF_ON_SEQUENCE_NUMBER,ACTUAL_MISSION_TYPE) VALUES ('2HGFC2F85KH507602',null,null,null,null,'FCKH507602 ','HCM 01AF201811020270','HCM 01201811005901','KTBDLG600 NH883P    V ',{d '2018-11-02'},null,null,null,0,{d '2018-11-02'},null,null,null,null);
INSERT INTO "GALADM"."GAL143TBX" (PRODUCT_ID,ENGINE_SERIAL_NO,MISSION_SERIAL_NO,STRAIGHT_SHIP_PERCENTAGE,KEY_NO,SHORT_VIN,PRODUCTION_LOT,KD_LOT_NUMBER,PRODUCT_SPEC_CODE,PLAN_OFF_DATE,TRACKING_STATUS,PRODUCT_START_DATE,ACTUAL_OFF_DATE,AUTO_HOLD_STATUS,PRODUCTION_DATE,LAST_PASSING_PROCESS_POINT_ID,ENGINE_STATUS,AF_ON_SEQUENCE_NUMBER,ACTUAL_MISSION_TYPE) VALUES ('2HGFC2F86KH507589',null,null,null,null,'FCKH507589 ','HCM 01AF201811020270','HCM 01201811005901','KTBDLG600 NH883P    V ',{d '2018-11-02'},null,null,null,0,{d '2018-11-02'},null,null,null,null);
INSERT INTO "GALADM"."GAL143TBX" (PRODUCT_ID,ENGINE_SERIAL_NO,MISSION_SERIAL_NO,STRAIGHT_SHIP_PERCENTAGE,KEY_NO,SHORT_VIN,PRODUCTION_LOT,KD_LOT_NUMBER,PRODUCT_SPEC_CODE,PLAN_OFF_DATE,TRACKING_STATUS,PRODUCT_START_DATE,ACTUAL_OFF_DATE,AUTO_HOLD_STATUS,PRODUCTION_DATE,LAST_PASSING_PROCESS_POINT_ID,ENGINE_STATUS,AF_ON_SEQUENCE_NUMBER,ACTUAL_MISSION_TYPE) VALUES ('2HGFC2F86KH507592',null,null,null,null,'FCKH507592 ','HCM 01AF201811020270','HCM 01201811005901','KTBDLG600 NH883P    V ',{d '2018-11-02'},null,null,null,0,{d '2018-11-02'},null,null,null,null);
INSERT INTO "GALADM"."GAL143TBX" (PRODUCT_ID,ENGINE_SERIAL_NO,MISSION_SERIAL_NO,STRAIGHT_SHIP_PERCENTAGE,KEY_NO,SHORT_VIN,PRODUCTION_LOT,KD_LOT_NUMBER,PRODUCT_SPEC_CODE,PLAN_OFF_DATE,TRACKING_STATUS,PRODUCT_START_DATE,ACTUAL_OFF_DATE,AUTO_HOLD_STATUS,PRODUCTION_DATE,LAST_PASSING_PROCESS_POINT_ID,ENGINE_STATUS,AF_ON_SEQUENCE_NUMBER,ACTUAL_MISSION_TYPE) VALUES ('2HGFC2F86KH507608',null,null,null,null,'FCKH507608 ','HCM 01AF201811020270','HCM 01201811005901','KTBDLG600 NH883P    V ',{d '2018-11-02'},null,null,null,0,{d '2018-11-02'},null,null,null,null);
INSERT INTO "GALADM"."GAL143TBX" (PRODUCT_ID,ENGINE_SERIAL_NO,MISSION_SERIAL_NO,STRAIGHT_SHIP_PERCENTAGE,KEY_NO,SHORT_VIN,PRODUCTION_LOT,KD_LOT_NUMBER,PRODUCT_SPEC_CODE,PLAN_OFF_DATE,TRACKING_STATUS,PRODUCT_START_DATE,ACTUAL_OFF_DATE,AUTO_HOLD_STATUS,PRODUCTION_DATE,LAST_PASSING_PROCESS_POINT_ID,ENGINE_STATUS,AF_ON_SEQUENCE_NUMBER,ACTUAL_MISSION_TYPE) VALUES ('2HGFC2F87KH507584',null,null,null,null,'FCKH507584 ','HCM 01AF201811020270','HCM 01201811005901','KTBDLG600 NH883P    V ',{d '2018-11-02'},null,null,null,0,{d '2018-11-02'},null,null,null,null);
INSERT INTO "GALADM"."GAL143TBX" (PRODUCT_ID,ENGINE_SERIAL_NO,MISSION_SERIAL_NO,STRAIGHT_SHIP_PERCENTAGE,KEY_NO,SHORT_VIN,PRODUCTION_LOT,KD_LOT_NUMBER,PRODUCT_SPEC_CODE,PLAN_OFF_DATE,TRACKING_STATUS,PRODUCT_START_DATE,ACTUAL_OFF_DATE,AUTO_HOLD_STATUS,PRODUCTION_DATE,LAST_PASSING_PROCESS_POINT_ID,ENGINE_STATUS,AF_ON_SEQUENCE_NUMBER,ACTUAL_MISSION_TYPE) VALUES ('2HGFC2F87KH507598',null,null,null,null,'FCKH507598 ','HCM 01AF201811020270','HCM 01201811005901','KTBDLG600 NH883P    V ',{d '2018-11-02'},null,null,null,0,{d '2018-11-02'},null,null,null,null);
INSERT INTO "GALADM"."GAL143TBX" (PRODUCT_ID,ENGINE_SERIAL_NO,MISSION_SERIAL_NO,STRAIGHT_SHIP_PERCENTAGE,KEY_NO,SHORT_VIN,PRODUCTION_LOT,KD_LOT_NUMBER,PRODUCT_SPEC_CODE,PLAN_OFF_DATE,TRACKING_STATUS,PRODUCT_START_DATE,ACTUAL_OFF_DATE,AUTO_HOLD_STATUS,PRODUCTION_DATE,LAST_PASSING_PROCESS_POINT_ID,ENGINE_STATUS,AF_ON_SEQUENCE_NUMBER,ACTUAL_MISSION_TYPE) VALUES ('2HGFC2F87KH507603',null,null,null,null,'FCKH507603 ','HCM 01AF201811020270','HCM 01201811005901','KTBDLG600 NH883P    V ',{d '2018-11-02'},null,null,null,0,{d '2018-11-02'},null,null,null,null);
INSERT INTO "GALADM"."GAL143TBX" (PRODUCT_ID,ENGINE_SERIAL_NO,MISSION_SERIAL_NO,STRAIGHT_SHIP_PERCENTAGE,KEY_NO,SHORT_VIN,PRODUCTION_LOT,KD_LOT_NUMBER,PRODUCT_SPEC_CODE,PLAN_OFF_DATE,TRACKING_STATUS,PRODUCT_START_DATE,ACTUAL_OFF_DATE,AUTO_HOLD_STATUS,PRODUCTION_DATE,LAST_PASSING_PROCESS_POINT_ID,ENGINE_STATUS,AF_ON_SEQUENCE_NUMBER,ACTUAL_MISSION_TYPE) VALUES ('2HGFC2F88KH507593',null,null,null,null,'FCKH507593 ','HCM 01AF201811020270','HCM 01201811005901','KTBDLG600 NH883P    V ',{d '2018-11-02'},null,null,null,0,{d '2018-11-02'},null,null,null,null);
INSERT INTO "GALADM"."GAL143TBX" (PRODUCT_ID,ENGINE_SERIAL_NO,MISSION_SERIAL_NO,STRAIGHT_SHIP_PERCENTAGE,KEY_NO,SHORT_VIN,PRODUCTION_LOT,KD_LOT_NUMBER,PRODUCT_SPEC_CODE,PLAN_OFF_DATE,TRACKING_STATUS,PRODUCT_START_DATE,ACTUAL_OFF_DATE,AUTO_HOLD_STATUS,PRODUCTION_DATE,LAST_PASSING_PROCESS_POINT_ID,ENGINE_STATUS,AF_ON_SEQUENCE_NUMBER,ACTUAL_MISSION_TYPE) VALUES ('2HGFC2F88KH507609',null,null,null,null,'FCKH507609 ','HCM 01AF201811020270','HCM 01201811005901','KTBDLG600 NH883P    V ',{d '2018-11-02'},null,null,null,0,{d '2018-11-02'},null,null,null,null);
INSERT INTO "GALADM"."GAL143TBX" (PRODUCT_ID,ENGINE_SERIAL_NO,MISSION_SERIAL_NO,STRAIGHT_SHIP_PERCENTAGE,KEY_NO,SHORT_VIN,PRODUCTION_LOT,KD_LOT_NUMBER,PRODUCT_SPEC_CODE,PLAN_OFF_DATE,TRACKING_STATUS,PRODUCT_START_DATE,ACTUAL_OFF_DATE,AUTO_HOLD_STATUS,PRODUCTION_DATE,LAST_PASSING_PROCESS_POINT_ID,ENGINE_STATUS,AF_ON_SEQUENCE_NUMBER,ACTUAL_MISSION_TYPE) VALUES ('2HGFC2F89KH507585',null,null,null,null,'FCKH507585 ','HCM 01AF201811020270','HCM 01201811005901','KTBDLG600 NH883P    V ',{d '2018-11-02'},null,null,null,0,{d '2018-11-02'},null,null,null,null);
INSERT INTO "GALADM"."GAL143TBX" (PRODUCT_ID,ENGINE_SERIAL_NO,MISSION_SERIAL_NO,STRAIGHT_SHIP_PERCENTAGE,KEY_NO,SHORT_VIN,PRODUCTION_LOT,KD_LOT_NUMBER,PRODUCT_SPEC_CODE,PLAN_OFF_DATE,TRACKING_STATUS,PRODUCT_START_DATE,ACTUAL_OFF_DATE,AUTO_HOLD_STATUS,PRODUCTION_DATE,LAST_PASSING_PROCESS_POINT_ID,ENGINE_STATUS,AF_ON_SEQUENCE_NUMBER,ACTUAL_MISSION_TYPE) VALUES ('2HGFC2F89KH507599',null,null,null,null,'FCKH507599 ','HCM 01AF201811020270','HCM 01201811005901','KTBDLG600 NH883P    V ',{d '2018-11-02'},null,null,null,0,{d '2018-11-02'},null,null,null,null);
INSERT INTO "GALADM"."GAL143TBX" (PRODUCT_ID,ENGINE_SERIAL_NO,MISSION_SERIAL_NO,STRAIGHT_SHIP_PERCENTAGE,KEY_NO,SHORT_VIN,PRODUCTION_LOT,KD_LOT_NUMBER,PRODUCT_SPEC_CODE,PLAN_OFF_DATE,TRACKING_STATUS,PRODUCT_START_DATE,ACTUAL_OFF_DATE,AUTO_HOLD_STATUS,PRODUCTION_DATE,LAST_PASSING_PROCESS_POINT_ID,ENGINE_STATUS,AF_ON_SEQUENCE_NUMBER,ACTUAL_MISSION_TYPE) VALUES ('2HGFC2F89KH507604',null,null,null,null,'FCKH507604 ','HCM 01AF201811020270','HCM 01201811005901','KTBDLG600 NH883P    V ',{d '2018-11-02'},'PA              ',null,null,0,{d '2018-11-02'},'1PA1T1001       ',null,null,null);
INSERT INTO "GALADM"."GAL143TBX" (PRODUCT_ID,ENGINE_SERIAL_NO,MISSION_SERIAL_NO,STRAIGHT_SHIP_PERCENTAGE,KEY_NO,SHORT_VIN,PRODUCTION_LOT,KD_LOT_NUMBER,PRODUCT_SPEC_CODE,PLAN_OFF_DATE,TRACKING_STATUS,PRODUCT_START_DATE,ACTUAL_OFF_DATE,AUTO_HOLD_STATUS,PRODUCTION_DATE,LAST_PASSING_PROCESS_POINT_ID,ENGINE_STATUS,AF_ON_SEQUENCE_NUMBER,ACTUAL_MISSION_TYPE) VALUES ('2HGFC2F8XKH507594',null,null,null,null,'FCKH507594 ','HCM 01AF201811020270','HCM 01201811005901','KTBDLG600 NH883P    V ',{d '2018-11-02'},null,null,null,0,{d '2018-11-02'},null,null,null,null);

INSERT INTO GALADM.GAL215TBX (PRODUCT_ID,PROCESS_POINT_ID,ACTUAL_TIMESTAMP,PRODUCT_SPEC_CODE,PRODUCTION_DATE,PRODUCTION_LOT,CREATE_TIMESTAMP,UPDATE_TIMESTAMP,PROCESS_COUNT,ASSOCIATE_NO,APPROVER_NO,DEVICE_ID) VALUES ('2HGFC2F82KH507606','1PA1T1001       ',{ts '2018-11-02 09:51:32.336131'},'KTBDLG600 NH883P    V         ',{d '2018-11-02'},'HCM 01AF201811020270',{ts '2018-11-02 09:51:32.346459'},{ts '2019-04-02 05:07:05.962289'},1,'1PA1T1001  ','           ','');
INSERT INTO GALADM.GAL215TBX (PRODUCT_ID,PROCESS_POINT_ID,ACTUAL_TIMESTAMP,PRODUCT_SPEC_CODE,PRODUCTION_DATE,PRODUCTION_LOT,CREATE_TIMESTAMP,UPDATE_TIMESTAMP,PROCESS_COUNT,ASSOCIATE_NO,APPROVER_NO,DEVICE_ID) VALUES ('2HGFC2F84KH507607','1PA1T1001       ',{ts '2018-11-02 09:51:32.336131'},'KTBDLG600 NH883P    V         ',{d '2018-11-02'},'HCM 01AF201811020270',{ts '2018-11-02 09:51:32.346459'},{ts '2019-04-02 05:07:05.962289'},1,'1PA1T1001  ','           ','');
INSERT INTO GALADM.GAL215TBX (PRODUCT_ID,PROCESS_POINT_ID,ACTUAL_TIMESTAMP,PRODUCT_SPEC_CODE,PRODUCTION_DATE,PRODUCTION_LOT,CREATE_TIMESTAMP,UPDATE_TIMESTAMP,PROCESS_COUNT,ASSOCIATE_NO,APPROVER_NO,DEVICE_ID) VALUES ('2HGFC2F84KH507610','1PA1T1001       ',{ts '2018-11-02 09:51:32.336131'},'KTBDLG600 NH883P    V         ',{d '2018-11-02'},'HCM 01AF201811020270',{ts '2018-11-02 09:51:32.346459'},{ts '2019-04-02 05:07:05.962289'},1,'1PA1T1001  ','           ','');

INSERT INTO "GALADM"."GAL144TBX" (PRODUCT_SPEC_CODE,EXT_COLOR_CODE,INT_COLOR_CODE,EXT_COLOR_DESCRIPTION,INT_COLOR_DESCRIPTION,PLANT_CODE_GPCS,ENGINE_PLANT_CODE,ENGINE_MTO,SALES_MODEL_CODE,SALES_MODEL_TYPE_CODE,SALES_EXT_COLOR_CODE,SALES_INT_COLOR_CODE,PROTOTYPE_CODE,FRAME_NO_PREFIX,SERIES_CODE,SERIES_DESCRIPTION,GRADE_CODE,BODY_AND_TRANS_TYPE_CODE,BODY_AND_TRANS_TYPE_DESC,MODEL_CODE,MODEL_YEAR_CODE,MODEL_TYPE_CODE,MODEL_OPTION_CODE,MODEL_YEAR_DESCRIPTION,BOUNDARY_MARK_REQUIRED,CREATE_TIMESTAMP,UPDATE_TIMESTAMP,ALT_ENGINE_MTO,MODEL_DESCRIPTION,SHORT_MODEL_DESCRIPTION,COMMON_SALES_MODEL_CODE,COMMON_SALES_MODEL_TYPE_CODE) VALUES ('KTBDLG600 NH883P    V ','NH883P    ','V ','WHITE P   ','BLACK3                                  ','HCM ','HCM ','K5BBLG500 ','FC2F8KEX  ','KL','NH-883P   ','  ','W','2HGFC2F8*KH','E','ACURA EL/ HONDA CIVIC                   ','SPORT     ','F','4-DOOR / AUTOMATIC / CVT      ','TBD','K','LG6','00 ','2019',' ',{ts '2017-12-01 10:36:44.391347'},{ts '2018-12-13 05:05:15.750132'},null,null,null,null,null);
INSERT INTO "GALADM"."GAL144TBX" (PRODUCT_SPEC_CODE,EXT_COLOR_CODE,INT_COLOR_CODE,EXT_COLOR_DESCRIPTION,INT_COLOR_DESCRIPTION,PLANT_CODE_GPCS,ENGINE_PLANT_CODE,ENGINE_MTO,SALES_MODEL_CODE,SALES_MODEL_TYPE_CODE,SALES_EXT_COLOR_CODE,SALES_INT_COLOR_CODE,PROTOTYPE_CODE,FRAME_NO_PREFIX,SERIES_CODE,SERIES_DESCRIPTION,GRADE_CODE,BODY_AND_TRANS_TYPE_CODE,BODY_AND_TRANS_TYPE_DESC,MODEL_CODE,MODEL_YEAR_CODE,MODEL_TYPE_CODE,MODEL_OPTION_CODE,MODEL_YEAR_DESCRIPTION,BOUNDARY_MARK_REQUIRED,CREATE_TIMESTAMP,UPDATE_TIMESTAMP,ALT_ENGINE_MTO,MODEL_DESCRIPTION,SHORT_MODEL_DESCRIPTION,COMMON_SALES_MODEL_CODE,COMMON_SALES_MODEL_TYPE_CODE) VALUES ('KTBGAD100 B593M     V ','B593M     ','V ','BLUE      ','BLACK3                                  ','HCM ','HCM ','K5BBAC100 ','FC4A8KEW  ','KA','B-593M    ','  ','W','2HGFC4A8*KH','E','ACURA EL/ HONDA CIVIC                   ','SPORT     ','A','2-DOOR / MANUAL               ','TBG','K','AD1','00 ','2019',' ',{ts '2017-11-16 10:36:39.467303'},{ts '2018-12-13 05:05:15.739198'},null,null,null,null,null);
INSERT INTO "GALADM"."GAL144TBX" (PRODUCT_SPEC_CODE,EXT_COLOR_CODE,INT_COLOR_CODE,EXT_COLOR_DESCRIPTION,INT_COLOR_DESCRIPTION,PLANT_CODE_GPCS,ENGINE_PLANT_CODE,ENGINE_MTO,SALES_MODEL_CODE,SALES_MODEL_TYPE_CODE,SALES_EXT_COLOR_CODE,SALES_INT_COLOR_CODE,PROTOTYPE_CODE,FRAME_NO_PREFIX,SERIES_CODE,SERIES_DESCRIPTION,GRADE_CODE,BODY_AND_TRANS_TYPE_CODE,BODY_AND_TRANS_TYPE_DESC,MODEL_CODE,MODEL_YEAR_CODE,MODEL_TYPE_CODE,MODEL_OPTION_CODE,MODEL_YEAR_DESCRIPTION,BOUNDARY_MARK_REQUIRED,CREATE_TIMESTAMP,UPDATE_TIMESTAMP,ALT_ENGINE_MTO,MODEL_DESCRIPTION,SHORT_MODEL_DESCRIPTION,COMMON_SALES_MODEL_CODE,COMMON_SALES_MODEL_TYPE_CODE) VALUES ('KTBGAD100 NH731P    V ','NH731P    ','V ','CSTL BLACK','BLACK3                                  ','HCM ','HCM ','K5BBAC100 ','FC4A8KEW  ','KA','NH-731P   ','  ','W','2HGFC4A8*KH','E','ACURA EL/ HONDA CIVIC                   ','SPORT     ','A','2-DOOR / MANUAL               ','TBG','K','AD1','00 ','2019',' ',{ts '2017-11-16 10:36:39.472746'},{ts '2018-12-13 05:05:15.739596'},null,null,null,null,null);
INSERT INTO "GALADM"."GAL144TBX" (PRODUCT_SPEC_CODE,EXT_COLOR_CODE,INT_COLOR_CODE,EXT_COLOR_DESCRIPTION,INT_COLOR_DESCRIPTION,PLANT_CODE_GPCS,ENGINE_PLANT_CODE,ENGINE_MTO,SALES_MODEL_CODE,SALES_MODEL_TYPE_CODE,SALES_EXT_COLOR_CODE,SALES_INT_COLOR_CODE,PROTOTYPE_CODE,FRAME_NO_PREFIX,SERIES_CODE,SERIES_DESCRIPTION,GRADE_CODE,BODY_AND_TRANS_TYPE_CODE,BODY_AND_TRANS_TYPE_DESC,MODEL_CODE,MODEL_YEAR_CODE,MODEL_TYPE_CODE,MODEL_OPTION_CODE,MODEL_YEAR_DESCRIPTION,BOUNDARY_MARK_REQUIRED,CREATE_TIMESTAMP,UPDATE_TIMESTAMP,ALT_ENGINE_MTO,MODEL_DESCRIPTION,SHORT_MODEL_DESCRIPTION,COMMON_SALES_MODEL_CODE,COMMON_SALES_MODEL_TYPE_CODE) VALUES ('KTBGAD100 NH797M    V ','NH797M    ','V ','MODSTEEL  ','BLACK3                                  ','HCM ','HCM ','K5BBAC100 ','FC4A8KEW  ','KA','NH-797M   ','  ','W','2HGFC4A8*KH','E','ACURA EL/ HONDA CIVIC                   ','SPORT     ','A','2-DOOR / MANUAL               ','TBG','K','AD1','00 ','2019',' ',{ts '2017-11-16 10:36:39.478242'},{ts '2018-12-13 05:05:15.740054'},null,null,null,null,null);
INSERT INTO "GALADM"."GAL144TBX" (PRODUCT_SPEC_CODE,EXT_COLOR_CODE,INT_COLOR_CODE,EXT_COLOR_DESCRIPTION,INT_COLOR_DESCRIPTION,PLANT_CODE_GPCS,ENGINE_PLANT_CODE,ENGINE_MTO,SALES_MODEL_CODE,SALES_MODEL_TYPE_CODE,SALES_EXT_COLOR_CODE,SALES_INT_COLOR_CODE,PROTOTYPE_CODE,FRAME_NO_PREFIX,SERIES_CODE,SERIES_DESCRIPTION,GRADE_CODE,BODY_AND_TRANS_TYPE_CODE,BODY_AND_TRANS_TYPE_DESC,MODEL_CODE,MODEL_YEAR_CODE,MODEL_TYPE_CODE,MODEL_OPTION_CODE,MODEL_YEAR_DESCRIPTION,BOUNDARY_MARK_REQUIRED,CREATE_TIMESTAMP,UPDATE_TIMESTAMP,ALT_ENGINE_MTO,MODEL_DESCRIPTION,SHORT_MODEL_DESCRIPTION,COMMON_SALES_MODEL_CODE,COMMON_SALES_MODEL_TYPE_CODE) VALUES ('KTBGAD100 R513      V ','R513      ','V ','RALLY RED ','BLACK3                                  ','HCM ','HCM ','K5BBAC100 ','FC4A8KEW  ','KA','R-513     ','  ','W','2HGFC4A8*KH','E','ACURA EL/ HONDA CIVIC                   ','SPORT     ','A','2-DOOR / MANUAL               ','TBG','K','AD1','00 ','2019',' ',{ts '2017-11-16 10:36:39.493345'},{ts '2018-12-13 05:05:15.742259'},null,null,null,null,null);
INSERT INTO "GALADM"."GAL144TBX" (PRODUCT_SPEC_CODE,EXT_COLOR_CODE,INT_COLOR_CODE,EXT_COLOR_DESCRIPTION,INT_COLOR_DESCRIPTION,PLANT_CODE_GPCS,ENGINE_PLANT_CODE,ENGINE_MTO,SALES_MODEL_CODE,SALES_MODEL_TYPE_CODE,SALES_EXT_COLOR_CODE,SALES_INT_COLOR_CODE,PROTOTYPE_CODE,FRAME_NO_PREFIX,SERIES_CODE,SERIES_DESCRIPTION,GRADE_CODE,BODY_AND_TRANS_TYPE_CODE,BODY_AND_TRANS_TYPE_DESC,MODEL_CODE,MODEL_YEAR_CODE,MODEL_TYPE_CODE,MODEL_OPTION_CODE,MODEL_YEAR_DESCRIPTION,BOUNDARY_MARK_REQUIRED,CREATE_TIMESTAMP,UPDATE_TIMESTAMP,ALT_ENGINE_MTO,MODEL_DESCRIPTION,SHORT_MODEL_DESCRIPTION,COMMON_SALES_MODEL_CODE,COMMON_SALES_MODEL_TYPE_CODE) VALUES ('KTBJAC200 R513      Z ','R513      ','Z ','RALLY RED ','BLACK2                                  ','HCM ','HCM ','K5AMAC000 ','FC3A5KJW  ','KA','R-513     ','  ','W','2HGFC3A5*KH','E','ACURA EL/ HONDA CIVIC                   ','SI        ','A','2-DOOR / MANUAL               ','TBJ','K','AC2','00 ','2019',' ',{ts '2018-04-17 06:01:42.629332'},{ts '2018-12-13 05:05:16.196025'},null,null,null,null,null);

--Terminal
INSERT INTO "GALADM"."GAL234TBX" (HOST_NAME,IP_ADDRESS,PORT,ROUTER_PORT,TERMINAL_DESCRIPTION,LOCATED_PROCESS_POINT_ID,DIVISION_ID,AF_TERMINAL_FLAG,CREATE_TIMESTAMP,UPDATE_TIMESTAMP) VALUES ('P1TBS_View                      ','localhost',05551,0,'P1 TBS Viewer                                                                                                                   ','1PA1T5551       ','PA1             ',1,{ts '2018-08-03 12:55:47.123859'},{ts '2018-09-20 08:59:24.014618'});

INSERT INTO "GALADM"."GAL241TBX" (APPLICATION_ID,APPLICATION_NAME,APPLICATION_TYPE,TERMINAL_APPLICATION_FLAG,SCREEN_ID,WINDOW_TITLE,SCREEN_CLASS,APPLICATION_DESCRIPTION,PRELOAD,SESSION_REQUIRED,PERSISTENT_SESSION,CREATE_TIMESTAMP,UPDATE_TIMESTAMP,APP_VIEW,APP_PROCESSOR) VALUES ('1PA1T5551       ','Plant1 TBS                         ',1,0,'S-TBS_View      ','P1 Painted Body Storage Tracking','com.honda.galc.client.gts.view.GtsTrackingWindow                                                                                ','Plant1 TBS                                                                                                                      ',0,0,0,{ts '2017-11-30 10:00:14.594812'},{ts '2018-08-03 13:18:53.824227'},null,null);

INSERT INTO "GALADM"."GAL243TBX" (APPLICATION_ID,JNDI_NAME,TASK_NAME,SEQUENCE_NO,INPUT_EVENT_EXIST_FLAG,BEGIN_FLAG,COMMIT_FLAG,STATEFULL_SESSION_BEAN_FLAG,ARGUMENT,CREATE_TIMESTAMP,UPDATE_TIMESTAMP) VALUES ('1PA1T5551       ','                                                                                                                                ','GtsTbs1TrackingService          ',1,0,0,0,0,'                                                                                                                                ',{ts '2018-08-03 13:18:53.839413'},null);

INSERT INTO "GALADM"."GAL244TBX" (TASK_NAME,TASKSPEC_DESCRIPTION,STATEFULL_SESSION_BEAN_FLAG,JNDI_NAME,CREATE_TIMESTAMP,UPDATE_TIMESTAMP) VALUES ('GtsTbs1TrackingService          ','                                                                                                                                ',0,'                                                                                                                                ',{ts '2017-11-30 09:59:56.947798'},null);

INSERT INTO "GALADM"."NOTIFICATION_TBX" (NOTIFICATION_CLASS,DESCRIPTION,CLIENT_ONLY,CREATE_TIMESTAMP,UPDATE_TIMESTAMP) VALUES ('IProductHoldResultNotification','Product Hold/Release Event',0,{ts '2018-10-15 11:56:45.471211'},{ts '2018-06-26 12:50:03.136996'});
INSERT INTO "GALADM"."NOTIFICATION_SUBSCRIBER_TBX" (NOTIFICATION_CLASS,CLIENT_IP,CLIENT_PORT,CLIENT_NAME,CREATE_TIMESTAMP,UPDATE_TIMESTAMP,NOTIFICATION_HANDLER_CLASS,PROVIDER,SUBSCRIPTION_TYPE) VALUES ('IProductHoldResultNotification','',0,'                                ',{ts '2018-10-15 12:01:46.706102'},{ts '2018-10-04 07:22:26'},'GtsTbs1TrackingService','','INCLUDE');

INSERT INTO "GALADM"."GAL253TBX" (CLIENT_ID,ALIAS_NAME,DEVICE_TYPE,DEVICE_DESCRIPTION,EIF_IP_ADDRESS,EIF_PORT,IO_PROCESS_POINT_ID,DIVISION_ID,REPLY_CLIENT_ID,CREATE_TIMESTAMP,UPDATE_TIMESTAMP) VALUES ('P1TBS.UNSOLICITED_DATA          ','                                                                ',0,'unsolicited data block                                                                                                          ','localhost',13552,'1PA1T5551       ','PA1             ','                                ',{ts '2018-06-26 13:38:13.818774'},{ts '2018-06-27 13:48:41.615766'});
INSERT INTO "GALADM"."GAL253TBX" (CLIENT_ID,ALIAS_NAME,DEVICE_TYPE,DEVICE_DESCRIPTION,EIF_IP_ADDRESS,EIF_PORT,IO_PROCESS_POINT_ID,DIVISION_ID,REPLY_CLIENT_ID,CREATE_TIMESTAMP,UPDATE_TIMESTAMP) VALUES ('P1TBS.RDR-toF                   ','                                                                ',0,'RFID Reader toF                                                                                                                 ','localhost',13552,'1PA1T5551       ','PA1             ','                                ',{ts '2018-07-13 13:17:32.790628'},{ts '2018-07-13 13:30:10.995559'});
INSERT INTO "GALADM"."GAL253TBX" (CLIENT_ID,ALIAS_NAME,DEVICE_TYPE,DEVICE_DESCRIPTION,EIF_IP_ADDRESS,EIF_PORT,IO_PROCESS_POINT_ID,DIVISION_ID,REPLY_CLIENT_ID,CREATE_TIMESTAMP,UPDATE_TIMESTAMP) VALUES ('P1TBS.RDR-toC                   ','                                                                ',0,'RFID Reader toC                                                                                                                 ','localhost',13552,'1PA1T5551       ','PA1             ','                                ',{ts '2018-07-13 13:15:46.892123'},{ts '2018-07-13 13:29:41.604758'});
INSERT INTO "GALADM"."GAL253TBX" (CLIENT_ID,ALIAS_NAME,DEVICE_TYPE,DEVICE_DESCRIPTION,EIF_IP_ADDRESS,EIF_PORT,IO_PROCESS_POINT_ID,DIVISION_ID,REPLY_CLIENT_ID,CREATE_TIMESTAMP,UPDATE_TIMESTAMP) VALUES ('P1TBS.RDR-ecB                   ','                                                                ',0,'RFID Reader ecB                                                                                                                 ','localhost',13552,'1PA1T5551       ','PA1             ','                                ',{ts '2018-07-13 13:10:54.744618'},{ts '2018-07-13 13:30:53.124003'});
INSERT INTO "GALADM"."GAL253TBX" (CLIENT_ID,ALIAS_NAME,DEVICE_TYPE,DEVICE_DESCRIPTION,EIF_IP_ADDRESS,EIF_PORT,IO_PROCESS_POINT_ID,DIVISION_ID,REPLY_CLIENT_ID,CREATE_TIMESTAMP,UPDATE_TIMESTAMP) VALUES ('P1TBS.RDR-ecA                   ','                                                                ',0,'RFID Reader ecA                                                                                                                 ','localhost',13552,'1PA1T5551       ','PA1             ','                                ',{ts '2018-07-13 13:08:09.236886'},{ts '2018-07-13 13:32:18.203338'});
INSERT INTO "GALADM"."GAL253TBX" (CLIENT_ID,ALIAS_NAME,DEVICE_TYPE,DEVICE_DESCRIPTION,EIF_IP_ADDRESS,EIF_PORT,IO_PROCESS_POINT_ID,DIVISION_ID,REPLY_CLIENT_ID,CREATE_TIMESTAMP,UPDATE_TIMESTAMP) VALUES ('P1TBS.RDR-bcH                   ','                                                                ',0,'RFID Reader bcH                                                                                                                 ','localhost',13552,'1PA1T5551       ','PA1             ','                                ',{ts '2018-07-13 13:14:30.753298'},{ts '2018-07-13 13:29:16.960261'});
INSERT INTO "GALADM"."GAL253TBX" (CLIENT_ID,ALIAS_NAME,DEVICE_TYPE,DEVICE_DESCRIPTION,EIF_IP_ADDRESS,EIF_PORT,IO_PROCESS_POINT_ID,DIVISION_ID,REPLY_CLIENT_ID,CREATE_TIMESTAMP,UPDATE_TIMESTAMP) VALUES ('P1TBS.RDR-bcD                   ','                                                                ',0,'RFID Reader bcD                                                                                                                 ','localhost',13552,'1PA1T5551       ','PA1             ','                                ',{ts '2018-07-13 13:12:31.008269'},{ts '2018-07-13 13:28:42.951067'});
INSERT INTO "GALADM"."GAL253TBX" (CLIENT_ID,ALIAS_NAME,DEVICE_TYPE,DEVICE_DESCRIPTION,EIF_IP_ADDRESS,EIF_PORT,IO_PROCESS_POINT_ID,DIVISION_ID,REPLY_CLIENT_ID,CREATE_TIMESTAMP,UPDATE_TIMESTAMP) VALUES ('P1TBS.MR-tsF-tsI                ','                                                                ',0,'Move Request tsF-tsI                                                                                                            ','10.167.200.237',13552,'1PA1T5551       ','PA1             ','                                ',{ts '2019-04-08 15:03:12.367512'},{ts '2019-04-08 15:03:31.676153'});
INSERT INTO "GALADM"."GAL253TBX" (CLIENT_ID,ALIAS_NAME,DEVICE_TYPE,DEVICE_DESCRIPTION,EIF_IP_ADDRESS,EIF_PORT,IO_PROCESS_POINT_ID,DIVISION_ID,REPLY_CLIENT_ID,CREATE_TIMESTAMP,UPDATE_TIMESTAMP) VALUES ('P1TBS.MR-tsE-tsH                ','                                                                ',0,'Move Request tsE-tsH                                                                                                            ','10.167.200.237',13552,'1PA1T5551       ','PA1             ','                                ',{ts '2019-04-08 15:01:30.252914'},null);
INSERT INTO "GALADM"."GAL253TBX" (CLIENT_ID,ALIAS_NAME,DEVICE_TYPE,DEVICE_DESCRIPTION,EIF_IP_ADDRESS,EIF_PORT,IO_PROCESS_POINT_ID,DIVISION_ID,REPLY_CLIENT_ID,CREATE_TIMESTAMP,UPDATE_TIMESTAMP) VALUES ('P1TBS.MR-tsE-tsF                ','                                                                ',0,'Move Request tsE-tsF                                                                                                            ','10.167.200.237',13552,'1PA1T5551       ','PA1             ','                                ',{ts '2019-04-08 15:00:26.490246'},{ts '2019-04-08 15:00:51.220697'});
INSERT INTO "GALADM"."GAL253TBX" (CLIENT_ID,ALIAS_NAME,DEVICE_TYPE,DEVICE_DESCRIPTION,EIF_IP_ADDRESS,EIF_PORT,IO_PROCESS_POINT_ID,DIVISION_ID,REPLY_CLIENT_ID,CREATE_TIMESTAMP,UPDATE_TIMESTAMP) VALUES ('P1TBS.MR-tsC-tsE                ','                                                                ',0,'Move Request tsC-tsE                                                                                                            ','10.167.200.237',13552,'1PA1T5551       ','PA1             ','                                ',{ts '2019-04-08 14:29:48.934058'},{ts '2019-04-08 14:30:25.777295'});
INSERT INTO "GALADM"."GAL253TBX" (CLIENT_ID,ALIAS_NAME,DEVICE_TYPE,DEVICE_DESCRIPTION,EIF_IP_ADDRESS,EIF_PORT,IO_PROCESS_POINT_ID,DIVISION_ID,REPLY_CLIENT_ID,CREATE_TIMESTAMP,UPDATE_TIMESTAMP) VALUES ('P1TBS.MR-tsC-tsD                ','                                                                ',0,'Move Request tsC-tsD                                                                                                            ','10.167.200.237',13552,'1PA1T5551       ','PA1             ','                                ',{ts '2019-04-08 14:28:08.653269'},null);
INSERT INTO "GALADM"."GAL253TBX" (CLIENT_ID,ALIAS_NAME,DEVICE_TYPE,DEVICE_DESCRIPTION,EIF_IP_ADDRESS,EIF_PORT,IO_PROCESS_POINT_ID,DIVISION_ID,REPLY_CLIENT_ID,CREATE_TIMESTAMP,UPDATE_TIMESTAMP) VALUES ('P1TBS.MR-toG-toJ                ','                                                                ',0,'Move Request toG-toJ                                                                                                            ','10.167.200.237',13552,'1PA1T5551       ','PA1             ','                                ',{ts '2019-04-08 14:25:51.450928'},null);
INSERT INTO "GALADM"."GAL253TBX" (CLIENT_ID,ALIAS_NAME,DEVICE_TYPE,DEVICE_DESCRIPTION,EIF_IP_ADDRESS,EIF_PORT,IO_PROCESS_POINT_ID,DIVISION_ID,REPLY_CLIENT_ID,CREATE_TIMESTAMP,UPDATE_TIMESTAMP) VALUES ('P1TBS.MR-toG-toH                ','                                                                ',0,'Move Request toG-toH                                                                                                            ','10.167.200.237',13552,'1PA1T5551       ','PA1             ','                                ',{ts '2019-04-08 14:24:17.477091'},{ts '2019-04-08 14:24:42.751642'});
INSERT INTO "GALADM"."GAL253TBX" (CLIENT_ID,ALIAS_NAME,DEVICE_TYPE,DEVICE_DESCRIPTION,EIF_IP_ADDRESS,EIF_PORT,IO_PROCESS_POINT_ID,DIVISION_ID,REPLY_CLIENT_ID,CREATE_TIMESTAMP,UPDATE_TIMESTAMP) VALUES ('P1TBS.MR-toC-toE                ','                                                                ',0,'Move Request toC-toE                                                                                                            ','10.167.200.237',13552,'1PA1T5551       ','PA1             ','                                ',{ts '2019-04-08 14:21:26.049761'},{ts '2019-04-08 14:22:04.719734'});
INSERT INTO "GALADM"."GAL253TBX" (CLIENT_ID,ALIAS_NAME,DEVICE_TYPE,DEVICE_DESCRIPTION,EIF_IP_ADDRESS,EIF_PORT,IO_PROCESS_POINT_ID,DIVISION_ID,REPLY_CLIENT_ID,CREATE_TIMESTAMP,UPDATE_TIMESTAMP) VALUES ('P1TBS.MR-toC-toD                ','                                                                ',0,'Move Request toC-toD                                                                                                            ','10.167.200.237',13552,'1PA1T5551       ','PA1             ','                                ',{ts '2019-04-08 14:19:18.256150'},{ts '2019-04-08 14:20:21.448256'});
INSERT INTO "GALADM"."GAL253TBX" (CLIENT_ID,ALIAS_NAME,DEVICE_TYPE,DEVICE_DESCRIPTION,EIF_IP_ADDRESS,EIF_PORT,IO_PROCESS_POINT_ID,DIVISION_ID,REPLY_CLIENT_ID,CREATE_TIMESTAMP,UPDATE_TIMESTAMP) VALUES ('P1TBS.RDR-ssZ                   ','                                                                ',0,'RFID Reader ssZ                                                                                                                 ','localhost',13552,'1PA1T5551       ','PA1             ','                                ',{ts '2019-04-11 09:23:23.647405'},null);
INSERT INTO "GALADM"."GAL253TBX" (CLIENT_ID,ALIAS_NAME,DEVICE_TYPE,DEVICE_DESCRIPTION,EIF_IP_ADDRESS,EIF_PORT,IO_PROCESS_POINT_ID,DIVISION_ID,REPLY_CLIENT_ID,CREATE_TIMESTAMP,UPDATE_TIMESTAMP) VALUES ('P1TBS.MR-toL-toH                ','                                                                ',0,'Move Request toL-toH                                                                                                            ','localhost',13552,'1PA1T5551       ','PA1             ','                                ',{ts '2019-04-11 10:03:03.043053'},{ts '2019-04-11 10:03:34.941671'});
INSERT INTO "GALADM"."GAL253TBX" (CLIENT_ID,ALIAS_NAME,DEVICE_TYPE,DEVICE_DESCRIPTION,EIF_IP_ADDRESS,EIF_PORT,IO_PROCESS_POINT_ID,DIVISION_ID,REPLY_CLIENT_ID,CREATE_TIMESTAMP,UPDATE_TIMESTAMP) VALUES ('P1TBS.MR-toL-toJ                ','                                                                ',0,'Move Request toL-toJ                                                                                                            ','localhost',13552,'1PA1T5551       ','PA1             ','                                ',{ts '2019-04-11 10:04:33.213614'},null);
INSERT INTO "GALADM"."GAL253TBX" (CLIENT_ID,ALIAS_NAME,DEVICE_TYPE,DEVICE_DESCRIPTION,EIF_IP_ADDRESS,EIF_PORT,IO_PROCESS_POINT_ID,DIVISION_ID,REPLY_CLIENT_ID,CREATE_TIMESTAMP,UPDATE_TIMESTAMP) VALUES ('P1TBS.MR-toC-tsA                ','                                                                ',0,'Move Request toC-tsA                                                                                                            ','localhost',13552,'1PA1T5551       ','PA1             ','                                ',{ts '2019-04-11 10:09:17.448435'},null);

INSERT INTO "GALADM"."GAL257TBX" (CLIENT_ID,TAG,SEQUENCE_NUMBER,"OFFSET",LENGTH,TAG_TYPE,TAG_VALUE,TAG_NAME,DATA_TYPE,CREATE_TIMESTAMP,UPDATE_TIMESTAMP) VALUES ('P1TBS.CP_toC                    ','CP_toC                                                                                                                          ',1,0,0,2,'','',0,{ts '2018-06-26 12:37:52.488275'},null);
INSERT INTO "GALADM"."GAL257TBX" (CLIENT_ID,TAG,SEQUENCE_NUMBER,"OFFSET",LENGTH,TAG_TYPE,TAG_VALUE,TAG_NAME,DATA_TYPE,CREATE_TIMESTAMP,UPDATE_TIMESTAMP) VALUES ('P1TBS.MR-toC-toD                ','MR-toC-toD                                                                                                                      ',1,0,0,4,'','',0,{ts '2019-04-08 14:20:09.320598'},null);
INSERT INTO "GALADM"."GAL257TBX" (CLIENT_ID,TAG,SEQUENCE_NUMBER,"OFFSET",LENGTH,TAG_TYPE,TAG_VALUE,TAG_NAME,DATA_TYPE,CREATE_TIMESTAMP,UPDATE_TIMESTAMP) VALUES ('P1TBS.MR-toC-toE                ','MR-toC-toE                                                                                                                      ',1,0,0,4,'','',0,{ts '2019-04-08 14:22:21.228208'},null);
INSERT INTO "GALADM"."GAL257TBX" (CLIENT_ID,TAG,SEQUENCE_NUMBER,"OFFSET",LENGTH,TAG_TYPE,TAG_VALUE,TAG_NAME,DATA_TYPE,CREATE_TIMESTAMP,UPDATE_TIMESTAMP) VALUES ('P1TBS.MR-toG-toH                ','MR-toG-toH                                                                                                                      ',1,0,0,4,'','',0,{ts '2019-04-08 14:24:38.832951'},null);
INSERT INTO "GALADM"."GAL257TBX" (CLIENT_ID,TAG,SEQUENCE_NUMBER,"OFFSET",LENGTH,TAG_TYPE,TAG_VALUE,TAG_NAME,DATA_TYPE,CREATE_TIMESTAMP,UPDATE_TIMESTAMP) VALUES ('P1TBS.MR-toG-toJ                ','MR-toG-toJ                                                                                                                      ',1,0,0,4,'','',0,{ts '2019-04-08 14:26:08.516778'},null);
INSERT INTO "GALADM"."GAL257TBX" (CLIENT_ID,TAG,SEQUENCE_NUMBER,"OFFSET",LENGTH,TAG_TYPE,TAG_VALUE,TAG_NAME,DATA_TYPE,CREATE_TIMESTAMP,UPDATE_TIMESTAMP) VALUES ('P1TBS.MR-tsC-tsD                ','MR-tsC-tsD                                                                                                                      ',1,0,0,4,'','',0,{ts '2019-04-08 14:28:25.493326'},null);
INSERT INTO "GALADM"."GAL257TBX" (CLIENT_ID,TAG,SEQUENCE_NUMBER,"OFFSET",LENGTH,TAG_TYPE,TAG_VALUE,TAG_NAME,DATA_TYPE,CREATE_TIMESTAMP,UPDATE_TIMESTAMP) VALUES ('P1TBS.MR-tsC-tsE                ','MR-tsC-tsE                                                                                                                      ',1,0,0,4,'','',0,{ts '2019-04-08 14:30:17.289545'},{ts '2019-04-08 14:30:20.978093'});
INSERT INTO "GALADM"."GAL257TBX" (CLIENT_ID,TAG,SEQUENCE_NUMBER,"OFFSET",LENGTH,TAG_TYPE,TAG_VALUE,TAG_NAME,DATA_TYPE,CREATE_TIMESTAMP,UPDATE_TIMESTAMP) VALUES ('P1TBS.MR-tsE-tsF                ','MR-tsE-tsF                                                                                                                      ',1,0,0,4,'','',0,{ts '2019-04-08 15:00:42.308366'},{ts '2019-04-08 15:00:48.824341'});
INSERT INTO "GALADM"."GAL257TBX" (CLIENT_ID,TAG,SEQUENCE_NUMBER,"OFFSET",LENGTH,TAG_TYPE,TAG_VALUE,TAG_NAME,DATA_TYPE,CREATE_TIMESTAMP,UPDATE_TIMESTAMP) VALUES ('P1TBS.MR-tsE-tsH                ','MR-tsE-tsH                                                                                                                      ',1,0,0,4,'','',0,{ts '2019-04-08 15:01:47.772741'},null);
INSERT INTO "GALADM"."GAL257TBX" (CLIENT_ID,TAG,SEQUENCE_NUMBER,"OFFSET",LENGTH,TAG_TYPE,TAG_VALUE,TAG_NAME,DATA_TYPE,CREATE_TIMESTAMP,UPDATE_TIMESTAMP) VALUES ('P1TBS.MR-tsF-ssE                ','MR-tsF-ssE                                                                                                                      ',1,0,0,4,'','',0,{ts '2019-04-08 15:04:53.224031'},null);
INSERT INTO "GALADM"."GAL257TBX" (CLIENT_ID,TAG,SEQUENCE_NUMBER,"OFFSET",LENGTH,TAG_TYPE,TAG_VALUE,TAG_NAME,DATA_TYPE,CREATE_TIMESTAMP,UPDATE_TIMESTAMP) VALUES ('P1TBS.MR-tsF-tsI                ','MR-tsF-tsI                                                                                                                      ',1,0,0,0,'','',0,{ts '2019-04-08 15:03:27.208504'},null);
INSERT INTO "GALADM"."GAL257TBX" (CLIENT_ID,TAG,SEQUENCE_NUMBER,"OFFSET",LENGTH,TAG_TYPE,TAG_VALUE,TAG_NAME,DATA_TYPE,CREATE_TIMESTAMP,UPDATE_TIMESTAMP) VALUES ('P1TBS.RDR_BC-2                  ','RDR_BC2                                                                                                                         ',1,0,6,4,'','',4,{ts '2018-06-27 09:05:32.210092'},{ts '2018-06-28 15:41:20.686710'});
INSERT INTO "GALADM"."GAL257TBX" (CLIENT_ID,TAG,SEQUENCE_NUMBER,"OFFSET",LENGTH,TAG_TYPE,TAG_VALUE,TAG_NAME,DATA_TYPE,CREATE_TIMESTAMP,UPDATE_TIMESTAMP) VALUES ('P1TBS.RDR_CC                    ','RDR_CC                                                                                                                          ',1,0,6,4,'','',4,{ts '2018-06-27 09:43:35.973694'},null);
INSERT INTO "GALADM"."GAL257TBX" (CLIENT_ID,TAG,SEQUENCE_NUMBER,"OFFSET",LENGTH,TAG_TYPE,TAG_VALUE,TAG_NAME,DATA_TYPE,CREATE_TIMESTAMP,UPDATE_TIMESTAMP) VALUES ('P1TBS.RDR_FD                    ','RDR_FD                                                                                                                          ',1,0,6,4,'','',4,{ts '2018-06-27 09:00:41.043595'},null);
INSERT INTO "GALADM"."GAL257TBX" (CLIENT_ID,TAG,SEQUENCE_NUMBER,"OFFSET",LENGTH,TAG_TYPE,TAG_VALUE,TAG_NAME,DATA_TYPE,CREATE_TIMESTAMP,UPDATE_TIMESTAMP) VALUES ('P1TBS.RDR_TO-1                  ','RDR_TO-1                                                                                                                        ',1,0,6,4,'','',4,{ts '2018-06-27 09:50:33.127986'},null);
INSERT INTO "GALADM"."GAL257TBX" (CLIENT_ID,TAG,SEQUENCE_NUMBER,"OFFSET",LENGTH,TAG_TYPE,TAG_VALUE,TAG_NAME,DATA_TYPE,CREATE_TIMESTAMP,UPDATE_TIMESTAMP) VALUES ('P1TBS.RDR_TO-2                  ','RDR_TO-2                                                                                                                        ',1,0,6,4,'','',4,{ts '2018-06-27 09:51:46.203286'},null);
INSERT INTO "GALADM"."GAL257TBX" (CLIENT_ID,TAG,SEQUENCE_NUMBER,"OFFSET",LENGTH,TAG_TYPE,TAG_VALUE,TAG_NAME,DATA_TYPE,CREATE_TIMESTAMP,UPDATE_TIMESTAMP) VALUES ('P1TBS.RDR_WP                    ','RDR_WP                                                                                                                          ',1,0,6,4,'','',4,{ts '2018-06-27 09:03:20.925745'},null);
INSERT INTO "GALADM"."GAL257TBX" (CLIENT_ID,TAG,SEQUENCE_NUMBER,"OFFSET",LENGTH,TAG_TYPE,TAG_VALUE,TAG_NAME,DATA_TYPE,CREATE_TIMESTAMP,UPDATE_TIMESTAMP) VALUES ('P1TBS.RDR-bcD                   ','RDR-bcD                                                                                                                         ',1,0,6,4,'','',4,{ts '2018-07-13 13:13:19.138048'},null);
INSERT INTO "GALADM"."GAL257TBX" (CLIENT_ID,TAG,SEQUENCE_NUMBER,"OFFSET",LENGTH,TAG_TYPE,TAG_VALUE,TAG_NAME,DATA_TYPE,CREATE_TIMESTAMP,UPDATE_TIMESTAMP) VALUES ('P1TBS.RDR-bcH                   ','RDR-bcH                                                                                                                         ',1,0,6,4,'','',4,{ts '2018-07-13 13:15:00.232471'},null);
INSERT INTO "GALADM"."GAL257TBX" (CLIENT_ID,TAG,SEQUENCE_NUMBER,"OFFSET",LENGTH,TAG_TYPE,TAG_VALUE,TAG_NAME,DATA_TYPE,CREATE_TIMESTAMP,UPDATE_TIMESTAMP) VALUES ('P1TBS.RDR-ecA                   ','RDR-ecA                                                                                                                         ',1,0,6,4,'','',4,{ts '2018-07-13 13:08:47.929864'},null);
INSERT INTO "GALADM"."GAL257TBX" (CLIENT_ID,TAG,SEQUENCE_NUMBER,"OFFSET",LENGTH,TAG_TYPE,TAG_VALUE,TAG_NAME,DATA_TYPE,CREATE_TIMESTAMP,UPDATE_TIMESTAMP) VALUES ('P1TBS.RDR-ecB                   ','RDR-ecB                                                                                                                         ',1,0,6,4,'','',4,{ts '2018-07-13 13:11:19.590264'},null);
INSERT INTO "GALADM"."GAL257TBX" (CLIENT_ID,TAG,SEQUENCE_NUMBER,"OFFSET",LENGTH,TAG_TYPE,TAG_VALUE,TAG_NAME,DATA_TYPE,CREATE_TIMESTAMP,UPDATE_TIMESTAMP) VALUES ('P1TBS.RDR-toC                   ','RDR-toC                                                                                                                         ',1,0,6,4,'','',4,{ts '2018-07-13 13:16:08.170572'},null);
INSERT INTO "GALADM"."GAL257TBX" (CLIENT_ID,TAG,SEQUENCE_NUMBER,"OFFSET",LENGTH,TAG_TYPE,TAG_VALUE,TAG_NAME,DATA_TYPE,CREATE_TIMESTAMP,UPDATE_TIMESTAMP) VALUES ('P1TBS.RDR-toF                   ','RDR-toF                                                                                                                         ',1,0,6,4,'','',4,{ts '2018-07-13 13:17:53.873937'},null);
INSERT INTO "GALADM"."GAL257TBX" (CLIENT_ID,TAG,SEQUENCE_NUMBER,"OFFSET",LENGTH,TAG_TYPE,TAG_VALUE,TAG_NAME,DATA_TYPE,CREATE_TIMESTAMP,UPDATE_TIMESTAMP) VALUES ('P1TBS.UNSOLICITED_DATA          ','MP-ssA-ssB                                                                                                                      ',1,0,0,4,'','',0,{ts '2018-06-26 14:35:55.894032'},{ts '2019-04-08 13:45:33.622731'});
INSERT INTO "GALADM"."GAL257TBX" (CLIENT_ID,TAG,SEQUENCE_NUMBER,"OFFSET",LENGTH,TAG_TYPE,TAG_VALUE,TAG_NAME,DATA_TYPE,CREATE_TIMESTAMP,UPDATE_TIMESTAMP) VALUES ('P1TBS.UNSOLICITED_DATA          ','MP-ssB-ssC                                                                                                                      ',2,0,0,4,'','',0,{ts '2018-06-26 14:40:59.431836'},{ts '2019-04-08 13:45:33.622803'});
INSERT INTO "GALADM"."GAL257TBX" (CLIENT_ID,TAG,SEQUENCE_NUMBER,"OFFSET",LENGTH,TAG_TYPE,TAG_VALUE,TAG_NAME,DATA_TYPE,CREATE_TIMESTAMP,UPDATE_TIMESTAMP) VALUES ('P1TBS.UNSOLICITED_DATA          ','MP-ssC-ssD                                                                                                                      ',3,0,0,4,'','',0,{ts '2018-06-26 14:41:23.046705'},null);
INSERT INTO "GALADM"."GAL257TBX" (CLIENT_ID,TAG,SEQUENCE_NUMBER,"OFFSET",LENGTH,TAG_TYPE,TAG_VALUE,TAG_NAME,DATA_TYPE,CREATE_TIMESTAMP,UPDATE_TIMESTAMP) VALUES ('P1TBS.UNSOLICITED_DATA          ','MP-ssD-ssE                                                                                                                      ',4,0,0,4,'','',0,{ts '2018-06-26 14:41:44.301567'},null);
INSERT INTO "GALADM"."GAL257TBX" (CLIENT_ID,TAG,SEQUENCE_NUMBER,"OFFSET",LENGTH,TAG_TYPE,TAG_VALUE,TAG_NAME,DATA_TYPE,CREATE_TIMESTAMP,UPDATE_TIMESTAMP) VALUES ('P1TBS.UNSOLICITED_DATA          ','MP-ssE-ssF                                                                                                                      ',5,0,0,4,'','',0,{ts '2018-06-26 14:42:19.513525'},null);
INSERT INTO "GALADM"."GAL257TBX" (CLIENT_ID,TAG,SEQUENCE_NUMBER,"OFFSET",LENGTH,TAG_TYPE,TAG_VALUE,TAG_NAME,DATA_TYPE,CREATE_TIMESTAMP,UPDATE_TIMESTAMP) VALUES ('P1TBS.UNSOLICITED_DATA          ','LF-ssE                                                                                                                          ',6,0,0,4,'','',0,{ts '2018-06-26 14:42:19.513581'},{ts '2019-04-08 13:45:33.622822'});
INSERT INTO "GALADM"."GAL257TBX" (CLIENT_ID,TAG,SEQUENCE_NUMBER,"OFFSET",LENGTH,TAG_TYPE,TAG_VALUE,TAG_NAME,DATA_TYPE,CREATE_TIMESTAMP,UPDATE_TIMESTAMP) VALUES ('P1TBS.UNSOLICITED_DATA          ','MP-ssF-ssG                                                                                                                      ',7,0,0,4,'','',0,{ts '2018-06-26 14:43:34.700707'},null);
INSERT INTO "GALADM"."GAL257TBX" (CLIENT_ID,TAG,SEQUENCE_NUMBER,"OFFSET",LENGTH,TAG_TYPE,TAG_VALUE,TAG_NAME,DATA_TYPE,CREATE_TIMESTAMP,UPDATE_TIMESTAMP) VALUES ('P1TBS.UNSOLICITED_DATA          ','MP-ssG-ecA                                                                                                                      ',8,0,0,4,'','',0,{ts '2018-06-26 14:43:34.700765'},null);
INSERT INTO "GALADM"."GAL257TBX" (CLIENT_ID,TAG,SEQUENCE_NUMBER,"OFFSET",LENGTH,TAG_TYPE,TAG_VALUE,TAG_NAME,DATA_TYPE,CREATE_TIMESTAMP,UPDATE_TIMESTAMP) VALUES ('P1TBS.UNSOLICITED_DATA          ','MP-ecA-ecB                                                                                                                      ',9,0,0,4,'','',0,{ts '2018-06-26 14:43:34.700778'},{ts '2019-04-08 13:45:33.622838'});
INSERT INTO "GALADM"."GAL257TBX" (CLIENT_ID,TAG,SEQUENCE_NUMBER,"OFFSET",LENGTH,TAG_TYPE,TAG_VALUE,TAG_NAME,DATA_TYPE,CREATE_TIMESTAMP,UPDATE_TIMESTAMP) VALUES ('P1TBS.UNSOLICITED_DATA          ','MP-ecB-bcA                                                                                                                      ',10,0,0,4,'','',0,{ts '2018-06-26 14:43:34.700789'},{ts '2019-04-08 13:45:33.622852'});
INSERT INTO "GALADM"."GAL257TBX" (CLIENT_ID,TAG,SEQUENCE_NUMBER,"OFFSET",LENGTH,TAG_TYPE,TAG_VALUE,TAG_NAME,DATA_TYPE,CREATE_TIMESTAMP,UPDATE_TIMESTAMP) VALUES ('P1TBS.UNSOLICITED_DATA          ','MP-bcA-bcB                                                                                                                      ',11,0,0,4,'','',0,{ts '2018-06-26 14:45:45.613827'},{ts '2019-04-08 13:45:33.622866'});
INSERT INTO "GALADM"."GAL257TBX" (CLIENT_ID,TAG,SEQUENCE_NUMBER,"OFFSET",LENGTH,TAG_TYPE,TAG_VALUE,TAG_NAME,DATA_TYPE,CREATE_TIMESTAMP,UPDATE_TIMESTAMP) VALUES ('P1TBS.UNSOLICITED_DATA          ','MP-bcB-bcC                                                                                                                      ',12,0,0,4,'','',0,{ts '2018-06-26 14:45:45.613885'},{ts '2019-04-08 13:45:33.622880'});
INSERT INTO "GALADM"."GAL257TBX" (CLIENT_ID,TAG,SEQUENCE_NUMBER,"OFFSET",LENGTH,TAG_TYPE,TAG_VALUE,TAG_NAME,DATA_TYPE,CREATE_TIMESTAMP,UPDATE_TIMESTAMP) VALUES ('P1TBS.UNSOLICITED_DATA          ','MP-bcC-bcD                                                                                                                      ',13,0,0,4,'','',0,{ts '2018-06-26 14:45:45.613899'},{ts '2019-04-08 13:45:33.622894'});
INSERT INTO "GALADM"."GAL257TBX" (CLIENT_ID,TAG,SEQUENCE_NUMBER,"OFFSET",LENGTH,TAG_TYPE,TAG_VALUE,TAG_NAME,DATA_TYPE,CREATE_TIMESTAMP,UPDATE_TIMESTAMP) VALUES ('P1TBS.UNSOLICITED_DATA          ','MP-bcD-bcE                                                                                                                      ',14,0,0,4,'','',0,{ts '2018-06-26 14:45:45.613912'},{ts '2019-04-08 13:45:33.622908'});
INSERT INTO "GALADM"."GAL257TBX" (CLIENT_ID,TAG,SEQUENCE_NUMBER,"OFFSET",LENGTH,TAG_TYPE,TAG_VALUE,TAG_NAME,DATA_TYPE,CREATE_TIMESTAMP,UPDATE_TIMESTAMP) VALUES ('P1TBS.UNSOLICITED_DATA          ','MP-bcE-bcF                                                                                                                      ',15,0,0,4,'','',0,{ts '2018-06-26 14:45:45.613935'},null);
INSERT INTO "GALADM"."GAL257TBX" (CLIENT_ID,TAG,SEQUENCE_NUMBER,"OFFSET",LENGTH,TAG_TYPE,TAG_VALUE,TAG_NAME,DATA_TYPE,CREATE_TIMESTAMP,UPDATE_TIMESTAMP) VALUES ('P1TBS.UNSOLICITED_DATA          ','MP-bcF-bcG                                                                                                                      ',16,0,0,4,'','',0,{ts '2018-06-26 14:45:45.613951'},{ts '2019-04-08 13:45:33.622925'});
INSERT INTO "GALADM"."GAL257TBX" (CLIENT_ID,TAG,SEQUENCE_NUMBER,"OFFSET",LENGTH,TAG_TYPE,TAG_VALUE,TAG_NAME,DATA_TYPE,CREATE_TIMESTAMP,UPDATE_TIMESTAMP) VALUES ('P1TBS.UNSOLICITED_DATA          ','MP-bcG-bcH                                                                                                                      ',17,0,0,4,'','',0,{ts '2018-06-26 14:47:25.438351'},{ts '2019-04-08 13:45:33.622939'});
INSERT INTO "GALADM"."GAL257TBX" (CLIENT_ID,TAG,SEQUENCE_NUMBER,"OFFSET",LENGTH,TAG_TYPE,TAG_VALUE,TAG_NAME,DATA_TYPE,CREATE_TIMESTAMP,UPDATE_TIMESTAMP) VALUES ('P1TBS.UNSOLICITED_DATA          ','MP-bcH-ccA                                                                                                                      ',18,0,0,4,'','',0,{ts '2018-06-26 14:47:25.438406'},{ts '2019-04-08 13:45:33.622953'});
INSERT INTO "GALADM"."GAL257TBX" (CLIENT_ID,TAG,SEQUENCE_NUMBER,"OFFSET",LENGTH,TAG_TYPE,TAG_VALUE,TAG_NAME,DATA_TYPE,CREATE_TIMESTAMP,UPDATE_TIMESTAMP) VALUES ('P1TBS.UNSOLICITED_DATA          ','MP-ccA-toA                                                                                                                      ',19,0,0,4,'','',0,{ts '2018-06-26 14:47:25.438419'},{ts '2019-04-08 13:45:33.622966'});
INSERT INTO "GALADM"."GAL257TBX" (CLIENT_ID,TAG,SEQUENCE_NUMBER,"OFFSET",LENGTH,TAG_TYPE,TAG_VALUE,TAG_NAME,DATA_TYPE,CREATE_TIMESTAMP,UPDATE_TIMESTAMP) VALUES ('P1TBS.UNSOLICITED_DATA          ','MP-toA-toB                                                                                                                      ',20,0,0,4,'','',0,{ts '2018-06-26 14:47:25.438430'},{ts '2019-04-08 13:45:33.622980'});
INSERT INTO "GALADM"."GAL257TBX" (CLIENT_ID,TAG,SEQUENCE_NUMBER,"OFFSET",LENGTH,TAG_TYPE,TAG_VALUE,TAG_NAME,DATA_TYPE,CREATE_TIMESTAMP,UPDATE_TIMESTAMP) VALUES ('P1TBS.UNSOLICITED_DATA          ','MP-toB-toC                                                                                                                      ',21,0,0,4,'','',0,{ts '2018-06-26 14:47:25.438441'},{ts '2019-04-08 13:45:33.622994'});
INSERT INTO "GALADM"."GAL257TBX" (CLIENT_ID,TAG,SEQUENCE_NUMBER,"OFFSET",LENGTH,TAG_TYPE,TAG_VALUE,TAG_NAME,DATA_TYPE,CREATE_TIMESTAMP,UPDATE_TIMESTAMP) VALUES ('P1TBS.UNSOLICITED_DATA          ','MP-toC-toD                                                                                                                      ',22,0,0,4,'','',0,{ts '2018-06-26 14:47:25.438451'},{ts '2019-04-08 13:45:33.623008'});
INSERT INTO "GALADM"."GAL257TBX" (CLIENT_ID,TAG,SEQUENCE_NUMBER,"OFFSET",LENGTH,TAG_TYPE,TAG_VALUE,TAG_NAME,DATA_TYPE,CREATE_TIMESTAMP,UPDATE_TIMESTAMP) VALUES ('P1TBS.UNSOLICITED_DATA          ','MP-toC-tsA                                                                                                                      ',23,0,0,4,'','',0,{ts '2018-07-08 13:05:08.610573'},null);
INSERT INTO "GALADM"."GAL257TBX" (CLIENT_ID,TAG,SEQUENCE_NUMBER,"OFFSET",LENGTH,TAG_TYPE,TAG_VALUE,TAG_NAME,DATA_TYPE,CREATE_TIMESTAMP,UPDATE_TIMESTAMP) VALUES ('P1TBS.UNSOLICITED_DATA          ','CP-toC                                                                                                                          ',24,0,0,4,'','',0,{ts '2018-06-26 14:57:36.790010'},{ts '2019-04-08 13:45:33.623022'});
INSERT INTO "GALADM"."GAL257TBX" (CLIENT_ID,TAG,SEQUENCE_NUMBER,"OFFSET",LENGTH,TAG_TYPE,TAG_VALUE,TAG_NAME,DATA_TYPE,CREATE_TIMESTAMP,UPDATE_TIMESTAMP) VALUES ('P1TBS.UNSOLICITED_DATA          ','LF-toD                                                                                                                          ',25,0,0,4,'','',0,{ts '2018-06-26 14:57:56.805709'},{ts '2019-04-08 13:45:33.623039'});
INSERT INTO "GALADM"."GAL257TBX" (CLIENT_ID,TAG,SEQUENCE_NUMBER,"OFFSET",LENGTH,TAG_TYPE,TAG_VALUE,TAG_NAME,DATA_TYPE,CREATE_TIMESTAMP,UPDATE_TIMESTAMP) VALUES ('P1TBS.UNSOLICITED_DATA          ','MP-toD-toF                                                                                                                      ',26,0,0,4,'','',0,{ts '2018-06-26 14:58:45.658018'},{ts '2019-04-08 13:45:33.623053'});
INSERT INTO "GALADM"."GAL257TBX" (CLIENT_ID,TAG,SEQUENCE_NUMBER,"OFFSET",LENGTH,TAG_TYPE,TAG_VALUE,TAG_NAME,DATA_TYPE,CREATE_TIMESTAMP,UPDATE_TIMESTAMP) VALUES ('P1TBS.UNSOLICITED_DATA          ','MP-toF-toG                                                                                                                      ',27,0,0,0,'','',0,{ts '2018-07-08 12:15:01.358282'},{ts '2019-04-08 13:45:33.623067'});
INSERT INTO "GALADM"."GAL257TBX" (CLIENT_ID,TAG,SEQUENCE_NUMBER,"OFFSET",LENGTH,TAG_TYPE,TAG_VALUE,TAG_NAME,DATA_TYPE,CREATE_TIMESTAMP,UPDATE_TIMESTAMP) VALUES ('P1TBS.UNSOLICITED_DATA          ','LF-toE                                                                                                                          ',28,0,0,4,'','',0,{ts '2018-06-26 14:58:45.658076'},{ts '2019-04-08 13:45:33.623081'});
INSERT INTO "GALADM"."GAL257TBX" (CLIENT_ID,TAG,SEQUENCE_NUMBER,"OFFSET",LENGTH,TAG_TYPE,TAG_VALUE,TAG_NAME,DATA_TYPE,CREATE_TIMESTAMP,UPDATE_TIMESTAMP) VALUES ('P1TBS.UNSOLICITED_DATA          ','CS-P13-SD1                                                                                                                      ',29,0,0,4,'','',0,{ts '2019-04-08 13:40:47.989484'},null);
INSERT INTO "GALADM"."GAL257TBX" (CLIENT_ID,TAG,SEQUENCE_NUMBER,"OFFSET",LENGTH,TAG_TYPE,TAG_VALUE,TAG_NAME,DATA_TYPE,CREATE_TIMESTAMP,UPDATE_TIMESTAMP) VALUES ('P1TBS.UNSOLICITED_DATA          ','CB-P13-B5P13                                                                                                                    ',30,0,0,4,'','',0,{ts '2019-04-08 13:40:47.989977'},null);
INSERT INTO "GALADM"."GAL257TBX" (CLIENT_ID,TAG,SEQUENCE_NUMBER,"OFFSET",LENGTH,TAG_TYPE,TAG_VALUE,TAG_NAME,DATA_TYPE,CREATE_TIMESTAMP,UPDATE_TIMESTAMP) VALUES ('P1TBS.UNSOLICITED_DATA          ','MP-toE-tsA                                                                                                                      ',31,0,0,4,'','',0,{ts '2018-06-26 15:01:20.580362'},{ts '2019-04-08 13:45:33.623100'});
INSERT INTO "GALADM"."GAL257TBX" (CLIENT_ID,TAG,SEQUENCE_NUMBER,"OFFSET",LENGTH,TAG_TYPE,TAG_VALUE,TAG_NAME,DATA_TYPE,CREATE_TIMESTAMP,UPDATE_TIMESTAMP) VALUES ('P1TBS.UNSOLICITED_DATA          ','CP-toG                                                                                                                          ',32,0,0,4,'','',0,{ts '2018-06-26 15:01:20.580431'},{ts '2019-04-08 13:45:33.623113'});
INSERT INTO "GALADM"."GAL257TBX" (CLIENT_ID,TAG,SEQUENCE_NUMBER,"OFFSET",LENGTH,TAG_TYPE,TAG_VALUE,TAG_NAME,DATA_TYPE,CREATE_TIMESTAMP,UPDATE_TIMESTAMP) VALUES ('P1TBS.UNSOLICITED_DATA          ','MP-toG-toH                                                                                                                      ',33,0,0,4,'','',0,{ts '2018-06-26 15:15:58.154240'},{ts '2019-04-08 13:45:33.623128'});
INSERT INTO "GALADM"."GAL257TBX" (CLIENT_ID,TAG,SEQUENCE_NUMBER,"OFFSET",LENGTH,TAG_TYPE,TAG_VALUE,TAG_NAME,DATA_TYPE,CREATE_TIMESTAMP,UPDATE_TIMESTAMP) VALUES ('P1TBS.UNSOLICITED_DATA          ','MP-toG-toJ                                                                                                                      ',34,0,0,4,'','',0,{ts '2018-06-26 15:15:58.154298'},{ts '2019-04-08 13:45:33.623141'});
INSERT INTO "GALADM"."GAL257TBX" (CLIENT_ID,TAG,SEQUENCE_NUMBER,"OFFSET",LENGTH,TAG_TYPE,TAG_VALUE,TAG_NAME,DATA_TYPE,CREATE_TIMESTAMP,UPDATE_TIMESTAMP) VALUES ('P1TBS.UNSOLICITED_DATA          ','LF-toH                                                                                                                          ',35,0,0,4,'','',0,{ts '2018-06-26 15:15:58.154312'},{ts '2019-04-08 13:45:33.623157'});
INSERT INTO "GALADM"."GAL257TBX" (CLIENT_ID,TAG,SEQUENCE_NUMBER,"OFFSET",LENGTH,TAG_TYPE,TAG_VALUE,TAG_NAME,DATA_TYPE,CREATE_TIMESTAMP,UPDATE_TIMESTAMP) VALUES ('P1TBS.UNSOLICITED_DATA          ','MP-toH-toK                                                                                                                      ',36,0,0,4,'','',0,{ts '2018-06-26 15:15:58.154323'},{ts '2019-04-08 13:45:33.623171'});
INSERT INTO "GALADM"."GAL257TBX" (CLIENT_ID,TAG,SEQUENCE_NUMBER,"OFFSET",LENGTH,TAG_TYPE,TAG_VALUE,TAG_NAME,DATA_TYPE,CREATE_TIMESTAMP,UPDATE_TIMESTAMP) VALUES ('P1TBS.UNSOLICITED_DATA          ','CP-toH                                                                                                                          ',37,0,0,4,'','',0,{ts '2018-06-26 15:15:58.154395'},{ts '2019-04-08 13:45:33.623186'});
INSERT INTO "GALADM"."GAL257TBX" (CLIENT_ID,TAG,SEQUENCE_NUMBER,"OFFSET",LENGTH,TAG_TYPE,TAG_VALUE,TAG_NAME,DATA_TYPE,CREATE_TIMESTAMP,UPDATE_TIMESTAMP) VALUES ('P1TBS.UNSOLICITED_DATA          ','LF-toJ                                                                                                                          ',38,0,0,4,'','',0,{ts '2018-06-26 15:15:58.154406'},{ts '2019-04-08 13:45:33.623200'});
INSERT INTO "GALADM"."GAL257TBX" (CLIENT_ID,TAG,SEQUENCE_NUMBER,"OFFSET",LENGTH,TAG_TYPE,TAG_VALUE,TAG_NAME,DATA_TYPE,CREATE_TIMESTAMP,UPDATE_TIMESTAMP) VALUES ('P1TBS.UNSOLICITED_DATA          ','CS-P9A-T2                                                                                                                       ',39,0,0,4,'','',0,{ts '2019-04-08 13:41:54.397470'},null);
INSERT INTO "GALADM"."GAL257TBX" (CLIENT_ID,TAG,SEQUENCE_NUMBER,"OFFSET",LENGTH,TAG_TYPE,TAG_VALUE,TAG_NAME,DATA_TYPE,CREATE_TIMESTAMP,UPDATE_TIMESTAMP) VALUES ('P1TBS.UNSOLICITED_DATA          ','CB-TBD1                                                                                                                         ',40,0,0,4,'','',0,{ts '2018-06-26 15:21:03.203704'},{ts '2019-04-08 13:45:33.623214'});
INSERT INTO "GALADM"."GAL257TBX" (CLIENT_ID,TAG,SEQUENCE_NUMBER,"OFFSET",LENGTH,TAG_TYPE,TAG_VALUE,TAG_NAME,DATA_TYPE,CREATE_TIMESTAMP,UPDATE_TIMESTAMP) VALUES ('P1TBS.UNSOLICITED_DATA          ','MP-toJ-toK                                                                                                                      ',41,0,0,4,'','',0,{ts '2018-06-26 15:21:03.203718'},{ts '2019-04-08 13:45:33.623228'});
INSERT INTO "GALADM"."GAL257TBX" (CLIENT_ID,TAG,SEQUENCE_NUMBER,"OFFSET",LENGTH,TAG_TYPE,TAG_VALUE,TAG_NAME,DATA_TYPE,CREATE_TIMESTAMP,UPDATE_TIMESTAMP) VALUES ('P1TBS.UNSOLICITED_DATA          ','CP-toJ                                                                                                                          ',42,0,0,4,'','',0,{ts '2018-06-26 15:24:15.386302'},{ts '2019-04-08 13:45:33.623242'});
INSERT INTO "GALADM"."GAL257TBX" (CLIENT_ID,TAG,SEQUENCE_NUMBER,"OFFSET",LENGTH,TAG_TYPE,TAG_VALUE,TAG_NAME,DATA_TYPE,CREATE_TIMESTAMP,UPDATE_TIMESTAMP) VALUES ('P1TBS.UNSOLICITED_DATA          ','LF-toK                                                                                                                          ',43,0,0,4,'','',0,{ts '2018-06-26 15:24:15.386442'},{ts '2019-04-08 13:45:33.623256'});
INSERT INTO "GALADM"."GAL257TBX" (CLIENT_ID,TAG,SEQUENCE_NUMBER,"OFFSET",LENGTH,TAG_TYPE,TAG_VALUE,TAG_NAME,DATA_TYPE,CREATE_TIMESTAMP,UPDATE_TIMESTAMP) VALUES ('P1TBS.UNSOLICITED_DATA          ','CB-TBD2                                                                                                                         ',44,0,0,4,'','',0,{ts '2018-06-26 15:24:15.386455'},{ts '2019-04-08 13:45:33.623272'});
INSERT INTO "GALADM"."GAL257TBX" (CLIENT_ID,TAG,SEQUENCE_NUMBER,"OFFSET",LENGTH,TAG_TYPE,TAG_VALUE,TAG_NAME,DATA_TYPE,CREATE_TIMESTAMP,UPDATE_TIMESTAMP) VALUES ('P1TBS.UNSOLICITED_DATA          ','MP-tsA-tsB                                                                                                                      ',45,0,0,4,'','',0,{ts '2018-06-26 15:29:25.916440'},{ts '2019-04-08 13:45:33.623286'});
INSERT INTO "GALADM"."GAL257TBX" (CLIENT_ID,TAG,SEQUENCE_NUMBER,"OFFSET",LENGTH,TAG_TYPE,TAG_VALUE,TAG_NAME,DATA_TYPE,CREATE_TIMESTAMP,UPDATE_TIMESTAMP) VALUES ('P1TBS.UNSOLICITED_DATA          ','MP-tsB-tsC                                                                                                                      ',46,0,0,4,'','',0,{ts '2018-06-26 15:29:25.916496'},{ts '2019-04-08 13:45:33.623300'});
INSERT INTO "GALADM"."GAL257TBX" (CLIENT_ID,TAG,SEQUENCE_NUMBER,"OFFSET",LENGTH,TAG_TYPE,TAG_VALUE,TAG_NAME,DATA_TYPE,CREATE_TIMESTAMP,UPDATE_TIMESTAMP) VALUES ('P1TBS.UNSOLICITED_DATA          ','CP-tsC                                                                                                                          ',47,0,0,4,'','',0,{ts '2018-06-26 15:29:25.916510'},{ts '2019-04-08 13:45:33.623314'});
INSERT INTO "GALADM"."GAL257TBX" (CLIENT_ID,TAG,SEQUENCE_NUMBER,"OFFSET",LENGTH,TAG_TYPE,TAG_VALUE,TAG_NAME,DATA_TYPE,CREATE_TIMESTAMP,UPDATE_TIMESTAMP) VALUES ('P1TBS.UNSOLICITED_DATA          ','MP-tsC-tsD                                                                                                                      ',48,0,0,4,'','',0,{ts '2018-06-26 15:29:49.132830'},{ts '2019-04-08 13:45:33.623328'});
INSERT INTO "GALADM"."GAL257TBX" (CLIENT_ID,TAG,SEQUENCE_NUMBER,"OFFSET",LENGTH,TAG_TYPE,TAG_VALUE,TAG_NAME,DATA_TYPE,CREATE_TIMESTAMP,UPDATE_TIMESTAMP) VALUES ('P1TBS.UNSOLICITED_DATA          ','MP-tsC-tsE                                                                                                                      ',49,0,0,4,'','',0,{ts '2018-06-27 08:28:17.498651'},{ts '2019-04-08 13:45:33.623341'});
INSERT INTO "GALADM"."GAL257TBX" (CLIENT_ID,TAG,SEQUENCE_NUMBER,"OFFSET",LENGTH,TAG_TYPE,TAG_VALUE,TAG_NAME,DATA_TYPE,CREATE_TIMESTAMP,UPDATE_TIMESTAMP) VALUES ('P1TBS.UNSOLICITED_DATA          ','LF-tsD                                                                                                                          ',50,0,0,4,'','',0,{ts '2018-06-27 08:28:17.498724'},{ts '2019-04-08 13:45:33.623355'});
INSERT INTO "GALADM"."GAL257TBX" (CLIENT_ID,TAG,SEQUENCE_NUMBER,"OFFSET",LENGTH,TAG_TYPE,TAG_VALUE,TAG_NAME,DATA_TYPE,CREATE_TIMESTAMP,UPDATE_TIMESTAMP) VALUES ('P1TBS.UNSOLICITED_DATA          ','MP-tsD-tsG                                                                                                                      ',51,0,0,4,'','',0,{ts '2018-06-27 08:28:17.498739'},{ts '2019-04-08 13:45:33.623369'});
INSERT INTO "GALADM"."GAL257TBX" (CLIENT_ID,TAG,SEQUENCE_NUMBER,"OFFSET",LENGTH,TAG_TYPE,TAG_VALUE,TAG_NAME,DATA_TYPE,CREATE_TIMESTAMP,UPDATE_TIMESTAMP) VALUES ('P1TBS.UNSOLICITED_DATA          ','LF-tsE                                                                                                                          ',52,0,0,4,'','',0,{ts '2018-06-27 08:28:17.498750'},{ts '2019-04-08 13:45:33.623384'});
INSERT INTO "GALADM"."GAL257TBX" (CLIENT_ID,TAG,SEQUENCE_NUMBER,"OFFSET",LENGTH,TAG_TYPE,TAG_VALUE,TAG_NAME,DATA_TYPE,CREATE_TIMESTAMP,UPDATE_TIMESTAMP) VALUES ('P1TBS.UNSOLICITED_DATA          ','CS-P14-T6                                                                                                                       ',53,0,0,4,'','',0,{ts '2019-04-08 13:41:54.397562'},null);
INSERT INTO "GALADM"."GAL257TBX" (CLIENT_ID,TAG,SEQUENCE_NUMBER,"OFFSET",LENGTH,TAG_TYPE,TAG_VALUE,TAG_NAME,DATA_TYPE,CREATE_TIMESTAMP,UPDATE_TIMESTAMP) VALUES ('P1TBS.UNSOLICITED_DATA          ','CS-P14-T7                                                                                                                       ',54,0,0,4,'','',0,{ts '2019-04-08 13:41:54.397598'},null);
INSERT INTO "GALADM"."GAL257TBX" (CLIENT_ID,TAG,SEQUENCE_NUMBER,"OFFSET",LENGTH,TAG_TYPE,TAG_VALUE,TAG_NAME,DATA_TYPE,CREATE_TIMESTAMP,UPDATE_TIMESTAMP) VALUES ('P1TBS.UNSOLICITED_DATA          ','CB-P14-B1P14                                                                                                                    ',55,0,0,4,'','',0,{ts '2019-04-08 13:41:54.397616'},null);
INSERT INTO "GALADM"."GAL257TBX" (CLIENT_ID,TAG,SEQUENCE_NUMBER,"OFFSET",LENGTH,TAG_TYPE,TAG_VALUE,TAG_NAME,DATA_TYPE,CREATE_TIMESTAMP,UPDATE_TIMESTAMP) VALUES ('P1TBS.UNSOLICITED_DATA          ','CP-tsE                                                                                                                          ',56,0,0,4,'','',0,{ts '2018-06-27 08:35:20.230878'},{ts '2019-04-08 13:45:33.623398'});
INSERT INTO "GALADM"."GAL257TBX" (CLIENT_ID,TAG,SEQUENCE_NUMBER,"OFFSET",LENGTH,TAG_TYPE,TAG_VALUE,TAG_NAME,DATA_TYPE,CREATE_TIMESTAMP,UPDATE_TIMESTAMP) VALUES ('P1TBS.UNSOLICITED_DATA          ','MP-tsE-tsF                                                                                                                      ',57,0,0,4,'','',0,{ts '2018-06-27 08:35:20.230968'},{ts '2019-04-08 13:45:33.623412'});
INSERT INTO "GALADM"."GAL257TBX" (CLIENT_ID,TAG,SEQUENCE_NUMBER,"OFFSET",LENGTH,TAG_TYPE,TAG_VALUE,TAG_NAME,DATA_TYPE,CREATE_TIMESTAMP,UPDATE_TIMESTAMP) VALUES ('P1TBS.UNSOLICITED_DATA          ','MP-tsE-tsH                                                                                                                      ',58,0,0,4,'','',0,{ts '2018-06-27 08:35:20.230983'},{ts '2019-04-08 13:45:33.623426'});
INSERT INTO "GALADM"."GAL257TBX" (CLIENT_ID,TAG,SEQUENCE_NUMBER,"OFFSET",LENGTH,TAG_TYPE,TAG_VALUE,TAG_NAME,DATA_TYPE,CREATE_TIMESTAMP,UPDATE_TIMESTAMP) VALUES ('P1TBS.UNSOLICITED_DATA          ','CPLF-tsF                                                                                                                        ',59,0,0,4,'','',0,{ts '2018-06-27 08:35:20.231354'},{ts '2019-04-08 13:45:33.623440'});
INSERT INTO "GALADM"."GAL257TBX" (CLIENT_ID,TAG,SEQUENCE_NUMBER,"OFFSET",LENGTH,TAG_TYPE,TAG_VALUE,TAG_NAME,DATA_TYPE,CREATE_TIMESTAMP,UPDATE_TIMESTAMP) VALUES ('P1TBS.UNSOLICITED_DATA          ','MP-tsF-tsI                                                                                                                      ',60,0,0,4,'','',0,{ts '2018-06-27 08:35:20.231385'},{ts '2019-04-08 13:45:33.623526'});
INSERT INTO "GALADM"."GAL257TBX" (CLIENT_ID,TAG,SEQUENCE_NUMBER,"OFFSET",LENGTH,TAG_TYPE,TAG_VALUE,TAG_NAME,DATA_TYPE,CREATE_TIMESTAMP,UPDATE_TIMESTAMP) VALUES ('P1TBS.UNSOLICITED_DATA          ','MP-tsF-ssE                                                                                                                      ',61,0,0,4,'','',0,{ts '2018-06-27 08:35:20.231396'},{ts '2019-04-08 13:45:33.623541'});
INSERT INTO "GALADM"."GAL257TBX" (CLIENT_ID,TAG,SEQUENCE_NUMBER,"OFFSET",LENGTH,TAG_TYPE,TAG_VALUE,TAG_NAME,DATA_TYPE,CREATE_TIMESTAMP,UPDATE_TIMESTAMP) VALUES ('P1TBS.UNSOLICITED_DATA          ','LF-tsH                                                                                                                          ',62,0,0,4,'','',0,{ts '2018-06-27 08:35:20.231407'},{ts '2019-04-08 13:45:33.623555'});
INSERT INTO "GALADM"."GAL257TBX" (CLIENT_ID,TAG,SEQUENCE_NUMBER,"OFFSET",LENGTH,TAG_TYPE,TAG_VALUE,TAG_NAME,DATA_TYPE,CREATE_TIMESTAMP,UPDATE_TIMESTAMP) VALUES ('P1TBS.UNSOLICITED_DATA          ','CB-P14-B3P14                                                                                                                    ',63,0,0,4,'','',0,{ts '2019-04-08 13:42:18.294744'},null);
INSERT INTO "GALADM"."GAL257TBX" (CLIENT_ID,TAG,SEQUENCE_NUMBER,"OFFSET",LENGTH,TAG_TYPE,TAG_VALUE,TAG_NAME,DATA_TYPE,CREATE_TIMESTAMP,UPDATE_TIMESTAMP) VALUES ('P1TBS.UNSOLICITED_DATA          ','MP-tsH-tsK                                                                                                                      ',64,0,0,4,'','',0,{ts '2018-06-27 08:35:20.231428'},{ts '2019-04-08 13:45:33.623571'});
INSERT INTO "GALADM"."GAL257TBX" (CLIENT_ID,TAG,SEQUENCE_NUMBER,"OFFSET",LENGTH,TAG_TYPE,TAG_VALUE,TAG_NAME,DATA_TYPE,CREATE_TIMESTAMP,UPDATE_TIMESTAMP) VALUES ('P1TBS.UNSOLICITED_DATA          ','LF-tsI                                                                                                                          ',65,0,0,4,'','',0,{ts '2018-06-27 08:35:20.231441'},{ts '2019-04-08 13:45:33.623585'});
INSERT INTO "GALADM"."GAL257TBX" (CLIENT_ID,TAG,SEQUENCE_NUMBER,"OFFSET",LENGTH,TAG_TYPE,TAG_VALUE,TAG_NAME,DATA_TYPE,CREATE_TIMESTAMP,UPDATE_TIMESTAMP) VALUES ('P1TBS.UNSOLICITED_DATA          ','MP-tsI-tsL                                                                                                                      ',66,0,0,4,'','',0,{ts '2018-06-27 08:39:34.953501'},{ts '2019-04-08 13:45:33.623599'});
INSERT INTO "GALADM"."GAL257TBX" (CLIENT_ID,TAG,SEQUENCE_NUMBER,"OFFSET",LENGTH,TAG_TYPE,TAG_VALUE,TAG_NAME,DATA_TYPE,CREATE_TIMESTAMP,UPDATE_TIMESTAMP) VALUES ('P1TBS.UNSOLICITED_DATA          ','MP-tsG-tsJ                                                                                                                      ',67,0,0,4,'','',0,{ts '2018-06-27 08:39:34.953560'},{ts '2019-04-08 13:45:33.623613'});
INSERT INTO "GALADM"."GAL257TBX" (CLIENT_ID,TAG,SEQUENCE_NUMBER,"OFFSET",LENGTH,TAG_TYPE,TAG_VALUE,TAG_NAME,DATA_TYPE,CREATE_TIMESTAMP,UPDATE_TIMESTAMP) VALUES ('P1TBS.UNSOLICITED_DATA          ','CP-tsL                                                                                                                          ',68,0,0,4,'','',0,{ts '2018-06-27 08:39:34.953575'},{ts '2019-04-08 13:45:33.623627'});
INSERT INTO "GALADM"."GAL257TBX" (CLIENT_ID,TAG,SEQUENCE_NUMBER,"OFFSET",LENGTH,TAG_TYPE,TAG_VALUE,TAG_NAME,DATA_TYPE,CREATE_TIMESTAMP,UPDATE_TIMESTAMP) VALUES ('P1TBS.UNSOLICITED_DATA          ','MP-tsL-tsN                                                                                                                      ',69,0,0,4,'','',0,{ts '2018-06-27 08:39:34.953586'},{ts '2019-04-08 13:45:33.623641'});
INSERT INTO "GALADM"."GAL257TBX" (CLIENT_ID,TAG,SEQUENCE_NUMBER,"OFFSET",LENGTH,TAG_TYPE,TAG_VALUE,TAG_NAME,DATA_TYPE,CREATE_TIMESTAMP,UPDATE_TIMESTAMP) VALUES ('P1TBS.UNSOLICITED_DATA          ','MP-tsL-tsM                                                                                                                      ',70,0,0,4,'','',0,{ts '2018-06-27 08:39:34.953597'},{ts '2019-04-08 13:45:33.623655'});
INSERT INTO "GALADM"."GAL257TBX" (CLIENT_ID,TAG,SEQUENCE_NUMBER,"OFFSET",LENGTH,TAG_TYPE,TAG_VALUE,TAG_NAME,DATA_TYPE,CREATE_TIMESTAMP,UPDATE_TIMESTAMP) VALUES ('P1TBS.UNSOLICITED_DATA          ','CP-tsK                                                                                                                          ',71,0,0,4,'','',0,{ts '2018-06-27 08:39:34.953608'},{ts '2019-04-08 13:45:33.623668'});
INSERT INTO "GALADM"."GAL257TBX" (CLIENT_ID,TAG,SEQUENCE_NUMBER,"OFFSET",LENGTH,TAG_TYPE,TAG_VALUE,TAG_NAME,DATA_TYPE,CREATE_TIMESTAMP,UPDATE_TIMESTAMP) VALUES ('P1TBS.UNSOLICITED_DATA          ','MP-tsK-tsN                                                                                                                      ',72,0,0,4,'','',0,{ts '2018-06-27 08:39:34.953618'},{ts '2019-04-08 13:45:33.623685'});
INSERT INTO "GALADM"."GAL257TBX" (CLIENT_ID,TAG,SEQUENCE_NUMBER,"OFFSET",LENGTH,TAG_TYPE,TAG_VALUE,TAG_NAME,DATA_TYPE,CREATE_TIMESTAMP,UPDATE_TIMESTAMP) VALUES ('P1TBS.UNSOLICITED_DATA          ','MP-tsK-tsM                                                                                                                      ',73,0,0,4,'','',0,{ts '2018-06-27 08:39:34.953629'},{ts '2019-04-08 13:45:33.623699'});
INSERT INTO "GALADM"."GAL257TBX" (CLIENT_ID,TAG,SEQUENCE_NUMBER,"OFFSET",LENGTH,TAG_TYPE,TAG_VALUE,TAG_NAME,DATA_TYPE,CREATE_TIMESTAMP,UPDATE_TIMESTAMP) VALUES ('P1TBS.UNSOLICITED_DATA          ','CP-tsJ                                                                                                                          ',74,0,0,4,'','',0,{ts '2018-06-27 08:39:34.953652'},{ts '2019-04-08 13:45:33.623712'});
INSERT INTO "GALADM"."GAL257TBX" (CLIENT_ID,TAG,SEQUENCE_NUMBER,"OFFSET",LENGTH,TAG_TYPE,TAG_VALUE,TAG_NAME,DATA_TYPE,CREATE_TIMESTAMP,UPDATE_TIMESTAMP) VALUES ('P1TBS.UNSOLICITED_DATA          ','MP-tsJ-tsN                                                                                                                      ',75,0,0,4,'','',0,{ts '2018-06-27 08:39:34.953662'},{ts '2019-04-08 13:45:33.623728'});
INSERT INTO "GALADM"."GAL257TBX" (CLIENT_ID,TAG,SEQUENCE_NUMBER,"OFFSET",LENGTH,TAG_TYPE,TAG_VALUE,TAG_NAME,DATA_TYPE,CREATE_TIMESTAMP,UPDATE_TIMESTAMP) VALUES ('P1TBS.UNSOLICITED_DATA          ','MP-tsJ-tsM                                                                                                                      ',76,0,0,4,'','',0,{ts '2018-06-27 08:42:05.681230'},{ts '2019-04-08 13:45:33.623742'});
INSERT INTO "GALADM"."GAL257TBX" (CLIENT_ID,TAG,SEQUENCE_NUMBER,"OFFSET",LENGTH,TAG_TYPE,TAG_VALUE,TAG_NAME,DATA_TYPE,CREATE_TIMESTAMP,UPDATE_TIMESTAMP) VALUES ('P1TBS.UNSOLICITED_DATA          ','LF-tsM                                                                                                                          ',77,0,0,4,'','',0,{ts '2018-06-27 08:42:05.681323'},{ts '2019-04-08 13:45:33.623756'});
INSERT INTO "GALADM"."GAL257TBX" (CLIENT_ID,TAG,SEQUENCE_NUMBER,"OFFSET",LENGTH,TAG_TYPE,TAG_VALUE,TAG_NAME,DATA_TYPE,CREATE_TIMESTAMP,UPDATE_TIMESTAMP) VALUES ('P1TBS.UNSOLICITED_DATA          ','MP-tsM-tsO                                                                                                                      ',78,0,0,4,'','',0,{ts '2018-06-27 08:42:05.681336'},{ts '2019-04-08 13:45:33.623770'});
INSERT INTO "GALADM"."GAL257TBX" (CLIENT_ID,TAG,SEQUENCE_NUMBER,"OFFSET",LENGTH,TAG_TYPE,TAG_VALUE,TAG_NAME,DATA_TYPE,CREATE_TIMESTAMP,UPDATE_TIMESTAMP) VALUES ('P1TBS.UNSOLICITED_DATA          ','LF-tsN                                                                                                                          ',79,0,0,4,'','',0,{ts '2018-06-27 08:42:05.681398'},{ts '2019-04-08 13:45:33.623784'});
INSERT INTO "GALADM"."GAL257TBX" (CLIENT_ID,TAG,SEQUENCE_NUMBER,"OFFSET",LENGTH,TAG_TYPE,TAG_VALUE,TAG_NAME,DATA_TYPE,CREATE_TIMESTAMP,UPDATE_TIMESTAMP) VALUES ('P1TBS.UNSOLICITED_DATA          ','CB-P14-B4P14                                                                                                                    ',80,0,0,4,'','',0,{ts '2019-04-08 13:43:11.630879'},null);
INSERT INTO "GALADM"."GAL257TBX" (CLIENT_ID,TAG,SEQUENCE_NUMBER,"OFFSET",LENGTH,TAG_TYPE,TAG_VALUE,TAG_NAME,DATA_TYPE,CREATE_TIMESTAMP,UPDATE_TIMESTAMP) VALUES ('P1TBS.UNSOLICITED_DATA          ','MP-tsN-tsP                                                                                                                      ',81,0,0,4,'','',0,{ts '2018-06-27 08:42:05.681434'},{ts '2019-04-08 13:45:33.623800'});
INSERT INTO "GALADM"."GAL257TBX" (CLIENT_ID,TAG,SEQUENCE_NUMBER,"OFFSET",LENGTH,TAG_TYPE,TAG_VALUE,TAG_NAME,DATA_TYPE,CREATE_TIMESTAMP,UPDATE_TIMESTAMP) VALUES ('P1TBS.UNSOLICITED_DATA          ','CP-tsO                                                                                                                          ',82,0,0,4,'','',0,{ts '2018-06-27 08:42:05.681445'},{ts '2019-04-08 13:45:33.623814'});
INSERT INTO "GALADM"."GAL257TBX" (CLIENT_ID,TAG,SEQUENCE_NUMBER,"OFFSET",LENGTH,TAG_TYPE,TAG_VALUE,TAG_NAME,DATA_TYPE,CREATE_TIMESTAMP,UPDATE_TIMESTAMP) VALUES ('P1TBS.UNSOLICITED_DATA          ','MP-tsO-tsQ                                                                                                                      ',83,0,0,4,'','',0,{ts '2018-06-27 08:42:05.681456'},{ts '2019-04-08 13:45:33.623827'});
INSERT INTO "GALADM"."GAL257TBX" (CLIENT_ID,TAG,SEQUENCE_NUMBER,"OFFSET",LENGTH,TAG_TYPE,TAG_VALUE,TAG_NAME,DATA_TYPE,CREATE_TIMESTAMP,UPDATE_TIMESTAMP) VALUES ('P1TBS.UNSOLICITED_DATA          ','CP-tsP                                                                                                                          ',84,0,0,4,'','',0,{ts '2018-06-27 08:42:05.681468'},{ts '2019-04-08 13:45:33.623841'});
INSERT INTO "GALADM"."GAL257TBX" (CLIENT_ID,TAG,SEQUENCE_NUMBER,"OFFSET",LENGTH,TAG_TYPE,TAG_VALUE,TAG_NAME,DATA_TYPE,CREATE_TIMESTAMP,UPDATE_TIMESTAMP) VALUES ('P1TBS.UNSOLICITED_DATA          ','MP-tsP-tsQ                                                                                                                      ',85,0,0,4,'','',0,{ts '2018-06-27 08:42:05.681478'},{ts '2019-04-08 13:45:33.623855'});
INSERT INTO "GALADM"."GAL257TBX" (CLIENT_ID,TAG,SEQUENCE_NUMBER,"OFFSET",LENGTH,TAG_TYPE,TAG_VALUE,TAG_NAME,DATA_TYPE,CREATE_TIMESTAMP,UPDATE_TIMESTAMP) VALUES ('P1TBS.UNSOLICITED_DATA          ','LF-tsQ                                                                                                                          ',86,0,0,4,'','',0,{ts '2018-06-27 08:55:26.731139'},{ts '2019-04-08 13:45:33.623868'});
INSERT INTO "GALADM"."GAL257TBX" (CLIENT_ID,TAG,SEQUENCE_NUMBER,"OFFSET",LENGTH,TAG_TYPE,TAG_VALUE,TAG_NAME,DATA_TYPE,CREATE_TIMESTAMP,UPDATE_TIMESTAMP) VALUES ('P1TBS.UNSOLICITED_DATA          ','CB-P14-B5P14                                                                                                                    ',87,0,0,4,'','',0,{ts '2019-04-08 13:43:11.630952'},null);
INSERT INTO "GALADM"."GAL257TBX" (CLIENT_ID,TAG,SEQUENCE_NUMBER,"OFFSET",LENGTH,TAG_TYPE,TAG_VALUE,TAG_NAME,DATA_TYPE,CREATE_TIMESTAMP,UPDATE_TIMESTAMP) VALUES ('P1TBS.UNSOLICITED_DATA          ','MP-tsQ-toF                                                                                                                      ',88,0,0,4,'','',0,{ts '2018-06-27 08:55:26.731209'},{ts '2019-04-08 13:45:33.623882'});
INSERT INTO "GALADM"."GAL257TBX" (CLIENT_ID,TAG,SEQUENCE_NUMBER,"OFFSET",LENGTH,TAG_TYPE,TAG_VALUE,TAG_NAME,DATA_TYPE,CREATE_TIMESTAMP,UPDATE_TIMESTAMP) VALUES ('P1TBS.UNSOLICITED_DATA          ','LF-tsA                                                                                                                          ',28,0,0,4,'','',0,{ts '2019-04-11 10:12:16.563752'},null);
INSERT INTO "GALADM"."GAL257TBX" (CLIENT_ID,TAG,SEQUENCE_NUMBER,"OFFSET",LENGTH,TAG_TYPE,TAG_VALUE,TAG_NAME,DATA_TYPE,CREATE_TIMESTAMP,UPDATE_TIMESTAMP) VALUES ('P1TBS.MR-toC-tsA                ','MR-toC-tsA                                                                                                                      ',1,0,0,4,'','',0,{ts '2019-04-11 10:09:38.786337'},null);
INSERT INTO "GALADM"."GAL257TBX" (CLIENT_ID,TAG,SEQUENCE_NUMBER,"OFFSET",LENGTH,TAG_TYPE,TAG_VALUE,TAG_NAME,DATA_TYPE,CREATE_TIMESTAMP,UPDATE_TIMESTAMP) VALUES ('P1TBS.MR-toL-toJ                ','MR-toL-toJ                                                                                                                      ',1,0,0,4,'','',0,{ts '2019-04-11 10:04:54.267124'},null);
INSERT INTO "GALADM"."GAL257TBX" (CLIENT_ID,TAG,SEQUENCE_NUMBER,"OFFSET",LENGTH,TAG_TYPE,TAG_VALUE,TAG_NAME,DATA_TYPE,CREATE_TIMESTAMP,UPDATE_TIMESTAMP) VALUES ('P1TBS.MR-toL-toH                ','MR-toL-toH                                                                                                                      ',1,0,0,4,'','',0,{ts '2019-04-11 10:03:27.591290'},null);
INSERT INTO "GALADM"."GAL257TBX" (CLIENT_ID,TAG,SEQUENCE_NUMBER,"OFFSET",LENGTH,TAG_TYPE,TAG_VALUE,TAG_NAME,DATA_TYPE,CREATE_TIMESTAMP,UPDATE_TIMESTAMP) VALUES ('P1TBS.UNSOLICITED_DATA          ','MP-toL-toJ                                                                                                                      ',34,0,0,4,'','',0,{ts '2019-04-11 09:58:15.910580'},null);
INSERT INTO "GALADM"."GAL257TBX" (CLIENT_ID,TAG,SEQUENCE_NUMBER,"OFFSET",LENGTH,TAG_TYPE,TAG_VALUE,TAG_NAME,DATA_TYPE,CREATE_TIMESTAMP,UPDATE_TIMESTAMP) VALUES ('P1TBS.UNSOLICITED_DATA          ','MP-toL-toH                                                                                                                      ',33,0,0,4,'','',0,{ts '2019-04-11 09:58:15.910564'},null);
INSERT INTO "GALADM"."GAL257TBX" (CLIENT_ID,TAG,SEQUENCE_NUMBER,"OFFSET",LENGTH,TAG_TYPE,TAG_VALUE,TAG_NAME,DATA_TYPE,CREATE_TIMESTAMP,UPDATE_TIMESTAMP) VALUES ('P1TBS.UNSOLICITED_DATA          ','CP-toL                                                                                                                          ',32,0,0,4,'','',0,{ts '2019-04-11 09:58:15.910258'},null);
INSERT INTO "GALADM"."GAL257TBX" (CLIENT_ID,TAG,SEQUENCE_NUMBER,"OFFSET",LENGTH,TAG_TYPE,TAG_VALUE,TAG_NAME,DATA_TYPE,CREATE_TIMESTAMP,UPDATE_TIMESTAMP) VALUES ('P1TBS.UNSOLICITED_DATA          ','MP-toG-toL                                                                                                                      ',90,0,0,4,'','',0,{ts '2019-04-11 09:57:23.600598'},null);
INSERT INTO "GALADM"."GAL257TBX" (CLIENT_ID,TAG,SEQUENCE_NUMBER,"OFFSET",LENGTH,TAG_TYPE,TAG_VALUE,TAG_NAME,DATA_TYPE,CREATE_TIMESTAMP,UPDATE_TIMESTAMP) VALUES ('P1TBS.UNSOLICITED_DATA          ','MP-ssZ-ssA                                                                                                                      ',89,0,0,4,'','',0,{ts '2019-04-11 09:25:39.705225'},null);
INSERT INTO "GALADM"."GAL257TBX" (CLIENT_ID,TAG,SEQUENCE_NUMBER,"OFFSET",LENGTH,TAG_TYPE,TAG_VALUE,TAG_NAME,DATA_TYPE,CREATE_TIMESTAMP,UPDATE_TIMESTAMP) VALUES ('P1TBS.RDR-ssZ                   ','RDR-ssZ                                                                                                                         ',1,0,6,4,'','',4,{ts '2019-04-11 09:23:56.337908'},null);
 
INSERT INTO "GALADM"."GTS_AREA_TBX" (TRACKING_AREA,AREA_DESCRIPTION,PRODUCT_TYPE,TAG_TYPE,IS_ENABLED,TRACKING_MODE,CREATE_TIMESTAMP,UPDATE_TIMESTAMP) VALUES ('P1PBS','Plant 1 Paint Body Storge System','Frame                                   ',null,1,null,{ts '2017-11-30 10:24:34.943237'},{ts '2017-11-30 11:09:33.197412'});
INSERT INTO "GALADM"."GTS_AREA_TBX" (TRACKING_AREA,AREA_DESCRIPTION,PRODUCT_TYPE,TAG_TYPE,IS_ENABLED,TRACKING_MODE,CREATE_TIMESTAMP,UPDATE_TIMESTAMP) VALUES ('P1WBS','Plant 1 Weld Body Storge System','Frame                                   ',null,1,null,{ts '2017-12-05 05:46:30.291179'},null);
INSERT INTO "GALADM"."GTS_AREA_TBX" (TRACKING_AREA,AREA_DESCRIPTION,PRODUCT_TYPE,TAG_TYPE,IS_ENABLED,TRACKING_MODE,CREATE_TIMESTAMP,UPDATE_TIMESTAMP) VALUES ('P1TBS','Plant 1 TBS Body Storge System','Frame                                   ',null,1,null,{ts '2018-04-13 09:57:18.429622'},null);

INSERT INTO "GALADM"."GTS_CARRIER_TBX" (TRACKING_AREA,CARRIER_NUMBER,PRODUCT_ID,CARRIER_TYPE,STATUS,CREATE_TIMESTAMP,UPDATE_TIMESTAMP) VALUES ('PA_CARRIER','0000','',0,0,{ts '2018-10-29 14:38:14.634534'},{ts '2018-12-05 12:52:41.429596'});
INSERT INTO "GALADM"."GTS_CARRIER_TBX" (TRACKING_AREA,CARRIER_NUMBER,PRODUCT_ID,CARRIER_TYPE,STATUS,CREATE_TIMESTAMP,UPDATE_TIMESTAMP) VALUES ('PA_CARRIER','001069','2HGFC2F75JH591958',0,0,{ts '2018-10-29 14:38:14.279422'},{ts '2018-12-05 12:52:41.429596'});
INSERT INTO "GALADM"."GTS_CARRIER_TBX" (TRACKING_AREA,CARRIER_NUMBER,PRODUCT_ID,CARRIER_TYPE,STATUS,CREATE_TIMESTAMP,UPDATE_TIMESTAMP) VALUES ('PA_CARRIER','001070','',0,0,{ts '2018-10-29 14:38:14.283361'},{ts '2018-12-05 12:52:41.429596'});
INSERT INTO "GALADM"."GTS_CARRIER_TBX" (TRACKING_AREA,CARRIER_NUMBER,PRODUCT_ID,CARRIER_TYPE,STATUS,CREATE_TIMESTAMP,UPDATE_TIMESTAMP) VALUES ('PA_CARRIER','1001','2HGFC4B57JH308136',0,0,{ts '2018-10-29 14:38:14.288189'},{ts '2018-12-05 12:52:41.429596'});
INSERT INTO "GALADM"."GTS_CARRIER_TBX" (TRACKING_AREA,CARRIER_NUMBER,PRODUCT_ID,CARRIER_TYPE,STATUS,CREATE_TIMESTAMP,UPDATE_TIMESTAMP) VALUES ('PA_CARRIER','1002','2HGFC4B59JH308137',0,0,{ts '2018-10-29 14:38:14.292342'},{ts '2018-12-05 12:52:41.429596'});
INSERT INTO "GALADM"."GTS_CARRIER_TBX" (TRACKING_AREA,CARRIER_NUMBER,PRODUCT_ID,CARRIER_TYPE,STATUS,CREATE_TIMESTAMP,UPDATE_TIMESTAMP) VALUES ('PA_CARRIER','1003','2HGFC1E50HH702713',0,0,{ts '2018-10-29 14:38:14.296084'},{ts '2018-12-05 12:52:41.429596'});
INSERT INTO "GALADM"."GTS_CARRIER_TBX" (TRACKING_AREA,CARRIER_NUMBER,PRODUCT_ID,CARRIER_TYPE,STATUS,CREATE_TIMESTAMP,UPDATE_TIMESTAMP) VALUES ('PA_CARRIER','1004','2HGFC4B50JH308138',0,0,{ts '2018-10-29 14:38:14.300342'},{ts '2018-12-05 12:52:41.429596'});
INSERT INTO "GALADM"."GTS_CARRIER_TBX" (TRACKING_AREA,CARRIER_NUMBER,PRODUCT_ID,CARRIER_TYPE,STATUS,CREATE_TIMESTAMP,UPDATE_TIMESTAMP) VALUES ('PA_CARRIER','1005','2HGFC1550JH820007',0,0,{ts '2018-10-29 14:38:14.304017'},{ts '2018-12-05 12:52:41.429596'});
INSERT INTO "GALADM"."GTS_CARRIER_TBX" (TRACKING_AREA,CARRIER_NUMBER,PRODUCT_ID,CARRIER_TYPE,STATUS,CREATE_TIMESTAMP,UPDATE_TIMESTAMP) VALUES ('PA_CARRIER','1006','2HGFC1E50HH200316',0,0,{ts '2018-10-29 14:38:14.307114'},{ts '2018-12-05 12:52:41.429596'});
INSERT INTO "GALADM"."GTS_CARRIER_TBX" (TRACKING_AREA,CARRIER_NUMBER,PRODUCT_ID,CARRIER_TYPE,STATUS,CREATE_TIMESTAMP,UPDATE_TIMESTAMP) VALUES ('PA_CARRIER','1007','2HGFC4B52JH308139',0,0,{ts '2018-10-29 14:38:14.310467'},{ts '2018-12-05 12:52:41.429596'});
INSERT INTO "GALADM"."GTS_CARRIER_TBX" (TRACKING_AREA,CARRIER_NUMBER,PRODUCT_ID,CARRIER_TYPE,STATUS,CREATE_TIMESTAMP,UPDATE_TIMESTAMP) VALUES ('PA_CARRIER','1008','2HGFC4B59JH308140',0,0,{ts '2018-10-29 14:38:14.313847'},{ts '2018-12-05 12:52:41.429596'});
INSERT INTO "GALADM"."GTS_CARRIER_TBX" (TRACKING_AREA,CARRIER_NUMBER,PRODUCT_ID,CARRIER_TYPE,STATUS,CREATE_TIMESTAMP,UPDATE_TIMESTAMP) VALUES ('PA_CARRIER','1009','2HGFC4A80KH300859',0,0,{ts '2018-10-29 14:38:14.318161'},{ts '2018-12-28 12:47:57.125815'});
INSERT INTO "GALADM"."GTS_CARRIER_TBX" (TRACKING_AREA,CARRIER_NUMBER,PRODUCT_ID,CARRIER_TYPE,STATUS,CREATE_TIMESTAMP,UPDATE_TIMESTAMP) VALUES ('PA_CARRIER','1010','2HGFC4B52JH308142',0,0,{ts '2018-10-29 14:38:14.321280'},{ts '2018-12-05 12:52:41.429596'});
INSERT INTO "GALADM"."GTS_CARRIER_TBX" (TRACKING_AREA,CARRIER_NUMBER,PRODUCT_ID,CARRIER_TYPE,STATUS,CREATE_TIMESTAMP,UPDATE_TIMESTAMP) VALUES ('PA_CARRIER','1011','2HGFC4B54JH308143',0,0,{ts '2018-10-29 14:38:14.324605'},{ts '2018-12-05 12:52:41.429596'});
INSERT INTO "GALADM"."GTS_CARRIER_TBX" (TRACKING_AREA,CARRIER_NUMBER,PRODUCT_ID,CARRIER_TYPE,STATUS,CREATE_TIMESTAMP,UPDATE_TIMESTAMP) VALUES ('PA_CARRIER','1012','2HGFC1E51JH702547',0,0,{ts '2018-10-29 14:38:14.327742'},{ts '2018-12-05 12:52:41.429596'});
INSERT INTO "GALADM"."GTS_CARRIER_TBX" (TRACKING_AREA,CARRIER_NUMBER,PRODUCT_ID,CARRIER_TYPE,STATUS,CREATE_TIMESTAMP,UPDATE_TIMESTAMP) VALUES ('PA_CARRIER','1013','2HGFC4B56JH308144',0,0,{ts '2018-10-29 14:38:14.330799'},{ts '2018-12-05 12:52:41.429596'});
INSERT INTO "GALADM"."GTS_CARRIER_TBX" (TRACKING_AREA,CARRIER_NUMBER,PRODUCT_ID,CARRIER_TYPE,STATUS,CREATE_TIMESTAMP,UPDATE_TIMESTAMP) VALUES ('PA_CARRIER','1014','2HGFC4B58JH308145',0,0,{ts '2018-10-29 14:38:14.334150'},{ts '2018-12-05 12:52:41.429596'});
INSERT INTO "GALADM"."GTS_CARRIER_TBX" (TRACKING_AREA,CARRIER_NUMBER,PRODUCT_ID,CARRIER_TYPE,STATUS,CREATE_TIMESTAMP,UPDATE_TIMESTAMP) VALUES ('PA_CARRIER','1015','2HGFC4B5XJH308146',0,0,{ts '2018-10-29 14:38:14.337650'},{ts '2018-12-05 12:52:41.429596'});
INSERT INTO "GALADM"."GTS_CARRIER_TBX" (TRACKING_AREA,CARRIER_NUMBER,PRODUCT_ID,CARRIER_TYPE,STATUS,CREATE_TIMESTAMP,UPDATE_TIMESTAMP) VALUES ('PA_CARRIER','1016','2HGFC4B53JH308148',0,0,{ts '2018-10-29 14:38:14.341083'},{ts '2018-12-05 12:52:41.429596'});
INSERT INTO "GALADM"."GTS_CARRIER_TBX" (TRACKING_AREA,CARRIER_NUMBER,PRODUCT_ID,CARRIER_TYPE,STATUS,CREATE_TIMESTAMP,UPDATE_TIMESTAMP) VALUES ('PA_CARRIER','1017','2HGFC4B55JH308149',0,0,{ts '2018-10-29 14:38:14.344105'},{ts '2018-12-05 12:52:41.429596'});
INSERT INTO "GALADM"."GTS_CARRIER_TBX" (TRACKING_AREA,CARRIER_NUMBER,PRODUCT_ID,CARRIER_TYPE,STATUS,CREATE_TIMESTAMP,UPDATE_TIMESTAMP) VALUES ('PA_CARRIER','1018','2HGFC4B51JH308150',0,0,{ts '2018-10-29 14:38:14.348334'},{ts '2018-12-05 12:52:41.429596'});
INSERT INTO "GALADM"."GTS_CARRIER_TBX" (TRACKING_AREA,CARRIER_NUMBER,PRODUCT_ID,CARRIER_TYPE,STATUS,CREATE_TIMESTAMP,UPDATE_TIMESTAMP) VALUES ('PA_CARRIER','1019','2HGFC4B53JH308151',0,0,{ts '2018-10-29 14:38:14.352286'},{ts '2018-12-05 12:52:41.429596'});
INSERT INTO "GALADM"."GTS_CARRIER_TBX" (TRACKING_AREA,CARRIER_NUMBER,PRODUCT_ID,CARRIER_TYPE,STATUS,CREATE_TIMESTAMP,UPDATE_TIMESTAMP) VALUES ('PA_CARRIER','1020','2HGFC4B55JH308152',0,0,{ts '2018-10-29 14:38:14.355843'},{ts '2018-12-05 12:52:41.429596'});
INSERT INTO "GALADM"."GTS_CARRIER_TBX" (TRACKING_AREA,CARRIER_NUMBER,PRODUCT_ID,CARRIER_TYPE,STATUS,CREATE_TIMESTAMP,UPDATE_TIMESTAMP) VALUES ('PA_CARRIER','1021','2HGFC2F51JH533361',0,0,{ts '2018-10-29 14:38:14.184742'},{ts '2018-12-05 12:52:41.429596'});
INSERT INTO "GALADM"."GTS_CARRIER_TBX" (TRACKING_AREA,CARRIER_NUMBER,PRODUCT_ID,CARRIER_TYPE,STATUS,CREATE_TIMESTAMP,UPDATE_TIMESTAMP) VALUES ('PA_CARRIER','1022','2HGFC2F53JH533362',0,4,{ts '2018-10-29 14:38:14.191841'},{ts '2018-12-05 12:52:41.429596'});
INSERT INTO "GALADM"."GTS_CARRIER_TBX" (TRACKING_AREA,CARRIER_NUMBER,PRODUCT_ID,CARRIER_TYPE,STATUS,CREATE_TIMESTAMP,UPDATE_TIMESTAMP) VALUES ('PA_CARRIER','1023','2HGFC4B56JH308161',0,0,{ts '2018-10-29 14:38:14.199981'},{ts '2018-12-05 12:52:41.429596'});
INSERT INTO "GALADM"."GTS_CARRIER_TBX" (TRACKING_AREA,CARRIER_NUMBER,PRODUCT_ID,CARRIER_TYPE,STATUS,CREATE_TIMESTAMP,UPDATE_TIMESTAMP) VALUES ('PA_CARRIER','1024','2HGFC2F55JH533363',0,0,{ts '2018-10-29 14:38:14.204658'},{ts '2018-12-05 12:52:41.429596'});
INSERT INTO "GALADM"."GTS_CARRIER_TBX" (TRACKING_AREA,CARRIER_NUMBER,PRODUCT_ID,CARRIER_TYPE,STATUS,CREATE_TIMESTAMP,UPDATE_TIMESTAMP) VALUES ('PA_CARRIER','1025','2HGFC4B59JH308154',0,0,{ts '2018-10-29 14:38:14.209762'},{ts '2018-12-05 12:52:41.429596'});
INSERT INTO "GALADM"."GTS_CARRIER_TBX" (TRACKING_AREA,CARRIER_NUMBER,PRODUCT_ID,CARRIER_TYPE,STATUS,CREATE_TIMESTAMP,UPDATE_TIMESTAMP) VALUES ('PA_CARRIER','1026','2HGFC2F88JH026404',0,0,{ts '2018-10-29 14:38:14.218215'},{ts '2018-12-05 12:52:41.429596'});
INSERT INTO "GALADM"."GTS_CARRIER_TBX" (TRACKING_AREA,CARRIER_NUMBER,PRODUCT_ID,CARRIER_TYPE,STATUS,CREATE_TIMESTAMP,UPDATE_TIMESTAMP) VALUES ('PA_CARRIER','1027','2HGFC4B00JH308788',0,0,{ts '2018-10-29 14:38:14.226593'},{ts '2018-12-05 12:52:41.429596'});
INSERT INTO "GALADM"."GTS_CARRIER_TBX" (TRACKING_AREA,CARRIER_NUMBER,PRODUCT_ID,CARRIER_TYPE,STATUS,CREATE_TIMESTAMP,UPDATE_TIMESTAMP) VALUES ('PA_CARRIER','1028','2HGFC1E5XJH702546',0,0,{ts '2018-10-29 14:38:14.238527'},{ts '2018-12-05 12:52:41.429596'});
INSERT INTO "GALADM"."GTS_CARRIER_TBX" (TRACKING_AREA,CARRIER_NUMBER,PRODUCT_ID,CARRIER_TYPE,STATUS,CREATE_TIMESTAMP,UPDATE_TIMESTAMP) VALUES ('PA_CARRIER','1029','2HGFC2F5XJH016365',0,0,{ts '2018-10-29 14:38:14.248436'},{ts '2018-12-05 12:52:41.429596'});
INSERT INTO "GALADM"."GTS_CARRIER_TBX" (TRACKING_AREA,CARRIER_NUMBER,PRODUCT_ID,CARRIER_TYPE,STATUS,CREATE_TIMESTAMP,UPDATE_TIMESTAMP) VALUES ('PA_CARRIER','1030','2HGFC4B56JH308158',0,0,{ts '2018-10-29 14:38:14.256726'},{ts '2018-12-05 12:52:41.429596'});
INSERT INTO "GALADM"."GTS_CARRIER_TBX" (TRACKING_AREA,CARRIER_NUMBER,PRODUCT_ID,CARRIER_TYPE,STATUS,CREATE_TIMESTAMP,UPDATE_TIMESTAMP) VALUES ('PA_CARRIER','1031','2HGFC3A5XHH754772',0,0,{ts '2018-10-29 14:38:14.261182'},{ts '2018-12-05 12:52:41.429596'});
INSERT INTO "GALADM"."GTS_CARRIER_TBX" (TRACKING_AREA,CARRIER_NUMBER,PRODUCT_ID,CARRIER_TYPE,STATUS,CREATE_TIMESTAMP,UPDATE_TIMESTAMP) VALUES ('PA_CARRIER','1032','2HGFC3A51HH754773',0,0,{ts '2018-10-29 14:38:14.267455'},{ts '2018-12-05 12:52:41.429596'});
INSERT INTO "GALADM"."GTS_CARRIER_TBX" (TRACKING_AREA,CARRIER_NUMBER,PRODUCT_ID,CARRIER_TYPE,STATUS,CREATE_TIMESTAMP,UPDATE_TIMESTAMP) VALUES ('PA_CARRIER','1033','2HGFC1E52JH702573',0,0,{ts '2018-10-29 14:38:14.272103'},{ts '2018-12-05 12:52:41.429596'});
INSERT INTO "GALADM"."GTS_CARRIER_TBX" (TRACKING_AREA,CARRIER_NUMBER,PRODUCT_ID,CARRIER_TYPE,STATUS,CREATE_TIMESTAMP,UPDATE_TIMESTAMP) VALUES ('PA_CARRIER','1034','2HGFC4B54JH308157',0,0,{ts '2018-10-29 14:38:14.359225'},{ts '2018-12-05 12:52:41.429596'});
INSERT INTO "GALADM"."GTS_CARRIER_TBX" (TRACKING_AREA,CARRIER_NUMBER,PRODUCT_ID,CARRIER_TYPE,STATUS,CREATE_TIMESTAMP,UPDATE_TIMESTAMP) VALUES ('PA_CARRIER','1035','2HGFC4B52JH308156',0,0,{ts '2018-10-29 14:38:14.362625'},{ts '2018-12-05 12:52:41.429596'});
INSERT INTO "GALADM"."GTS_CARRIER_TBX" (TRACKING_AREA,CARRIER_NUMBER,PRODUCT_ID,CARRIER_TYPE,STATUS,CREATE_TIMESTAMP,UPDATE_TIMESTAMP) VALUES ('PA_CARRIER','1036','2HGFC4B50JH308155',0,0,{ts '2018-10-29 14:38:14.365415'},{ts '2018-12-05 12:52:41.429596'});
INSERT INTO "GALADM"."GTS_CARRIER_TBX" (TRACKING_AREA,CARRIER_NUMBER,PRODUCT_ID,CARRIER_TYPE,STATUS,CREATE_TIMESTAMP,UPDATE_TIMESTAMP) VALUES ('PA_CARRIER','1037','2HGFC4B58JH308159',0,0,{ts '2018-10-29 14:38:14.368823'},{ts '2018-12-05 12:52:41.429596'});
INSERT INTO "GALADM"."GTS_CARRIER_TBX" (TRACKING_AREA,CARRIER_NUMBER,PRODUCT_ID,CARRIER_TYPE,STATUS,CREATE_TIMESTAMP,UPDATE_TIMESTAMP) VALUES ('PA_CARRIER','1038','2HGFC4B54JH308160',0,0,{ts '2018-10-29 14:38:14.372487'},{ts '2018-12-05 12:52:41.429596'});
INSERT INTO "GALADM"."GTS_CARRIER_TBX" (TRACKING_AREA,CARRIER_NUMBER,PRODUCT_ID,CARRIER_TYPE,STATUS,CREATE_TIMESTAMP,UPDATE_TIMESTAMP) VALUES ('PA_CARRIER','1039',null,0,0,{ts '2018-10-29 14:38:14.375869'},{ts '2018-12-05 12:52:41.429596'});
INSERT INTO "GALADM"."GTS_CARRIER_TBX" (TRACKING_AREA,CARRIER_NUMBER,PRODUCT_ID,CARRIER_TYPE,STATUS,CREATE_TIMESTAMP,UPDATE_TIMESTAMP) VALUES ('PA_CARRIER','1040','2HGFC4B58JH308162',0,0,{ts '2018-10-29 14:38:14.379439'},{ts '2018-12-05 12:52:41.429596'});
INSERT INTO "GALADM"."GTS_CARRIER_TBX" (TRACKING_AREA,CARRIER_NUMBER,PRODUCT_ID,CARRIER_TYPE,STATUS,CREATE_TIMESTAMP,UPDATE_TIMESTAMP) VALUES ('PA_CARRIER','1041','2HGFC4B5XJH308163',0,0,{ts '2018-10-29 14:38:14.383019'},{ts '2018-12-05 12:52:41.429596'});
INSERT INTO "GALADM"."GTS_CARRIER_TBX" (TRACKING_AREA,CARRIER_NUMBER,PRODUCT_ID,CARRIER_TYPE,STATUS,CREATE_TIMESTAMP,UPDATE_TIMESTAMP) VALUES ('PA_CARRIER','1042','2HGFC4B51JH308164',0,0,{ts '2018-10-29 14:38:14.386427'},{ts '2018-12-05 12:52:41.429596'});
INSERT INTO "GALADM"."GTS_CARRIER_TBX" (TRACKING_AREA,CARRIER_NUMBER,PRODUCT_ID,CARRIER_TYPE,STATUS,CREATE_TIMESTAMP,UPDATE_TIMESTAMP) VALUES ('PA_CARRIER','1043','2HGFC4B53JH308165',0,0,{ts '2018-10-29 14:38:14.390006'},{ts '2018-12-05 12:52:41.429596'});
INSERT INTO "GALADM"."GTS_CARRIER_TBX" (TRACKING_AREA,CARRIER_NUMBER,PRODUCT_ID,CARRIER_TYPE,STATUS,CREATE_TIMESTAMP,UPDATE_TIMESTAMP) VALUES ('PA_CARRIER','1044','2HGFC3B70JH357108',0,0,{ts '2018-10-29 14:38:14.394451'},{ts '2018-12-05 12:52:41.429596'});
INSERT INTO "GALADM"."GTS_CARRIER_TBX" (TRACKING_AREA,CARRIER_NUMBER,PRODUCT_ID,CARRIER_TYPE,STATUS,CREATE_TIMESTAMP,UPDATE_TIMESTAMP) VALUES ('PA_CARRIER','1045','2HGFC3B72JH357109',0,0,{ts '2018-10-29 14:38:14.398686'},{ts '2018-12-05 12:52:41.429596'});
INSERT INTO "GALADM"."GTS_CARRIER_TBX" (TRACKING_AREA,CARRIER_NUMBER,PRODUCT_ID,CARRIER_TYPE,STATUS,CREATE_TIMESTAMP,UPDATE_TIMESTAMP) VALUES ('PA_CARRIER','1046','2HGFC3B79JH357110',0,0,{ts '2018-10-29 14:38:14.402472'},{ts '2018-12-05 12:52:41.429596'});
INSERT INTO "GALADM"."GTS_CARRIER_TBX" (TRACKING_AREA,CARRIER_NUMBER,PRODUCT_ID,CARRIER_TYPE,STATUS,CREATE_TIMESTAMP,UPDATE_TIMESTAMP) VALUES ('PA_CARRIER','1047','2HGFC3B70JH357111',0,0,{ts '2018-10-29 14:38:14.407290'},{ts '2018-12-05 12:52:41.429596'});
INSERT INTO "GALADM"."GTS_CARRIER_TBX" (TRACKING_AREA,CARRIER_NUMBER,PRODUCT_ID,CARRIER_TYPE,STATUS,CREATE_TIMESTAMP,UPDATE_TIMESTAMP) VALUES ('PA_CARRIER','1048','',0,0,{ts '2018-10-29 14:38:14.411310'},{ts '2018-12-05 12:52:41.429596'});
INSERT INTO "GALADM"."GTS_CARRIER_TBX" (TRACKING_AREA,CARRIER_NUMBER,PRODUCT_ID,CARRIER_TYPE,STATUS,CREATE_TIMESTAMP,UPDATE_TIMESTAMP) VALUES ('PA_CARRIER','1049',null,0,0,{ts '2018-10-29 14:38:14.417361'},{ts '2018-12-05 12:52:41.429596'});
INSERT INTO "GALADM"."GTS_CARRIER_TBX" (TRACKING_AREA,CARRIER_NUMBER,PRODUCT_ID,CARRIER_TYPE,STATUS,CREATE_TIMESTAMP,UPDATE_TIMESTAMP) VALUES ('PA_CARRIER','1050','2HGFC4B57JH308170',0,0,{ts '2018-10-29 14:38:14.421144'},{ts '2018-12-05 12:52:41.429596'});
INSERT INTO "GALADM"."GTS_CARRIER_TBX" (TRACKING_AREA,CARRIER_NUMBER,PRODUCT_ID,CARRIER_TYPE,STATUS,CREATE_TIMESTAMP,UPDATE_TIMESTAMP) VALUES ('PA_CARRIER','1051','2HGFC4B50JH308169',0,0,{ts '2018-10-29 14:38:14.425885'},{ts '2018-12-05 12:52:41.429596'});
INSERT INTO "GALADM"."GTS_CARRIER_TBX" (TRACKING_AREA,CARRIER_NUMBER,PRODUCT_ID,CARRIER_TYPE,STATUS,CREATE_TIMESTAMP,UPDATE_TIMESTAMP) VALUES ('PA_CARRIER','1052','2HGFC4B59JH308171',0,0,{ts '2018-10-29 14:38:14.429994'},{ts '2018-12-05 12:52:41.429596'});
INSERT INTO "GALADM"."GTS_CARRIER_TBX" (TRACKING_AREA,CARRIER_NUMBER,PRODUCT_ID,CARRIER_TYPE,STATUS,CREATE_TIMESTAMP,UPDATE_TIMESTAMP) VALUES ('PA_CARRIER','1053','2HGFC4B52JH308173',0,0,{ts '2018-10-29 14:38:14.433903'},{ts '2018-12-05 12:52:41.429596'});
INSERT INTO "GALADM"."GTS_CARRIER_TBX" (TRACKING_AREA,CARRIER_NUMBER,PRODUCT_ID,CARRIER_TYPE,STATUS,CREATE_TIMESTAMP,UPDATE_TIMESTAMP) VALUES ('PA_CARRIER','1054','2HGFC3B38JH357113',0,0,{ts '2018-10-29 14:38:14.438214'},{ts '2018-12-05 12:52:41.429596'});
INSERT INTO "GALADM"."GTS_CARRIER_TBX" (TRACKING_AREA,CARRIER_NUMBER,PRODUCT_ID,CARRIER_TYPE,STATUS,CREATE_TIMESTAMP,UPDATE_TIMESTAMP) VALUES ('PA_CARRIER','1055','2HGFC3B36JH357112',0,0,{ts '2018-10-29 14:38:14.442955'},{ts '2018-12-05 12:52:41.429596'});
INSERT INTO "GALADM"."GTS_CARRIER_TBX" (TRACKING_AREA,CARRIER_NUMBER,PRODUCT_ID,CARRIER_TYPE,STATUS,CREATE_TIMESTAMP,UPDATE_TIMESTAMP) VALUES ('PA_CARRIER','1056','',0,0,{ts '2018-10-29 14:38:14.447964'},{ts '2018-12-05 12:52:41.429596'});
INSERT INTO "GALADM"."GTS_CARRIER_TBX" (TRACKING_AREA,CARRIER_NUMBER,PRODUCT_ID,CARRIER_TYPE,STATUS,CREATE_TIMESTAMP,UPDATE_TIMESTAMP) VALUES ('PA_CARRIER','1057','2HGFC3B3XJH357114',0,0,{ts '2018-10-29 14:38:14.451691'},{ts '2018-12-05 12:52:41.429596'});
INSERT INTO "GALADM"."GTS_CARRIER_TBX" (TRACKING_AREA,CARRIER_NUMBER,PRODUCT_ID,CARRIER_TYPE,STATUS,CREATE_TIMESTAMP,UPDATE_TIMESTAMP) VALUES ('PA_CARRIER','1058','2HGFC3B31JH357115',0,0,{ts '2018-10-29 14:38:14.455164'},{ts '2018-12-05 12:52:41.429596'});
INSERT INTO "GALADM"."GTS_CARRIER_TBX" (TRACKING_AREA,CARRIER_NUMBER,PRODUCT_ID,CARRIER_TYPE,STATUS,CREATE_TIMESTAMP,UPDATE_TIMESTAMP) VALUES ('PA_CARRIER','1059',null,0,0,{ts '2018-10-29 14:38:14.475670'},{ts '2018-12-05 12:52:41.429596'});
INSERT INTO "GALADM"."GTS_CARRIER_TBX" (TRACKING_AREA,CARRIER_NUMBER,PRODUCT_ID,CARRIER_TYPE,STATUS,CREATE_TIMESTAMP,UPDATE_TIMESTAMP) VALUES ('PA_CARRIER','1060','2HGFC3A5XJH757807',0,0,{ts '2018-10-29 14:38:14.480185'},{ts '2018-12-05 12:52:41.429596'});
INSERT INTO "GALADM"."GTS_CARRIER_TBX" (TRACKING_AREA,CARRIER_NUMBER,PRODUCT_ID,CARRIER_TYPE,STATUS,CREATE_TIMESTAMP,UPDATE_TIMESTAMP) VALUES ('PA_CARRIER','1061','2HGFC3A51JH757808',0,0,{ts '2018-10-29 14:38:14.483894'},{ts '2018-12-05 12:52:41.429596'});
INSERT INTO "GALADM"."GTS_CARRIER_TBX" (TRACKING_AREA,CARRIER_NUMBER,PRODUCT_ID,CARRIER_TYPE,STATUS,CREATE_TIMESTAMP,UPDATE_TIMESTAMP) VALUES ('PA_CARRIER','1062','2HGFC3A53JH757809',0,0,{ts '2018-10-29 14:38:14.487437'},{ts '2018-12-05 12:52:41.429596'});
INSERT INTO "GALADM"."GTS_CARRIER_TBX" (TRACKING_AREA,CARRIER_NUMBER,PRODUCT_ID,CARRIER_TYPE,STATUS,CREATE_TIMESTAMP,UPDATE_TIMESTAMP) VALUES ('PA_CARRIER','1063','2HGFC3A5XJH757810',0,0,{ts '2018-10-29 14:38:14.491592'},{ts '2018-12-05 12:52:41.429596'});
INSERT INTO "GALADM"."GTS_CARRIER_TBX" (TRACKING_AREA,CARRIER_NUMBER,PRODUCT_ID,CARRIER_TYPE,STATUS,CREATE_TIMESTAMP,UPDATE_TIMESTAMP) VALUES ('PA_CARRIER','1064','2HGFC3A51JH757811',0,0,{ts '2018-10-29 14:38:14.495094'},{ts '2018-12-05 12:52:41.429596'});
INSERT INTO "GALADM"."GTS_CARRIER_TBX" (TRACKING_AREA,CARRIER_NUMBER,PRODUCT_ID,CARRIER_TYPE,STATUS,CREATE_TIMESTAMP,UPDATE_TIMESTAMP) VALUES ('PA_CARRIER','1065','2HGFC3A53JH757812',0,0,{ts '2018-10-29 14:38:14.499176'},{ts '2018-12-05 12:52:41.429596'});
INSERT INTO "GALADM"."GTS_CARRIER_TBX" (TRACKING_AREA,CARRIER_NUMBER,PRODUCT_ID,CARRIER_TYPE,STATUS,CREATE_TIMESTAMP,UPDATE_TIMESTAMP) VALUES ('PA_CARRIER','1066','2HGFC3A55JH757813',0,0,{ts '2018-10-29 14:38:14.503177'},{ts '2018-12-05 12:52:41.429596'});
INSERT INTO "GALADM"."GTS_CARRIER_TBX" (TRACKING_AREA,CARRIER_NUMBER,PRODUCT_ID,CARRIER_TYPE,STATUS,CREATE_TIMESTAMP,UPDATE_TIMESTAMP) VALUES ('PA_CARRIER','1067','2HGFC2F7XJH591955',0,0,{ts '2018-10-29 14:38:14.506333'},{ts '2018-12-05 12:52:41.429596'});
INSERT INTO "GALADM"."GTS_CARRIER_TBX" (TRACKING_AREA,CARRIER_NUMBER,PRODUCT_ID,CARRIER_TYPE,STATUS,CREATE_TIMESTAMP,UPDATE_TIMESTAMP) VALUES ('PA_CARRIER','1068','2HGFC2F71JH591956',0,0,{ts '2018-10-29 14:38:14.510458'},{ts '2018-12-05 12:52:41.429596'});
INSERT INTO "GALADM"."GTS_CARRIER_TBX" (TRACKING_AREA,CARRIER_NUMBER,PRODUCT_ID,CARRIER_TYPE,STATUS,CREATE_TIMESTAMP,UPDATE_TIMESTAMP) VALUES ('PA_CARRIER','1071','2HGFC2F73JH591957',0,0,{ts '2018-10-29 14:38:14.514076'},{ts '2018-12-05 12:52:41.429596'});
INSERT INTO "GALADM"."GTS_CARRIER_TBX" (TRACKING_AREA,CARRIER_NUMBER,PRODUCT_ID,CARRIER_TYPE,STATUS,CREATE_TIMESTAMP,UPDATE_TIMESTAMP) VALUES ('PA_CARRIER','1072','2HGFC2F8XJH533384',0,0,{ts '2018-10-29 14:38:14.517601'},{ts '2018-12-05 12:52:41.429596'});
INSERT INTO "GALADM"."GTS_CARRIER_TBX" (TRACKING_AREA,CARRIER_NUMBER,PRODUCT_ID,CARRIER_TYPE,STATUS,CREATE_TIMESTAMP,UPDATE_TIMESTAMP) VALUES ('PA_CARRIER','1073','2HGFC2F81JH533385',0,0,{ts '2018-10-29 14:38:14.521405'},{ts '2018-12-05 12:52:41.429596'});
INSERT INTO "GALADM"."GTS_CARRIER_TBX" (TRACKING_AREA,CARRIER_NUMBER,PRODUCT_ID,CARRIER_TYPE,STATUS,CREATE_TIMESTAMP,UPDATE_TIMESTAMP) VALUES ('PA_CARRIER','1074','2HGFC2F83JH533386',0,0,{ts '2018-10-29 14:38:14.525181'},{ts '2018-12-05 12:52:41.429596'});
INSERT INTO "GALADM"."GTS_CARRIER_TBX" (TRACKING_AREA,CARRIER_NUMBER,PRODUCT_ID,CARRIER_TYPE,STATUS,CREATE_TIMESTAMP,UPDATE_TIMESTAMP) VALUES ('PA_CARRIER','1075','2HGFC2F72JH533399',0,0,{ts '2018-10-29 14:38:14.529123'},{ts '2018-12-05 12:52:41.429596'});
INSERT INTO "GALADM"."GTS_CARRIER_TBX" (TRACKING_AREA,CARRIER_NUMBER,PRODUCT_ID,CARRIER_TYPE,STATUS,CREATE_TIMESTAMP,UPDATE_TIMESTAMP) VALUES ('PA_CARRIER','1076','2HGFC2F79JH533402',0,0,{ts '2018-10-29 14:38:14.532919'},{ts '2018-12-05 12:52:41.429596'});
INSERT INTO "GALADM"."GTS_CARRIER_TBX" (TRACKING_AREA,CARRIER_NUMBER,PRODUCT_ID,CARRIER_TYPE,STATUS,CREATE_TIMESTAMP,UPDATE_TIMESTAMP) VALUES ('PA_CARRIER','1077','2HGFC2F70JH533403',0,0,{ts '2018-10-29 14:38:14.536059'},{ts '2018-12-05 12:52:41.429596'});
INSERT INTO "GALADM"."GTS_CARRIER_TBX" (TRACKING_AREA,CARRIER_NUMBER,PRODUCT_ID,CARRIER_TYPE,STATUS,CREATE_TIMESTAMP,UPDATE_TIMESTAMP) VALUES ('PA_CARRIER','1078',null,0,0,{ts '2018-10-29 14:38:14.539458'},{ts '2018-12-05 12:52:41.429596'});
INSERT INTO "GALADM"."GTS_CARRIER_TBX" (TRACKING_AREA,CARRIER_NUMBER,PRODUCT_ID,CARRIER_TYPE,STATUS,CREATE_TIMESTAMP,UPDATE_TIMESTAMP) VALUES ('PA_CARRIER','1079','2HGFC2F74JH533405',0,0,{ts '2018-10-29 14:38:14.543165'},{ts '2018-12-05 12:52:41.429596'});
INSERT INTO "GALADM"."GTS_CARRIER_TBX" (TRACKING_AREA,CARRIER_NUMBER,PRODUCT_ID,CARRIER_TYPE,STATUS,CREATE_TIMESTAMP,UPDATE_TIMESTAMP) VALUES ('PA_CARRIER','1080','',0,0,{ts '2018-10-29 14:38:14.546442'},{ts '2018-12-05 12:52:41.429596'});
INSERT INTO "GALADM"."GTS_CARRIER_TBX" (TRACKING_AREA,CARRIER_NUMBER,PRODUCT_ID,CARRIER_TYPE,STATUS,CREATE_TIMESTAMP,UPDATE_TIMESTAMP) VALUES ('PA_CARRIER','1081','2HGFC2F57JH533249',0,0,{ts '2018-10-29 14:38:14.549825'},{ts '2018-12-05 12:52:41.429596'});
INSERT INTO "GALADM"."GTS_CARRIER_TBX" (TRACKING_AREA,CARRIER_NUMBER,PRODUCT_ID,CARRIER_TYPE,STATUS,CREATE_TIMESTAMP,UPDATE_TIMESTAMP) VALUES ('PA_CARRIER','1082','2HGFC2F53JH533250',0,0,{ts '2018-10-29 14:38:14.553217'},{ts '2018-12-05 12:52:41.429596'});
INSERT INTO "GALADM"."GTS_CARRIER_TBX" (TRACKING_AREA,CARRIER_NUMBER,PRODUCT_ID,CARRIER_TYPE,STATUS,CREATE_TIMESTAMP,UPDATE_TIMESTAMP) VALUES ('PA_CARRIER','1083','2HGFC2F55JH533251',0,0,{ts '2018-10-29 14:38:14.562761'},{ts '2018-12-05 12:52:41.429596'});
INSERT INTO "GALADM"."GTS_CARRIER_TBX" (TRACKING_AREA,CARRIER_NUMBER,PRODUCT_ID,CARRIER_TYPE,STATUS,CREATE_TIMESTAMP,UPDATE_TIMESTAMP) VALUES ('PA_CARRIER','1084','2HGFC2F57JH533252',0,0,{ts '2018-10-29 14:38:14.566285'},{ts '2018-12-05 12:52:41.429596'});
INSERT INTO "GALADM"."GTS_CARRIER_TBX" (TRACKING_AREA,CARRIER_NUMBER,PRODUCT_ID,CARRIER_TYPE,STATUS,CREATE_TIMESTAMP,UPDATE_TIMESTAMP) VALUES ('PA_CARRIER','1085','2HGFC2F59JH533253',0,0,{ts '2018-10-29 14:38:14.569714'},{ts '2018-12-05 12:52:41.429596'});
INSERT INTO "GALADM"."GTS_CARRIER_TBX" (TRACKING_AREA,CARRIER_NUMBER,PRODUCT_ID,CARRIER_TYPE,STATUS,CREATE_TIMESTAMP,UPDATE_TIMESTAMP) VALUES ('PA_CARRIER','1086','2HGFC2F50JH533254',0,0,{ts '2018-10-29 14:38:14.573771'},{ts '2018-12-05 12:52:41.429596'});
INSERT INTO "GALADM"."GTS_CARRIER_TBX" (TRACKING_AREA,CARRIER_NUMBER,PRODUCT_ID,CARRIER_TYPE,STATUS,CREATE_TIMESTAMP,UPDATE_TIMESTAMP) VALUES ('PA_CARRIER','1087','2HGFC2F57JH016355',0,0,{ts '2018-10-29 14:38:14.577281'},{ts '2018-12-05 12:52:41.429596'});
INSERT INTO "GALADM"."GTS_CARRIER_TBX" (TRACKING_AREA,CARRIER_NUMBER,PRODUCT_ID,CARRIER_TYPE,STATUS,CREATE_TIMESTAMP,UPDATE_TIMESTAMP) VALUES ('PA_CARRIER','1088','2HGFC2F53JH016370',0,0,{ts '2018-10-29 14:38:14.587821'},{ts '2018-12-05 12:52:41.429596'});
INSERT INTO "GALADM"."GTS_CARRIER_TBX" (TRACKING_AREA,CARRIER_NUMBER,PRODUCT_ID,CARRIER_TYPE,STATUS,CREATE_TIMESTAMP,UPDATE_TIMESTAMP) VALUES ('PA_CARRIER','1089','2HGFC2F75JH591877',0,0,{ts '2018-10-29 14:38:14.591175'},{ts '2018-12-05 12:52:41.429596'});
INSERT INTO "GALADM"."GTS_CARRIER_TBX" (TRACKING_AREA,CARRIER_NUMBER,PRODUCT_ID,CARRIER_TYPE,STATUS,CREATE_TIMESTAMP,UPDATE_TIMESTAMP) VALUES ('PA_CARRIER','1090','2HGFC2F73JH591876',0,0,{ts '2018-10-29 14:38:14.594767'},{ts '2018-12-05 12:52:41.429596'});
INSERT INTO "GALADM"."GTS_CARRIER_TBX" (TRACKING_AREA,CARRIER_NUMBER,PRODUCT_ID,CARRIER_TYPE,STATUS,CREATE_TIMESTAMP,UPDATE_TIMESTAMP) VALUES ('PA_CARRIER','1091','2HGFC2F79JH591848',0,0,{ts '2018-10-29 14:38:14.598292'},{ts '2018-12-05 12:52:41.429596'});
INSERT INTO "GALADM"."GTS_CARRIER_TBX" (TRACKING_AREA,CARRIER_NUMBER,PRODUCT_ID,CARRIER_TYPE,STATUS,CREATE_TIMESTAMP,UPDATE_TIMESTAMP) VALUES ('PA_CARRIER','1092','2HGFC2F54JH533340',0,0,{ts '2018-10-29 14:38:14.601373'},{ts '2018-12-05 12:52:41.429596'});
INSERT INTO "GALADM"."GTS_CARRIER_TBX" (TRACKING_AREA,CARRIER_NUMBER,PRODUCT_ID,CARRIER_TYPE,STATUS,CREATE_TIMESTAMP,UPDATE_TIMESTAMP) VALUES ('PA_CARRIER','1093',null,0,0,{ts '2018-10-29 14:38:14.605948'},{ts '2018-12-05 12:52:41.429596'});
INSERT INTO "GALADM"."GTS_CARRIER_TBX" (TRACKING_AREA,CARRIER_NUMBER,PRODUCT_ID,CARRIER_TYPE,STATUS,CREATE_TIMESTAMP,UPDATE_TIMESTAMP) VALUES ('PA_CARRIER','1094','2HGFC2F58JH533342',0,0,{ts '2018-10-29 14:38:14.609377'},{ts '2018-12-05 12:52:41.429596'});
INSERT INTO "GALADM"."GTS_CARRIER_TBX" (TRACKING_AREA,CARRIER_NUMBER,PRODUCT_ID,CARRIER_TYPE,STATUS,CREATE_TIMESTAMP,UPDATE_TIMESTAMP) VALUES ('PA_CARRIER','1095','2HGFC2F77JH591847',0,0,{ts '2018-10-29 14:38:14.614372'},{ts '2018-12-05 12:52:41.429596'});
INSERT INTO "GALADM"."GTS_CARRIER_TBX" (TRACKING_AREA,CARRIER_NUMBER,PRODUCT_ID,CARRIER_TYPE,STATUS,CREATE_TIMESTAMP,UPDATE_TIMESTAMP) VALUES ('PA_CARRIER','1096','2HGFC2F55JH533346',0,0,{ts '2018-10-29 14:38:14.619283'},{ts '2018-12-05 12:52:41.429596'});
INSERT INTO "GALADM"."GTS_CARRIER_TBX" (TRACKING_AREA,CARRIER_NUMBER,PRODUCT_ID,CARRIER_TYPE,STATUS,CREATE_TIMESTAMP,UPDATE_TIMESTAMP) VALUES ('PA_CARRIER','1097','2HGFC2F57JH533347',0,0,{ts '2018-10-29 14:38:14.622386'},{ts '2018-12-05 12:52:41.429596'});
INSERT INTO "GALADM"."GTS_CARRIER_TBX" (TRACKING_AREA,CARRIER_NUMBER,PRODUCT_ID,CARRIER_TYPE,STATUS,CREATE_TIMESTAMP,UPDATE_TIMESTAMP) VALUES ('PA_CARRIER','1098','2HGFC2F51JH016366',0,0,{ts '2018-10-29 14:38:14.626488'},{ts '2018-12-05 12:52:41.429596'});
INSERT INTO "GALADM"."GTS_CARRIER_TBX" (TRACKING_AREA,CARRIER_NUMBER,PRODUCT_ID,CARRIER_TYPE,STATUS,CREATE_TIMESTAMP,UPDATE_TIMESTAMP) VALUES ('PA_CARRIER','1099','2HGFC2F53JH016367',0,0,{ts '2018-10-29 14:38:14.629977'},{ts '2018-12-05 12:52:41.429596'});
INSERT INTO "GALADM"."GTS_CARRIER_TBX" (TRACKING_AREA,CARRIER_NUMBER,PRODUCT_ID,CARRIER_TYPE,STATUS,CREATE_TIMESTAMP,UPDATE_TIMESTAMP) VALUES ('PA_CARRIER','1100','2HGFC2F70JH591849',0,0,{ts '2018-10-29 14:38:14.661334'},{ts '2018-12-05 12:52:41.429596'});
INSERT INTO "GALADM"."GTS_CARRIER_TBX" (TRACKING_AREA,CARRIER_NUMBER,PRODUCT_ID,CARRIER_TYPE,STATUS,CREATE_TIMESTAMP,UPDATE_TIMESTAMP) VALUES ('PA_CARRIER','1101','2HGFC2F7XJH591941',0,0,{ts '2018-10-29 14:38:14.638394'},{ts '2018-12-05 12:52:41.429596'});
INSERT INTO "GALADM"."GTS_CARRIER_TBX" (TRACKING_AREA,CARRIER_NUMBER,PRODUCT_ID,CARRIER_TYPE,STATUS,CREATE_TIMESTAMP,UPDATE_TIMESTAMP) VALUES ('PA_CARRIER','1102','2HGFC2F71JH591942',0,0,{ts '2018-10-29 14:38:14.642541'},{ts '2018-12-05 12:52:41.429596'});
INSERT INTO "GALADM"."GTS_CARRIER_TBX" (TRACKING_AREA,CARRIER_NUMBER,PRODUCT_ID,CARRIER_TYPE,STATUS,CREATE_TIMESTAMP,UPDATE_TIMESTAMP) VALUES ('PA_CARRIER','1103','2HGFC2F73JH591943',0,0,{ts '2018-10-29 14:38:14.645726'},{ts '2018-12-05 12:52:41.429596'});
INSERT INTO "GALADM"."GTS_CARRIER_TBX" (TRACKING_AREA,CARRIER_NUMBER,PRODUCT_ID,CARRIER_TYPE,STATUS,CREATE_TIMESTAMP,UPDATE_TIMESTAMP) VALUES ('PA_CARRIER','1104','2HGFC2F75JH591944',0,0,{ts '2018-10-29 14:38:14.650849'},{ts '2018-12-05 12:52:41.429596'});
INSERT INTO "GALADM"."GTS_CARRIER_TBX" (TRACKING_AREA,CARRIER_NUMBER,PRODUCT_ID,CARRIER_TYPE,STATUS,CREATE_TIMESTAMP,UPDATE_TIMESTAMP) VALUES ('PA_CARRIER','1105','2HGFC2F77JH591945',0,0,{ts '2018-10-29 14:38:14.654353'},{ts '2018-12-05 12:52:41.429596'});
INSERT INTO "GALADM"."GTS_CARRIER_TBX" (TRACKING_AREA,CARRIER_NUMBER,PRODUCT_ID,CARRIER_TYPE,STATUS,CREATE_TIMESTAMP,UPDATE_TIMESTAMP) VALUES ('PA_CARRIER','1106','2HGFC2F79JH591946',0,0,{ts '2018-10-29 14:38:14.657797'},{ts '2018-12-05 12:52:41.429596'});
INSERT INTO "GALADM"."GTS_CARRIER_TBX" (TRACKING_AREA,CARRIER_NUMBER,PRODUCT_ID,CARRIER_TYPE,STATUS,CREATE_TIMESTAMP,UPDATE_TIMESTAMP) VALUES ('PA_CARRIER','1107','2HGFC2F70JH591947',0,0,{ts '2018-10-29 14:38:14.664639'},{ts '2018-12-05 12:52:41.429596'});
INSERT INTO "GALADM"."GTS_CARRIER_TBX" (TRACKING_AREA,CARRIER_NUMBER,PRODUCT_ID,CARRIER_TYPE,STATUS,CREATE_TIMESTAMP,UPDATE_TIMESTAMP) VALUES ('PA_CARRIER','1108','2HGFC2F70JH591950',0,0,{ts '2018-10-29 14:38:14.669797'},{ts '2018-12-05 12:52:41.429596'});
INSERT INTO "GALADM"."GTS_CARRIER_TBX" (TRACKING_AREA,CARRIER_NUMBER,PRODUCT_ID,CARRIER_TYPE,STATUS,CREATE_TIMESTAMP,UPDATE_TIMESTAMP) VALUES ('PA_CARRIER','1109','2HGFC2F74JH591949',0,0,{ts '2018-10-29 14:38:14.673296'},{ts '2018-12-05 12:52:41.429596'});
INSERT INTO "GALADM"."GTS_CARRIER_TBX" (TRACKING_AREA,CARRIER_NUMBER,PRODUCT_ID,CARRIER_TYPE,STATUS,CREATE_TIMESTAMP,UPDATE_TIMESTAMP) VALUES ('PA_CARRIER','1110','2HGFC2F72JH591948',0,0,{ts '2018-10-29 14:38:14.676144'},{ts '2018-12-05 12:52:41.429596'});
INSERT INTO "GALADM"."GTS_CARRIER_TBX" (TRACKING_AREA,CARRIER_NUMBER,PRODUCT_ID,CARRIER_TYPE,STATUS,CREATE_TIMESTAMP,UPDATE_TIMESTAMP) VALUES ('PA_CARRIER','1111','2HGFC2F77JH591850',0,0,{ts '2018-10-29 14:38:14.680901'},{ts '2018-12-05 12:52:41.429596'});
INSERT INTO "GALADM"."GTS_CARRIER_TBX" (TRACKING_AREA,CARRIER_NUMBER,PRODUCT_ID,CARRIER_TYPE,STATUS,CREATE_TIMESTAMP,UPDATE_TIMESTAMP) VALUES ('PA_CARRIER','1112','2HGFC2F79JH591851',0,0,{ts '2018-10-29 14:38:14.684204'},{ts '2018-12-05 12:52:41.429596'});
INSERT INTO "GALADM"."GTS_CARRIER_TBX" (TRACKING_AREA,CARRIER_NUMBER,PRODUCT_ID,CARRIER_TYPE,STATUS,CREATE_TIMESTAMP,UPDATE_TIMESTAMP) VALUES ('PA_CARRIER','1113','2HGFC2F70JH591852',0,0,{ts '2018-10-29 14:38:14.687566'},{ts '2018-12-05 12:52:41.429596'});
INSERT INTO "GALADM"."GTS_CARRIER_TBX" (TRACKING_AREA,CARRIER_NUMBER,PRODUCT_ID,CARRIER_TYPE,STATUS,CREATE_TIMESTAMP,UPDATE_TIMESTAMP) VALUES ('PA_CARRIER','1114','2HGFC2F72JH591853',0,0,{ts '2018-10-29 14:38:14.693477'},{ts '2018-12-05 12:52:41.429596'});
INSERT INTO "GALADM"."GTS_CARRIER_TBX" (TRACKING_AREA,CARRIER_NUMBER,PRODUCT_ID,CARRIER_TYPE,STATUS,CREATE_TIMESTAMP,UPDATE_TIMESTAMP) VALUES ('PA_CARRIER','1115','2HGFC2F74JH591854',0,0,{ts '2018-10-29 14:38:14.696905'},{ts '2018-12-05 12:52:41.429596'});
INSERT INTO "GALADM"."GTS_CARRIER_TBX" (TRACKING_AREA,CARRIER_NUMBER,PRODUCT_ID,CARRIER_TYPE,STATUS,CREATE_TIMESTAMP,UPDATE_TIMESTAMP) VALUES ('PA_CARRIER','1116','2HGFC2F76JH591855',0,0,{ts '2018-10-29 14:38:14.700451'},{ts '2018-12-05 12:52:41.429596'});
INSERT INTO "GALADM"."GTS_CARRIER_TBX" (TRACKING_AREA,CARRIER_NUMBER,PRODUCT_ID,CARRIER_TYPE,STATUS,CREATE_TIMESTAMP,UPDATE_TIMESTAMP) VALUES ('PA_CARRIER','1117','2HGFC2F78JH591856',0,0,{ts '2018-10-29 14:38:14.703930'},{ts '2018-12-05 12:52:41.429596'});
INSERT INTO "GALADM"."GTS_CARRIER_TBX" (TRACKING_AREA,CARRIER_NUMBER,PRODUCT_ID,CARRIER_TYPE,STATUS,CREATE_TIMESTAMP,UPDATE_TIMESTAMP) VALUES ('PA_CARRIER','1118','2HGFC2F7XJH591857',0,0,{ts '2018-10-29 14:38:14.707423'},{ts '2018-12-05 12:52:41.429596'});
INSERT INTO "GALADM"."GTS_CARRIER_TBX" (TRACKING_AREA,CARRIER_NUMBER,PRODUCT_ID,CARRIER_TYPE,STATUS,CREATE_TIMESTAMP,UPDATE_TIMESTAMP) VALUES ('PA_CARRIER','1119','2HGFC2F71JH591858',0,0,{ts '2018-10-29 14:38:14.712651'},{ts '2018-12-05 12:52:41.429596'});
INSERT INTO "GALADM"."GTS_CARRIER_TBX" (TRACKING_AREA,CARRIER_NUMBER,PRODUCT_ID,CARRIER_TYPE,STATUS,CREATE_TIMESTAMP,UPDATE_TIMESTAMP) VALUES ('PA_CARRIER','1120','2HGFC2F73JH591859',0,0,{ts '2018-10-29 14:38:14.716114'},{ts '2018-12-05 12:52:41.429596'});
INSERT INTO "GALADM"."GTS_CARRIER_TBX" (TRACKING_AREA,CARRIER_NUMBER,PRODUCT_ID,CARRIER_TYPE,STATUS,CREATE_TIMESTAMP,UPDATE_TIMESTAMP) VALUES ('PA_CARRIER','1121','2HGFC2F7XJH591860',0,0,{ts '2018-10-29 14:38:14.719504'},{ts '2018-12-05 12:52:41.429596'});
INSERT INTO "GALADM"."GTS_CARRIER_TBX" (TRACKING_AREA,CARRIER_NUMBER,PRODUCT_ID,CARRIER_TYPE,STATUS,CREATE_TIMESTAMP,UPDATE_TIMESTAMP) VALUES ('PA_CARRIER','1122','2HGFC2F71JH591861',0,4,{ts '2018-10-29 14:38:14.723307'},{ts '2018-12-05 12:52:41.429596'});
INSERT INTO "GALADM"."GTS_CARRIER_TBX" (TRACKING_AREA,CARRIER_NUMBER,PRODUCT_ID,CARRIER_TYPE,STATUS,CREATE_TIMESTAMP,UPDATE_TIMESTAMP) VALUES ('PA_CARRIER','1123','2HGFC2F73JH591862',0,0,{ts '2018-10-29 14:38:14.726315'},{ts '2018-12-05 12:52:41.429596'});
INSERT INTO "GALADM"."GTS_CARRIER_TBX" (TRACKING_AREA,CARRIER_NUMBER,PRODUCT_ID,CARRIER_TYPE,STATUS,CREATE_TIMESTAMP,UPDATE_TIMESTAMP) VALUES ('PA_CARRIER','1124','2HGFC2F75JH591863',0,0,{ts '2018-10-29 14:38:14.729618'},{ts '2018-12-05 12:52:41.429596'});
INSERT INTO "GALADM"."GTS_CARRIER_TBX" (TRACKING_AREA,CARRIER_NUMBER,PRODUCT_ID,CARRIER_TYPE,STATUS,CREATE_TIMESTAMP,UPDATE_TIMESTAMP) VALUES ('PA_CARRIER','1125','2HGFC2F79JH591865',0,0,{ts '2018-10-29 14:38:14.733869'},{ts '2018-12-05 12:52:41.429596'});
INSERT INTO "GALADM"."GTS_CARRIER_TBX" (TRACKING_AREA,CARRIER_NUMBER,PRODUCT_ID,CARRIER_TYPE,STATUS,CREATE_TIMESTAMP,UPDATE_TIMESTAMP) VALUES ('PA_CARRIER','1126','2HGFC2F70JH591866',0,0,{ts '2018-10-29 14:38:14.737334'},{ts '2018-12-05 12:52:41.429596'});
INSERT INTO "GALADM"."GTS_CARRIER_TBX" (TRACKING_AREA,CARRIER_NUMBER,PRODUCT_ID,CARRIER_TYPE,STATUS,CREATE_TIMESTAMP,UPDATE_TIMESTAMP) VALUES ('PA_CARRIER','1127','2HGFC2F77JH591864',0,0,{ts '2018-10-29 14:38:14.740573'},{ts '2018-12-05 12:52:41.429596'});
INSERT INTO "GALADM"."GTS_CARRIER_TBX" (TRACKING_AREA,CARRIER_NUMBER,PRODUCT_ID,CARRIER_TYPE,STATUS,CREATE_TIMESTAMP,UPDATE_TIMESTAMP) VALUES ('PA_CARRIER','1128','2HGFC2F72JH591867',0,0,{ts '2018-10-29 14:38:14.744448'},{ts '2018-12-05 12:52:41.429596'});
INSERT INTO "GALADM"."GTS_CARRIER_TBX" (TRACKING_AREA,CARRIER_NUMBER,PRODUCT_ID,CARRIER_TYPE,STATUS,CREATE_TIMESTAMP,UPDATE_TIMESTAMP) VALUES ('PA_CARRIER','1129','2HGFC2F74JH591868',0,0,{ts '2018-10-29 14:38:14.747931'},{ts '2018-12-05 12:52:41.429596'});
INSERT INTO "GALADM"."GTS_CARRIER_TBX" (TRACKING_AREA,CARRIER_NUMBER,PRODUCT_ID,CARRIER_TYPE,STATUS,CREATE_TIMESTAMP,UPDATE_TIMESTAMP) VALUES ('PA_CARRIER','1130','2HGFC2F76JH591869',0,0,{ts '2018-10-29 14:38:14.752783'},{ts '2018-12-05 12:52:41.429596'});
INSERT INTO "GALADM"."GTS_CARRIER_TBX" (TRACKING_AREA,CARRIER_NUMBER,PRODUCT_ID,CARRIER_TYPE,STATUS,CREATE_TIMESTAMP,UPDATE_TIMESTAMP) VALUES ('PA_CARRIER','1131','2HGFC2F72JH591870',0,0,{ts '2018-10-29 14:38:14.755648'},{ts '2018-12-05 12:52:41.429596'});
INSERT INTO "GALADM"."GTS_CARRIER_TBX" (TRACKING_AREA,CARRIER_NUMBER,PRODUCT_ID,CARRIER_TYPE,STATUS,CREATE_TIMESTAMP,UPDATE_TIMESTAMP) VALUES ('PA_CARRIER','1132','2HGFC2F74JH591871',0,0,{ts '2018-10-29 14:38:14.758962'},{ts '2018-12-05 12:52:41.429596'});
INSERT INTO "GALADM"."GTS_CARRIER_TBX" (TRACKING_AREA,CARRIER_NUMBER,PRODUCT_ID,CARRIER_TYPE,STATUS,CREATE_TIMESTAMP,UPDATE_TIMESTAMP) VALUES ('PA_CARRIER','1133','2HGFC2F76JH591872',0,0,{ts '2018-10-29 14:38:14.764286'},{ts '2018-12-05 12:52:41.429596'});
INSERT INTO "GALADM"."GTS_CARRIER_TBX" (TRACKING_AREA,CARRIER_NUMBER,PRODUCT_ID,CARRIER_TYPE,STATUS,CREATE_TIMESTAMP,UPDATE_TIMESTAMP) VALUES ('PA_CARRIER','1134','2HGFC2F78JH591873',0,0,{ts '2018-10-29 14:38:14.767830'},{ts '2018-12-05 12:52:41.429596'});
INSERT INTO "GALADM"."GTS_CARRIER_TBX" (TRACKING_AREA,CARRIER_NUMBER,PRODUCT_ID,CARRIER_TYPE,STATUS,CREATE_TIMESTAMP,UPDATE_TIMESTAMP) VALUES ('PA_CARRIER','1135','2HGFC2F7XJH591874',0,0,{ts '2018-10-29 14:38:14.778811'},{ts '2018-12-05 12:52:41.429596'});
INSERT INTO "GALADM"."GTS_CARRIER_TBX" (TRACKING_AREA,CARRIER_NUMBER,PRODUCT_ID,CARRIER_TYPE,STATUS,CREATE_TIMESTAMP,UPDATE_TIMESTAMP) VALUES ('PA_CARRIER','1136','2HGFC2F71JH591875',0,0,{ts '2018-10-29 14:38:14.782840'},{ts '2018-12-05 12:52:41.429596'});
INSERT INTO "GALADM"."GTS_CARRIER_TBX" (TRACKING_AREA,CARRIER_NUMBER,PRODUCT_ID,CARRIER_TYPE,STATUS,CREATE_TIMESTAMP,UPDATE_TIMESTAMP) VALUES ('PA_CARRIER','1137','2HGFC2F77JH591878',0,0,{ts '2018-10-29 14:38:14.791033'},{ts '2018-12-05 12:52:41.429596'});
INSERT INTO "GALADM"."GTS_CARRIER_TBX" (TRACKING_AREA,CARRIER_NUMBER,PRODUCT_ID,CARRIER_TYPE,STATUS,CREATE_TIMESTAMP,UPDATE_TIMESTAMP) VALUES ('PA_CARRIER','1138','2HGFC2F75JH591880',0,0,{ts '2018-10-29 14:38:14.796092'},{ts '2018-12-05 12:52:41.429596'});
INSERT INTO "GALADM"."GTS_CARRIER_TBX" (TRACKING_AREA,CARRIER_NUMBER,PRODUCT_ID,CARRIER_TYPE,STATUS,CREATE_TIMESTAMP,UPDATE_TIMESTAMP) VALUES ('PA_CARRIER','1139','2HGFC2F79JH591879',0,0,{ts '2018-10-29 14:38:14.801013'},{ts '2018-12-05 12:52:41.429596'});
INSERT INTO "GALADM"."GTS_CARRIER_TBX" (TRACKING_AREA,CARRIER_NUMBER,PRODUCT_ID,CARRIER_TYPE,STATUS,CREATE_TIMESTAMP,UPDATE_TIMESTAMP) VALUES ('PA_CARRIER','1140','2HGFC2F77JH591881',0,0,{ts '2018-10-29 14:38:14.805270'},{ts '2018-12-05 12:52:41.429596'});
INSERT INTO "GALADM"."GTS_CARRIER_TBX" (TRACKING_AREA,CARRIER_NUMBER,PRODUCT_ID,CARRIER_TYPE,STATUS,CREATE_TIMESTAMP,UPDATE_TIMESTAMP) VALUES ('PA_CARRIER','1141','2HGFC2F79JH591882',0,0,{ts '2018-10-29 14:38:14.810812'},{ts '2018-12-05 12:52:41.429596'});
INSERT INTO "GALADM"."GTS_CARRIER_TBX" (TRACKING_AREA,CARRIER_NUMBER,PRODUCT_ID,CARRIER_TYPE,STATUS,CREATE_TIMESTAMP,UPDATE_TIMESTAMP) VALUES ('PA_CARRIER','1142','2HGFC2F70JH591883',0,0,{ts '2018-10-29 14:38:14.814844'},{ts '2018-12-05 12:52:41.429596'});
INSERT INTO "GALADM"."GTS_CARRIER_TBX" (TRACKING_AREA,CARRIER_NUMBER,PRODUCT_ID,CARRIER_TYPE,STATUS,CREATE_TIMESTAMP,UPDATE_TIMESTAMP) VALUES ('PA_CARRIER','1143','2HGFC2F72JH591884',0,0,{ts '2018-10-29 14:38:14.820487'},{ts '2018-12-05 12:52:41.429596'});
INSERT INTO "GALADM"."GTS_CARRIER_TBX" (TRACKING_AREA,CARRIER_NUMBER,PRODUCT_ID,CARRIER_TYPE,STATUS,CREATE_TIMESTAMP,UPDATE_TIMESTAMP) VALUES ('PA_CARRIER','1144','2HGFC2F74JH591885',0,0,{ts '2018-10-29 14:38:14.824378'},{ts '2018-12-05 12:52:41.429596'});
INSERT INTO "GALADM"."GTS_CARRIER_TBX" (TRACKING_AREA,CARRIER_NUMBER,PRODUCT_ID,CARRIER_TYPE,STATUS,CREATE_TIMESTAMP,UPDATE_TIMESTAMP) VALUES ('PA_CARRIER','1145','2HGFC2F76JH591886',0,0,{ts '2018-10-29 14:38:14.828290'},{ts '2018-12-05 12:52:41.429596'});
INSERT INTO "GALADM"."GTS_CARRIER_TBX" (TRACKING_AREA,CARRIER_NUMBER,PRODUCT_ID,CARRIER_TYPE,STATUS,CREATE_TIMESTAMP,UPDATE_TIMESTAMP) VALUES ('PA_CARRIER','1146','2HGFC2F78JH591887',0,0,{ts '2018-10-29 14:38:14.833134'},{ts '2018-12-05 12:52:41.429596'});
INSERT INTO "GALADM"."GTS_CARRIER_TBX" (TRACKING_AREA,CARRIER_NUMBER,PRODUCT_ID,CARRIER_TYPE,STATUS,CREATE_TIMESTAMP,UPDATE_TIMESTAMP) VALUES ('PA_CARRIER','1147','2HGFC2F7XJH591888',0,0,{ts '2018-10-29 14:38:14.837773'},{ts '2018-12-05 12:52:41.429596'});
INSERT INTO "GALADM"."GTS_CARRIER_TBX" (TRACKING_AREA,CARRIER_NUMBER,PRODUCT_ID,CARRIER_TYPE,STATUS,CREATE_TIMESTAMP,UPDATE_TIMESTAMP) VALUES ('PA_CARRIER','1148','2HGFC2F71JH591889',0,0,{ts '2018-10-29 14:38:14.844063'},{ts '2018-12-05 12:52:41.429596'});
INSERT INTO "GALADM"."GTS_CARRIER_TBX" (TRACKING_AREA,CARRIER_NUMBER,PRODUCT_ID,CARRIER_TYPE,STATUS,CREATE_TIMESTAMP,UPDATE_TIMESTAMP) VALUES ('PA_CARRIER','1149','2HGFC2F78JH591890',0,0,{ts '2018-10-29 14:38:14.848223'},{ts '2018-12-05 12:52:41.429596'});
INSERT INTO "GALADM"."GTS_CARRIER_TBX" (TRACKING_AREA,CARRIER_NUMBER,PRODUCT_ID,CARRIER_TYPE,STATUS,CREATE_TIMESTAMP,UPDATE_TIMESTAMP) VALUES ('PA_CARRIER','1150','2HGFC2F7XJH591891',0,0,{ts '2018-10-29 14:38:14.852196'},{ts '2018-12-05 12:52:41.429596'});
INSERT INTO "GALADM"."GTS_CARRIER_TBX" (TRACKING_AREA,CARRIER_NUMBER,PRODUCT_ID,CARRIER_TYPE,STATUS,CREATE_TIMESTAMP,UPDATE_TIMESTAMP) VALUES ('PA_CARRIER','1151','2HGFC2F71JH591892',0,0,{ts '2018-10-29 14:38:14.856964'},{ts '2018-12-05 12:52:41.429596'});
INSERT INTO "GALADM"."GTS_CARRIER_TBX" (TRACKING_AREA,CARRIER_NUMBER,PRODUCT_ID,CARRIER_TYPE,STATUS,CREATE_TIMESTAMP,UPDATE_TIMESTAMP) VALUES ('PA_CARRIER','1152','2HGFC2F73JH591893',0,0,{ts '2018-10-29 14:38:14.862338'},{ts '2018-12-05 12:52:41.429596'});
INSERT INTO "GALADM"."GTS_CARRIER_TBX" (TRACKING_AREA,CARRIER_NUMBER,PRODUCT_ID,CARRIER_TYPE,STATUS,CREATE_TIMESTAMP,UPDATE_TIMESTAMP) VALUES ('PA_CARRIER','1153','2HGFC2F75JH591894',0,0,{ts '2018-10-29 14:38:14.865957'},{ts '2018-12-05 12:52:41.429596'});
INSERT INTO "GALADM"."GTS_CARRIER_TBX" (TRACKING_AREA,CARRIER_NUMBER,PRODUCT_ID,CARRIER_TYPE,STATUS,CREATE_TIMESTAMP,UPDATE_TIMESTAMP) VALUES ('PA_CARRIER','1154','2HGFC2F77JH591895',0,0,{ts '2018-10-29 14:38:14.872764'},{ts '2018-12-05 12:52:41.429596'});
INSERT INTO "GALADM"."GTS_CARRIER_TBX" (TRACKING_AREA,CARRIER_NUMBER,PRODUCT_ID,CARRIER_TYPE,STATUS,CREATE_TIMESTAMP,UPDATE_TIMESTAMP) VALUES ('PA_CARRIER','1155','2HGFC2F79JH591896',0,0,{ts '2018-10-29 14:38:14.877856'},{ts '2018-12-05 12:52:41.429596'});
INSERT INTO "GALADM"."GTS_CARRIER_TBX" (TRACKING_AREA,CARRIER_NUMBER,PRODUCT_ID,CARRIER_TYPE,STATUS,CREATE_TIMESTAMP,UPDATE_TIMESTAMP) VALUES ('PA_CARRIER','1156','2HGFC2F70JH591897',0,0,{ts '2018-10-29 14:38:14.880843'},{ts '2018-12-05 12:52:41.429596'});
INSERT INTO "GALADM"."GTS_CARRIER_TBX" (TRACKING_AREA,CARRIER_NUMBER,PRODUCT_ID,CARRIER_TYPE,STATUS,CREATE_TIMESTAMP,UPDATE_TIMESTAMP) VALUES ('PA_CARRIER','1157','2HGFC2F72JH591898',0,0,{ts '2018-10-29 14:38:14.884592'},{ts '2018-12-05 12:52:41.429596'});
INSERT INTO "GALADM"."GTS_CARRIER_TBX" (TRACKING_AREA,CARRIER_NUMBER,PRODUCT_ID,CARRIER_TYPE,STATUS,CREATE_TIMESTAMP,UPDATE_TIMESTAMP) VALUES ('PA_CARRIER','1158','2HGFC2F74JH591899',0,0,{ts '2018-10-29 14:38:14.888135'},{ts '2018-12-05 12:52:41.429596'});
INSERT INTO "GALADM"."GTS_CARRIER_TBX" (TRACKING_AREA,CARRIER_NUMBER,PRODUCT_ID,CARRIER_TYPE,STATUS,CREATE_TIMESTAMP,UPDATE_TIMESTAMP) VALUES ('PA_CARRIER','1159','2HGFC2F77JH591900',0,0,{ts '2018-10-29 14:38:14.891839'},{ts '2018-12-05 12:52:41.429596'});
INSERT INTO "GALADM"."GTS_CARRIER_TBX" (TRACKING_AREA,CARRIER_NUMBER,PRODUCT_ID,CARRIER_TYPE,STATUS,CREATE_TIMESTAMP,UPDATE_TIMESTAMP) VALUES ('PA_CARRIER','1160','2HGFC2F79JH591901',0,0,{ts '2018-10-29 14:38:14.895276'},{ts '2018-12-05 12:52:41.429596'});
INSERT INTO "GALADM"."GTS_CARRIER_TBX" (TRACKING_AREA,CARRIER_NUMBER,PRODUCT_ID,CARRIER_TYPE,STATUS,CREATE_TIMESTAMP,UPDATE_TIMESTAMP) VALUES ('PA_CARRIER','1161','2HGFC2F70JH591902',0,0,{ts '2018-10-29 14:38:14.898305'},{ts '2018-12-05 12:52:41.429596'});
INSERT INTO "GALADM"."GTS_CARRIER_TBX" (TRACKING_AREA,CARRIER_NUMBER,PRODUCT_ID,CARRIER_TYPE,STATUS,CREATE_TIMESTAMP,UPDATE_TIMESTAMP) VALUES ('PA_CARRIER','1162','2HGFC2F72JH591903',0,0,{ts '2018-10-29 14:38:14.901375'},{ts '2018-12-05 12:52:41.429596'});
INSERT INTO "GALADM"."GTS_CARRIER_TBX" (TRACKING_AREA,CARRIER_NUMBER,PRODUCT_ID,CARRIER_TYPE,STATUS,CREATE_TIMESTAMP,UPDATE_TIMESTAMP) VALUES ('PA_CARRIER','1163','2HGFC2F74JH591904',0,0,{ts '2018-10-29 14:38:14.904560'},{ts '2018-12-05 12:52:41.429596'});
INSERT INTO "GALADM"."GTS_CARRIER_TBX" (TRACKING_AREA,CARRIER_NUMBER,PRODUCT_ID,CARRIER_TYPE,STATUS,CREATE_TIMESTAMP,UPDATE_TIMESTAMP) VALUES ('PA_CARRIER','1164','2HGFC2F76JH591905',0,0,{ts '2018-10-29 14:38:14.908017'},{ts '2018-12-05 12:52:41.429596'});
INSERT INTO "GALADM"."GTS_CARRIER_TBX" (TRACKING_AREA,CARRIER_NUMBER,PRODUCT_ID,CARRIER_TYPE,STATUS,CREATE_TIMESTAMP,UPDATE_TIMESTAMP) VALUES ('PA_CARRIER','1165','2HGFC2F78JH591906',0,0,{ts '2018-10-29 14:38:14.911620'},{ts '2018-12-05 12:52:41.429596'});
INSERT INTO "GALADM"."GTS_CARRIER_TBX" (TRACKING_AREA,CARRIER_NUMBER,PRODUCT_ID,CARRIER_TYPE,STATUS,CREATE_TIMESTAMP,UPDATE_TIMESTAMP) VALUES ('PA_CARRIER','1166','2HGFC2F7XJH591907',0,0,{ts '2018-10-29 14:38:14.915460'},{ts '2018-12-05 12:52:41.429596'});
INSERT INTO "GALADM"."GTS_CARRIER_TBX" (TRACKING_AREA,CARRIER_NUMBER,PRODUCT_ID,CARRIER_TYPE,STATUS,CREATE_TIMESTAMP,UPDATE_TIMESTAMP) VALUES ('PA_CARRIER','1167','2HGFC2F71JH591908',0,0,{ts '2018-10-29 14:38:14.918755'},{ts '2018-12-05 12:52:41.429596'});
INSERT INTO "GALADM"."GTS_CARRIER_TBX" (TRACKING_AREA,CARRIER_NUMBER,PRODUCT_ID,CARRIER_TYPE,STATUS,CREATE_TIMESTAMP,UPDATE_TIMESTAMP) VALUES ('PA_CARRIER','1168','2HGFC2F73JH591909',0,0,{ts '2018-10-29 14:38:14.922169'},{ts '2018-12-05 12:52:41.429596'});
INSERT INTO "GALADM"."GTS_CARRIER_TBX" (TRACKING_AREA,CARRIER_NUMBER,PRODUCT_ID,CARRIER_TYPE,STATUS,CREATE_TIMESTAMP,UPDATE_TIMESTAMP) VALUES ('PA_CARRIER','1169','2HGFC2F7XJH591910',0,0,{ts '2018-10-29 14:38:14.925941'},{ts '2018-12-05 12:52:41.429596'});
INSERT INTO "GALADM"."GTS_CARRIER_TBX" (TRACKING_AREA,CARRIER_NUMBER,PRODUCT_ID,CARRIER_TYPE,STATUS,CREATE_TIMESTAMP,UPDATE_TIMESTAMP) VALUES ('PA_CARRIER','1170','2HGFC2F71JH591911',0,0,{ts '2018-10-29 14:38:14.929332'},{ts '2018-12-05 12:52:41.429596'});
INSERT INTO "GALADM"."GTS_CARRIER_TBX" (TRACKING_AREA,CARRIER_NUMBER,PRODUCT_ID,CARRIER_TYPE,STATUS,CREATE_TIMESTAMP,UPDATE_TIMESTAMP) VALUES ('PA_CARRIER','1171','2HGFC2F73JH591912',0,0,{ts '2018-10-29 14:38:14.932698'},{ts '2018-12-05 12:52:41.429596'});
INSERT INTO "GALADM"."GTS_CARRIER_TBX" (TRACKING_AREA,CARRIER_NUMBER,PRODUCT_ID,CARRIER_TYPE,STATUS,CREATE_TIMESTAMP,UPDATE_TIMESTAMP) VALUES ('PA_CARRIER','1172','2HGFC2F75JH591913',0,0,{ts '2018-10-29 14:38:14.936367'},{ts '2018-12-05 12:52:41.429596'});
INSERT INTO "GALADM"."GTS_CARRIER_TBX" (TRACKING_AREA,CARRIER_NUMBER,PRODUCT_ID,CARRIER_TYPE,STATUS,CREATE_TIMESTAMP,UPDATE_TIMESTAMP) VALUES ('PA_CARRIER','1173','2HGFC2F77JH591914',0,0,{ts '2018-10-29 14:38:14.939775'},{ts '2018-12-05 12:52:41.429596'});
INSERT INTO "GALADM"."GTS_CARRIER_TBX" (TRACKING_AREA,CARRIER_NUMBER,PRODUCT_ID,CARRIER_TYPE,STATUS,CREATE_TIMESTAMP,UPDATE_TIMESTAMP) VALUES ('PA_CARRIER','1174','2HGFC2F79JH591915',0,0,{ts '2018-10-29 14:38:14.943014'},{ts '2018-12-05 12:52:41.429596'});
INSERT INTO "GALADM"."GTS_CARRIER_TBX" (TRACKING_AREA,CARRIER_NUMBER,PRODUCT_ID,CARRIER_TYPE,STATUS,CREATE_TIMESTAMP,UPDATE_TIMESTAMP) VALUES ('PA_CARRIER','1175','2HGFC2F70JH591916',0,0,{ts '2018-10-29 14:38:14.946518'},{ts '2018-12-05 12:52:41.429596'});
INSERT INTO "GALADM"."GTS_CARRIER_TBX" (TRACKING_AREA,CARRIER_NUMBER,PRODUCT_ID,CARRIER_TYPE,STATUS,CREATE_TIMESTAMP,UPDATE_TIMESTAMP) VALUES ('PA_CARRIER','1176','2HGFC2F72JH591917',0,0,{ts '2018-10-29 14:38:14.970100'},{ts '2018-12-05 12:52:41.429596'});
INSERT INTO "GALADM"."GTS_CARRIER_TBX" (TRACKING_AREA,CARRIER_NUMBER,PRODUCT_ID,CARRIER_TYPE,STATUS,CREATE_TIMESTAMP,UPDATE_TIMESTAMP) VALUES ('PA_CARRIER','1177','2HGFC2F74JH591918',0,0,{ts '2018-10-29 14:38:14.973822'},{ts '2018-12-05 12:52:41.429596'});
INSERT INTO "GALADM"."GTS_CARRIER_TBX" (TRACKING_AREA,CARRIER_NUMBER,PRODUCT_ID,CARRIER_TYPE,STATUS,CREATE_TIMESTAMP,UPDATE_TIMESTAMP) VALUES ('PA_CARRIER','1178','2HGFC2F76JH591919',0,0,{ts '2018-10-29 14:38:14.978557'},{ts '2018-12-05 12:52:41.429596'});
INSERT INTO "GALADM"."GTS_CARRIER_TBX" (TRACKING_AREA,CARRIER_NUMBER,PRODUCT_ID,CARRIER_TYPE,STATUS,CREATE_TIMESTAMP,UPDATE_TIMESTAMP) VALUES ('PA_CARRIER','1179','2HGFC2F72JH591920',0,0,{ts '2018-10-29 14:38:14.982659'},{ts '2018-12-05 12:52:41.429596'});
INSERT INTO "GALADM"."GTS_CARRIER_TBX" (TRACKING_AREA,CARRIER_NUMBER,PRODUCT_ID,CARRIER_TYPE,STATUS,CREATE_TIMESTAMP,UPDATE_TIMESTAMP) VALUES ('PA_CARRIER','1180','2HGFC2F74JH591921',0,0,{ts '2018-10-29 14:38:14.986082'},{ts '2018-12-05 12:52:41.429596'});
INSERT INTO "GALADM"."GTS_CARRIER_TBX" (TRACKING_AREA,CARRIER_NUMBER,PRODUCT_ID,CARRIER_TYPE,STATUS,CREATE_TIMESTAMP,UPDATE_TIMESTAMP) VALUES ('PA_CARRIER','1181','2HGFC2F76JH591922',0,0,{ts '2018-10-29 14:38:14.989291'},{ts '2018-12-05 12:52:41.429596'});
INSERT INTO "GALADM"."GTS_CARRIER_TBX" (TRACKING_AREA,CARRIER_NUMBER,PRODUCT_ID,CARRIER_TYPE,STATUS,CREATE_TIMESTAMP,UPDATE_TIMESTAMP) VALUES ('PA_CARRIER','1182','2HGFC2F78JH591923',0,0,{ts '2018-10-29 14:38:14.992800'},{ts '2018-12-05 12:52:41.429596'});
INSERT INTO "GALADM"."GTS_CARRIER_TBX" (TRACKING_AREA,CARRIER_NUMBER,PRODUCT_ID,CARRIER_TYPE,STATUS,CREATE_TIMESTAMP,UPDATE_TIMESTAMP) VALUES ('PA_CARRIER','1183','2HGFC2F7XJH591924',0,0,{ts '2018-10-29 14:38:14.996167'},{ts '2018-12-05 12:52:41.429596'});
INSERT INTO "GALADM"."GTS_CARRIER_TBX" (TRACKING_AREA,CARRIER_NUMBER,PRODUCT_ID,CARRIER_TYPE,STATUS,CREATE_TIMESTAMP,UPDATE_TIMESTAMP) VALUES ('PA_CARRIER','1184','2HGFC2F71JH591925',0,0,{ts '2018-10-29 14:38:14.999579'},{ts '2018-12-05 12:52:41.429596'});
INSERT INTO "GALADM"."GTS_CARRIER_TBX" (TRACKING_AREA,CARRIER_NUMBER,PRODUCT_ID,CARRIER_TYPE,STATUS,CREATE_TIMESTAMP,UPDATE_TIMESTAMP) VALUES ('PA_CARRIER','1185','2HGFC2F73JH591926',0,0,{ts '2018-10-29 14:38:15.002988'},{ts '2018-12-05 12:52:41.429596'});
INSERT INTO "GALADM"."GTS_CARRIER_TBX" (TRACKING_AREA,CARRIER_NUMBER,PRODUCT_ID,CARRIER_TYPE,STATUS,CREATE_TIMESTAMP,UPDATE_TIMESTAMP) VALUES ('PA_CARRIER','1186','2HGFC2F75JH591927',0,0,{ts '2018-10-29 14:38:15.006316'},{ts '2018-12-05 12:52:41.429596'});
INSERT INTO "GALADM"."GTS_CARRIER_TBX" (TRACKING_AREA,CARRIER_NUMBER,PRODUCT_ID,CARRIER_TYPE,STATUS,CREATE_TIMESTAMP,UPDATE_TIMESTAMP) VALUES ('PA_CARRIER','1187','2HGFC2F77JH591928',0,0,{ts '2018-10-29 14:38:15.009790'},{ts '2018-12-05 12:52:41.429596'});
INSERT INTO "GALADM"."GTS_CARRIER_TBX" (TRACKING_AREA,CARRIER_NUMBER,PRODUCT_ID,CARRIER_TYPE,STATUS,CREATE_TIMESTAMP,UPDATE_TIMESTAMP) VALUES ('PA_CARRIER','1188','2HGFC2F79JH591929',0,0,{ts '2018-10-29 14:38:15.013355'},{ts '2018-12-05 12:52:41.429596'});
INSERT INTO "GALADM"."GTS_CARRIER_TBX" (TRACKING_AREA,CARRIER_NUMBER,PRODUCT_ID,CARRIER_TYPE,STATUS,CREATE_TIMESTAMP,UPDATE_TIMESTAMP) VALUES ('PA_CARRIER','1189','2HGFC2F75JH591930',0,0,{ts '2018-10-29 14:38:15.016833'},{ts '2018-12-05 12:52:41.429596'});
INSERT INTO "GALADM"."GTS_CARRIER_TBX" (TRACKING_AREA,CARRIER_NUMBER,PRODUCT_ID,CARRIER_TYPE,STATUS,CREATE_TIMESTAMP,UPDATE_TIMESTAMP) VALUES ('PA_CARRIER','1190','2HGFC2F77JH591931',0,0,{ts '2018-10-29 14:38:15.020128'},{ts '2018-12-05 12:52:41.429596'});
INSERT INTO "GALADM"."GTS_CARRIER_TBX" (TRACKING_AREA,CARRIER_NUMBER,PRODUCT_ID,CARRIER_TYPE,STATUS,CREATE_TIMESTAMP,UPDATE_TIMESTAMP) VALUES ('PA_CARRIER','1191','2HGFC2F79JH591932',0,0,{ts '2018-10-29 14:38:15.023582'},{ts '2018-12-05 12:52:41.429596'});
INSERT INTO "GALADM"."GTS_CARRIER_TBX" (TRACKING_AREA,CARRIER_NUMBER,PRODUCT_ID,CARRIER_TYPE,STATUS,CREATE_TIMESTAMP,UPDATE_TIMESTAMP) VALUES ('PA_CARRIER','1192','2HGFC2F70JH591933',0,0,{ts '2018-10-29 14:38:15.030094'},{ts '2018-12-05 12:52:41.429596'});
INSERT INTO "GALADM"."GTS_CARRIER_TBX" (TRACKING_AREA,CARRIER_NUMBER,PRODUCT_ID,CARRIER_TYPE,STATUS,CREATE_TIMESTAMP,UPDATE_TIMESTAMP) VALUES ('PA_CARRIER','1193','2HGFC2F72JH591934',0,0,{ts '2018-10-29 14:38:15.034173'},{ts '2018-12-05 12:52:41.429596'});
INSERT INTO "GALADM"."GTS_CARRIER_TBX" (TRACKING_AREA,CARRIER_NUMBER,PRODUCT_ID,CARRIER_TYPE,STATUS,CREATE_TIMESTAMP,UPDATE_TIMESTAMP) VALUES ('PA_CARRIER','1194','2HGFC2F74JH591935',0,0,{ts '2018-10-29 14:38:15.037612'},{ts '2018-12-05 12:52:41.429596'});
INSERT INTO "GALADM"."GTS_CARRIER_TBX" (TRACKING_AREA,CARRIER_NUMBER,PRODUCT_ID,CARRIER_TYPE,STATUS,CREATE_TIMESTAMP,UPDATE_TIMESTAMP) VALUES ('PA_CARRIER','1195','2HGFC2F76JH591936',0,0,{ts '2018-10-29 14:38:15.041071'},{ts '2018-12-05 12:52:41.429596'});
INSERT INTO "GALADM"."GTS_CARRIER_TBX" (TRACKING_AREA,CARRIER_NUMBER,PRODUCT_ID,CARRIER_TYPE,STATUS,CREATE_TIMESTAMP,UPDATE_TIMESTAMP) VALUES ('PA_CARRIER','1196','2HGFC2F78JH591937',0,0,{ts '2018-10-29 14:38:15.044433'},{ts '2018-12-05 12:52:41.429596'});
INSERT INTO "GALADM"."GTS_CARRIER_TBX" (TRACKING_AREA,CARRIER_NUMBER,PRODUCT_ID,CARRIER_TYPE,STATUS,CREATE_TIMESTAMP,UPDATE_TIMESTAMP) VALUES ('PA_CARRIER','1197','2HGFC2F7XJH591938',0,0,{ts '2018-10-29 14:38:15.047932'},{ts '2018-12-05 12:52:41.429596'});
INSERT INTO "GALADM"."GTS_CARRIER_TBX" (TRACKING_AREA,CARRIER_NUMBER,PRODUCT_ID,CARRIER_TYPE,STATUS,CREATE_TIMESTAMP,UPDATE_TIMESTAMP) VALUES ('PA_CARRIER','1198','2HGFC2F78JH591940',0,0,{ts '2018-10-29 14:38:15.050906'},{ts '2018-12-05 12:52:41.429596'});
INSERT INTO "GALADM"."GTS_CARRIER_TBX" (TRACKING_AREA,CARRIER_NUMBER,PRODUCT_ID,CARRIER_TYPE,STATUS,CREATE_TIMESTAMP,UPDATE_TIMESTAMP) VALUES ('PA_CARRIER','1199','2HGFC2F71JH591939',0,0,{ts '2018-10-29 14:38:15.054503'},{ts '2018-12-05 12:52:41.429596'});
INSERT INTO "GALADM"."GTS_CARRIER_TBX" (TRACKING_AREA,CARRIER_NUMBER,PRODUCT_ID,CARRIER_TYPE,STATUS,CREATE_TIMESTAMP,UPDATE_TIMESTAMP) VALUES ('PA_CARRIER','1200','2HGFC2F72JH591951',0,0,{ts '2018-10-29 14:38:15.057915'},{ts '2018-12-05 12:52:41.429596'});
INSERT INTO "GALADM"."GTS_CARRIER_TBX" (TRACKING_AREA,CARRIER_NUMBER,PRODUCT_ID,CARRIER_TYPE,STATUS,CREATE_TIMESTAMP,UPDATE_TIMESTAMP) VALUES ('PA_CARRIER','1201','2HGFC2F74JH591952',0,0,{ts '2018-10-29 14:38:15.061310'},{ts '2018-12-05 12:52:41.429596'});
INSERT INTO "GALADM"."GTS_CARRIER_TBX" (TRACKING_AREA,CARRIER_NUMBER,PRODUCT_ID,CARRIER_TYPE,STATUS,CREATE_TIMESTAMP,UPDATE_TIMESTAMP) VALUES ('PA_CARRIER','1202','2HGFC2F76JH591953',0,0,{ts '2018-10-29 14:38:15.064194'},{ts '2018-12-05 12:52:41.429596'});
INSERT INTO "GALADM"."GTS_CARRIER_TBX" (TRACKING_AREA,CARRIER_NUMBER,PRODUCT_ID,CARRIER_TYPE,STATUS,CREATE_TIMESTAMP,UPDATE_TIMESTAMP) VALUES ('PA_CARRIER','1203','2HGFC2F78JH591954',0,0,{ts '2018-10-29 14:38:15.067374'},{ts '2018-12-05 12:52:41.429596'});
INSERT INTO "GALADM"."GTS_CARRIER_TBX" (TRACKING_AREA,CARRIER_NUMBER,PRODUCT_ID,CARRIER_TYPE,STATUS,CREATE_TIMESTAMP,UPDATE_TIMESTAMP) VALUES ('PA_CARRIER','1204','2HGFC2F77JH591959',0,0,{ts '2018-10-29 14:38:15.070437'},{ts '2018-12-05 12:52:41.429596'});
INSERT INTO "GALADM"."GTS_CARRIER_TBX" (TRACKING_AREA,CARRIER_NUMBER,PRODUCT_ID,CARRIER_TYPE,STATUS,CREATE_TIMESTAMP,UPDATE_TIMESTAMP) VALUES ('PA_CARRIER','1205','2HGFC2F73JH591960',0,0,{ts '2018-10-29 14:38:15.073841'},{ts '2018-12-05 12:52:41.429596'});
INSERT INTO "GALADM"."GTS_CARRIER_TBX" (TRACKING_AREA,CARRIER_NUMBER,PRODUCT_ID,CARRIER_TYPE,STATUS,CREATE_TIMESTAMP,UPDATE_TIMESTAMP) VALUES ('PA_CARRIER','1206','2HGFC2F75JH591961',0,0,{ts '2018-10-29 14:38:15.077897'},{ts '2018-12-05 12:52:41.429596'});
INSERT INTO "GALADM"."GTS_CARRIER_TBX" (TRACKING_AREA,CARRIER_NUMBER,PRODUCT_ID,CARRIER_TYPE,STATUS,CREATE_TIMESTAMP,UPDATE_TIMESTAMP) VALUES ('PA_CARRIER','1207','2HGFC2F77JH591962',0,0,{ts '2018-10-29 14:38:15.081455'},{ts '2018-12-05 12:52:41.429596'});
INSERT INTO "GALADM"."GTS_CARRIER_TBX" (TRACKING_AREA,CARRIER_NUMBER,PRODUCT_ID,CARRIER_TYPE,STATUS,CREATE_TIMESTAMP,UPDATE_TIMESTAMP) VALUES ('PA_CARRIER','1208','2HGFC2F79JH591963',0,0,{ts '2018-10-29 14:38:15.084805'},{ts '2018-12-05 12:52:41.429596'});
INSERT INTO "GALADM"."GTS_CARRIER_TBX" (TRACKING_AREA,CARRIER_NUMBER,PRODUCT_ID,CARRIER_TYPE,STATUS,CREATE_TIMESTAMP,UPDATE_TIMESTAMP) VALUES ('PA_CARRIER','1209','2HGFC2F72JH591965',0,0,{ts '2018-10-29 14:38:15.088405'},{ts '2018-12-05 12:52:41.429596'});
INSERT INTO "GALADM"."GTS_CARRIER_TBX" (TRACKING_AREA,CARRIER_NUMBER,PRODUCT_ID,CARRIER_TYPE,STATUS,CREATE_TIMESTAMP,UPDATE_TIMESTAMP) VALUES ('PA_CARRIER','1210','2HGFC2F70JH591964',0,0,{ts '2018-10-29 14:38:15.091750'},{ts '2018-12-05 12:52:41.429596'});
INSERT INTO "GALADM"."GTS_CARRIER_TBX" (TRACKING_AREA,CARRIER_NUMBER,PRODUCT_ID,CARRIER_TYPE,STATUS,CREATE_TIMESTAMP,UPDATE_TIMESTAMP) VALUES ('PA_CARRIER','1211','2HGFC2F74JH591966',0,0,{ts '2018-10-29 14:38:15.095247'},{ts '2018-12-05 12:52:41.429596'});
INSERT INTO "GALADM"."GTS_CARRIER_TBX" (TRACKING_AREA,CARRIER_NUMBER,PRODUCT_ID,CARRIER_TYPE,STATUS,CREATE_TIMESTAMP,UPDATE_TIMESTAMP) VALUES ('PA_CARRIER','1212','',0,0,{ts '2018-10-29 14:38:15.098410'},{ts '2018-12-05 12:52:41.429596'});
INSERT INTO "GALADM"."GTS_CARRIER_TBX" (TRACKING_AREA,CARRIER_NUMBER,PRODUCT_ID,CARRIER_TYPE,STATUS,CREATE_TIMESTAMP,UPDATE_TIMESTAMP) VALUES ('PA_CARRIER','1213','2HGFC2F58JH591967',0,0,{ts '2018-10-29 14:38:15.101814'},{ts '2018-12-05 12:52:41.429596'});
INSERT INTO "GALADM"."GTS_CARRIER_TBX" (TRACKING_AREA,CARRIER_NUMBER,PRODUCT_ID,CARRIER_TYPE,STATUS,CREATE_TIMESTAMP,UPDATE_TIMESTAMP) VALUES ('PA_CARRIER','1214','2HGFC2F5XJH591968',0,0,{ts '2018-10-29 14:38:15.105196'},{ts '2018-12-05 12:52:41.429596'});
INSERT INTO "GALADM"."GTS_CARRIER_TBX" (TRACKING_AREA,CARRIER_NUMBER,PRODUCT_ID,CARRIER_TYPE,STATUS,CREATE_TIMESTAMP,UPDATE_TIMESTAMP) VALUES ('PA_CARRIER','1215','2HGFC2F51JH591969',0,0,{ts '2018-10-29 14:38:15.108606'},{ts '2018-12-05 12:52:41.429596'});
INSERT INTO "GALADM"."GTS_CARRIER_TBX" (TRACKING_AREA,CARRIER_NUMBER,PRODUCT_ID,CARRIER_TYPE,STATUS,CREATE_TIMESTAMP,UPDATE_TIMESTAMP) VALUES ('PA_CARRIER','1216','2HGFC2F58JH591970',0,0,{ts '2018-10-29 14:38:15.112080'},{ts '2018-12-05 12:52:41.429596'});
INSERT INTO "GALADM"."GTS_CARRIER_TBX" (TRACKING_AREA,CARRIER_NUMBER,PRODUCT_ID,CARRIER_TYPE,STATUS,CREATE_TIMESTAMP,UPDATE_TIMESTAMP) VALUES ('PA_CARRIER','1217','2HGFC2F5XJH591971',0,0,{ts '2018-10-29 14:38:15.115509'},{ts '2018-12-05 12:52:41.429596'});
INSERT INTO "GALADM"."GTS_CARRIER_TBX" (TRACKING_AREA,CARRIER_NUMBER,PRODUCT_ID,CARRIER_TYPE,STATUS,CREATE_TIMESTAMP,UPDATE_TIMESTAMP) VALUES ('PA_CARRIER','1218','2HGFC2F51JH591972',0,0,{ts '2018-10-29 14:38:15.118876'},{ts '2018-12-05 12:52:41.429596'});
INSERT INTO "GALADM"."GTS_CARRIER_TBX" (TRACKING_AREA,CARRIER_NUMBER,PRODUCT_ID,CARRIER_TYPE,STATUS,CREATE_TIMESTAMP,UPDATE_TIMESTAMP) VALUES ('PA_CARRIER','1219','2HGFC2F53JH591973',0,0,{ts '2018-10-29 14:38:15.122354'},{ts '2018-12-05 12:52:41.429596'});
INSERT INTO "GALADM"."GTS_CARRIER_TBX" (TRACKING_AREA,CARRIER_NUMBER,PRODUCT_ID,CARRIER_TYPE,STATUS,CREATE_TIMESTAMP,UPDATE_TIMESTAMP) VALUES ('PA_CARRIER','1220','2HGFC2F55JH591974',0,0,{ts '2018-10-29 14:38:15.126063'},{ts '2018-12-05 12:52:41.429596'});
INSERT INTO "GALADM"."GTS_CARRIER_TBX" (TRACKING_AREA,CARRIER_NUMBER,PRODUCT_ID,CARRIER_TYPE,STATUS,CREATE_TIMESTAMP,UPDATE_TIMESTAMP) VALUES ('PA_CARRIER','1221','2HGFC2F57JH591975',0,0,{ts '2018-10-29 14:38:15.129273'},{ts '2018-12-05 12:52:41.429596'});
INSERT INTO "GALADM"."GTS_CARRIER_TBX" (TRACKING_AREA,CARRIER_NUMBER,PRODUCT_ID,CARRIER_TYPE,STATUS,CREATE_TIMESTAMP,UPDATE_TIMESTAMP) VALUES ('PA_CARRIER','1222','2HGFC2F59JH591976',0,4,{ts '2018-10-29 14:38:15.132666'},{ts '2018-12-05 12:52:41.429596'});
INSERT INTO "GALADM"."GTS_CARRIER_TBX" (TRACKING_AREA,CARRIER_NUMBER,PRODUCT_ID,CARRIER_TYPE,STATUS,CREATE_TIMESTAMP,UPDATE_TIMESTAMP) VALUES ('PA_CARRIER','1223','2HGFC2F52JH591978',0,0,{ts '2018-10-29 14:38:15.136058'},{ts '2018-12-05 12:52:41.429596'});
INSERT INTO "GALADM"."GTS_CARRIER_TBX" (TRACKING_AREA,CARRIER_NUMBER,PRODUCT_ID,CARRIER_TYPE,STATUS,CREATE_TIMESTAMP,UPDATE_TIMESTAMP) VALUES ('PA_CARRIER','1224','2HGFC2F50JH591977',0,0,{ts '2018-10-29 14:38:15.139597'},{ts '2018-12-05 12:52:41.429596'});
INSERT INTO "GALADM"."GTS_CARRIER_TBX" (TRACKING_AREA,CARRIER_NUMBER,PRODUCT_ID,CARRIER_TYPE,STATUS,CREATE_TIMESTAMP,UPDATE_TIMESTAMP) VALUES ('PA_CARRIER','1225','2HGFC2F54JH591979',0,0,{ts '2018-10-29 14:38:15.143064'},{ts '2018-12-05 12:52:41.429596'});
INSERT INTO "GALADM"."GTS_CARRIER_TBX" (TRACKING_AREA,CARRIER_NUMBER,PRODUCT_ID,CARRIER_TYPE,STATUS,CREATE_TIMESTAMP,UPDATE_TIMESTAMP) VALUES ('PA_CARRIER','1226','2HGFC2F50JH591980',0,0,{ts '2018-10-29 14:38:15.145910'},{ts '2018-12-05 12:52:41.429596'});
INSERT INTO "GALADM"."GTS_CARRIER_TBX" (TRACKING_AREA,CARRIER_NUMBER,PRODUCT_ID,CARRIER_TYPE,STATUS,CREATE_TIMESTAMP,UPDATE_TIMESTAMP) VALUES ('PA_CARRIER','1227','2HGFC2F52JH591981',0,0,{ts '2018-10-29 14:38:15.149290'},{ts '2018-12-05 12:52:41.429596'});
INSERT INTO "GALADM"."GTS_CARRIER_TBX" (TRACKING_AREA,CARRIER_NUMBER,PRODUCT_ID,CARRIER_TYPE,STATUS,CREATE_TIMESTAMP,UPDATE_TIMESTAMP) VALUES ('PA_CARRIER','1228','2HGFC2F54JH591982',0,0,{ts '2018-10-29 14:38:15.152731'},{ts '2018-12-05 12:52:41.429596'});
INSERT INTO "GALADM"."GTS_CARRIER_TBX" (TRACKING_AREA,CARRIER_NUMBER,PRODUCT_ID,CARRIER_TYPE,STATUS,CREATE_TIMESTAMP,UPDATE_TIMESTAMP) VALUES ('PA_CARRIER','1229','2HGFC2F56JH591983',0,0,{ts '2018-10-29 14:38:15.156337'},{ts '2018-12-05 12:52:41.429596'});
INSERT INTO "GALADM"."GTS_CARRIER_TBX" (TRACKING_AREA,CARRIER_NUMBER,PRODUCT_ID,CARRIER_TYPE,STATUS,CREATE_TIMESTAMP,UPDATE_TIMESTAMP) VALUES ('PA_CARRIER','1230','2HGFC2F58JH591984',0,0,{ts '2018-10-29 14:38:15.159822'},{ts '2018-12-05 12:52:41.429596'});
INSERT INTO "GALADM"."GTS_CARRIER_TBX" (TRACKING_AREA,CARRIER_NUMBER,PRODUCT_ID,CARRIER_TYPE,STATUS,CREATE_TIMESTAMP,UPDATE_TIMESTAMP) VALUES ('PA_CARRIER','1231','2HGFC2F5XJH591985',0,0,{ts '2018-10-29 14:38:15.163220'},{ts '2018-12-05 12:52:41.429596'});
INSERT INTO "GALADM"."GTS_CARRIER_TBX" (TRACKING_AREA,CARRIER_NUMBER,PRODUCT_ID,CARRIER_TYPE,STATUS,CREATE_TIMESTAMP,UPDATE_TIMESTAMP) VALUES ('PA_CARRIER','1232','2HGFC2F51JH591986',0,0,{ts '2018-10-29 14:38:15.166368'},{ts '2018-12-05 12:52:41.429596'});
INSERT INTO "GALADM"."GTS_CARRIER_TBX" (TRACKING_AREA,CARRIER_NUMBER,PRODUCT_ID,CARRIER_TYPE,STATUS,CREATE_TIMESTAMP,UPDATE_TIMESTAMP) VALUES ('PA_CARRIER','1233','2HGFC2F55JH591988',0,0,{ts '2018-10-29 14:38:15.169899'},{ts '2018-12-05 12:52:41.429596'});
INSERT INTO "GALADM"."GTS_CARRIER_TBX" (TRACKING_AREA,CARRIER_NUMBER,PRODUCT_ID,CARRIER_TYPE,STATUS,CREATE_TIMESTAMP,UPDATE_TIMESTAMP) VALUES ('PA_CARRIER','1234','2HGFC2F53JH591987',0,0,{ts '2018-10-29 14:38:15.173273'},{ts '2018-12-05 12:52:41.429596'});
INSERT INTO "GALADM"."GTS_CARRIER_TBX" (TRACKING_AREA,CARRIER_NUMBER,PRODUCT_ID,CARRIER_TYPE,STATUS,CREATE_TIMESTAMP,UPDATE_TIMESTAMP) VALUES ('PA_CARRIER','1235','2HGFC2F57JH591989',0,0,{ts '2018-10-29 14:38:15.176427'},{ts '2018-12-05 12:52:41.429596'});
INSERT INTO "GALADM"."GTS_CARRIER_TBX" (TRACKING_AREA,CARRIER_NUMBER,PRODUCT_ID,CARRIER_TYPE,STATUS,CREATE_TIMESTAMP,UPDATE_TIMESTAMP) VALUES ('PA_CARRIER','1236','2HGFC2F53JH591990',0,0,{ts '2018-10-29 14:38:15.179857'},{ts '2018-12-05 12:52:41.429596'});
INSERT INTO "GALADM"."GTS_CARRIER_TBX" (TRACKING_AREA,CARRIER_NUMBER,PRODUCT_ID,CARRIER_TYPE,STATUS,CREATE_TIMESTAMP,UPDATE_TIMESTAMP) VALUES ('PA_CARRIER','1237','2HGFC2F55JH591991',0,0,{ts '2018-10-29 14:38:15.183288'},{ts '2018-12-05 12:52:41.429596'});
INSERT INTO "GALADM"."GTS_CARRIER_TBX" (TRACKING_AREA,CARRIER_NUMBER,PRODUCT_ID,CARRIER_TYPE,STATUS,CREATE_TIMESTAMP,UPDATE_TIMESTAMP) VALUES ('PA_CARRIER','1238','2HGFC2F57JH591992',0,0,{ts '2018-10-29 14:38:15.186622'},{ts '2018-12-05 12:52:41.429596'});
INSERT INTO "GALADM"."GTS_CARRIER_TBX" (TRACKING_AREA,CARRIER_NUMBER,PRODUCT_ID,CARRIER_TYPE,STATUS,CREATE_TIMESTAMP,UPDATE_TIMESTAMP) VALUES ('PA_CARRIER','1239','2HGFC2F59JH591993',0,0,{ts '2018-10-29 14:38:15.190093'},{ts '2018-12-05 12:52:41.429596'});
INSERT INTO "GALADM"."GTS_CARRIER_TBX" (TRACKING_AREA,CARRIER_NUMBER,PRODUCT_ID,CARRIER_TYPE,STATUS,CREATE_TIMESTAMP,UPDATE_TIMESTAMP) VALUES ('PA_CARRIER','1240','2HGFC2F50JH591994',0,0,{ts '2018-10-29 14:38:15.193700'},{ts '2018-12-05 12:52:41.429596'});
INSERT INTO "GALADM"."GTS_CARRIER_TBX" (TRACKING_AREA,CARRIER_NUMBER,PRODUCT_ID,CARRIER_TYPE,STATUS,CREATE_TIMESTAMP,UPDATE_TIMESTAMP) VALUES ('PA_CARRIER','1241','2HGFC2F52JH591995',0,0,{ts '2018-10-29 14:38:15.197383'},{ts '2018-12-05 12:52:41.429596'});
INSERT INTO "GALADM"."GTS_CARRIER_TBX" (TRACKING_AREA,CARRIER_NUMBER,PRODUCT_ID,CARRIER_TYPE,STATUS,CREATE_TIMESTAMP,UPDATE_TIMESTAMP) VALUES ('PA_CARRIER','1242','2HGFC2F54JH591996',0,0,{ts '2018-10-29 14:38:15.201127'},{ts '2018-12-05 12:52:41.429596'});
INSERT INTO "GALADM"."GTS_CARRIER_TBX" (TRACKING_AREA,CARRIER_NUMBER,PRODUCT_ID,CARRIER_TYPE,STATUS,CREATE_TIMESTAMP,UPDATE_TIMESTAMP) VALUES ('PA_CARRIER','1243','2HGFC2F56JH591997',0,0,{ts '2018-10-29 14:38:15.204804'},{ts '2018-12-05 12:52:41.429596'});
INSERT INTO "GALADM"."GTS_CARRIER_TBX" (TRACKING_AREA,CARRIER_NUMBER,PRODUCT_ID,CARRIER_TYPE,STATUS,CREATE_TIMESTAMP,UPDATE_TIMESTAMP) VALUES ('PA_CARRIER','1244','2HGFC2F58JH591998',0,0,{ts '2018-10-29 14:38:15.208176'},{ts '2018-12-05 12:52:41.429596'});
INSERT INTO "GALADM"."GTS_CARRIER_TBX" (TRACKING_AREA,CARRIER_NUMBER,PRODUCT_ID,CARRIER_TYPE,STATUS,CREATE_TIMESTAMP,UPDATE_TIMESTAMP) VALUES ('PA_CARRIER','1245','2HGFC2F5XJH591999',0,0,{ts '2018-10-29 14:38:15.211908'},{ts '2018-12-05 12:52:41.429596'});
INSERT INTO "GALADM"."GTS_CARRIER_TBX" (TRACKING_AREA,CARRIER_NUMBER,PRODUCT_ID,CARRIER_TYPE,STATUS,CREATE_TIMESTAMP,UPDATE_TIMESTAMP) VALUES ('PA_CARRIER','1246','2HGFC2F50JH592000',0,0,{ts '2018-10-29 14:38:15.215657'},{ts '2018-12-05 12:52:41.429596'});
INSERT INTO "GALADM"."GTS_CARRIER_TBX" (TRACKING_AREA,CARRIER_NUMBER,PRODUCT_ID,CARRIER_TYPE,STATUS,CREATE_TIMESTAMP,UPDATE_TIMESTAMP) VALUES ('PA_CARRIER','1247','2HGFC2F52JH592001',0,0,{ts '2018-10-29 14:38:15.219923'},{ts '2018-12-05 12:52:41.429596'});
INSERT INTO "GALADM"."GTS_CARRIER_TBX" (TRACKING_AREA,CARRIER_NUMBER,PRODUCT_ID,CARRIER_TYPE,STATUS,CREATE_TIMESTAMP,UPDATE_TIMESTAMP) VALUES ('PA_CARRIER','1248','2HGFC2F54JH592002',0,0,{ts '2018-10-29 14:38:15.223534'},{ts '2018-12-05 12:52:41.429596'});
INSERT INTO "GALADM"."GTS_CARRIER_TBX" (TRACKING_AREA,CARRIER_NUMBER,PRODUCT_ID,CARRIER_TYPE,STATUS,CREATE_TIMESTAMP,UPDATE_TIMESTAMP) VALUES ('PA_CARRIER','1249','2HGFC2F56JH592003',0,0,{ts '2018-10-29 14:38:15.228074'},{ts '2018-12-05 12:52:41.429596'});
INSERT INTO "GALADM"."GTS_CARRIER_TBX" (TRACKING_AREA,CARRIER_NUMBER,PRODUCT_ID,CARRIER_TYPE,STATUS,CREATE_TIMESTAMP,UPDATE_TIMESTAMP) VALUES ('PA_CARRIER','1250','2HGFC2F58JH592004',0,0,{ts '2018-10-29 14:38:15.231971'},{ts '2018-12-05 12:52:41.429596'});
INSERT INTO "GALADM"."GTS_CARRIER_TBX" (TRACKING_AREA,CARRIER_NUMBER,PRODUCT_ID,CARRIER_TYPE,STATUS,CREATE_TIMESTAMP,UPDATE_TIMESTAMP) VALUES ('PA_CARRIER','1251','2HGFC2F5XJH592005',0,0,{ts '2018-10-29 14:38:15.235888'},{ts '2018-12-05 12:52:41.429596'});
INSERT INTO "GALADM"."GTS_CARRIER_TBX" (TRACKING_AREA,CARRIER_NUMBER,PRODUCT_ID,CARRIER_TYPE,STATUS,CREATE_TIMESTAMP,UPDATE_TIMESTAMP) VALUES ('PA_CARRIER','1252','2HGFC2F51JH592006',0,0,{ts '2018-10-29 14:38:15.239606'},{ts '2018-12-05 12:52:41.429596'});
INSERT INTO "GALADM"."GTS_CARRIER_TBX" (TRACKING_AREA,CARRIER_NUMBER,PRODUCT_ID,CARRIER_TYPE,STATUS,CREATE_TIMESTAMP,UPDATE_TIMESTAMP) VALUES ('PA_CARRIER','1253','2HGFC2F53JH592007',0,0,{ts '2018-10-29 14:38:15.243523'},{ts '2018-12-05 12:52:41.429596'});
INSERT INTO "GALADM"."GTS_CARRIER_TBX" (TRACKING_AREA,CARRIER_NUMBER,PRODUCT_ID,CARRIER_TYPE,STATUS,CREATE_TIMESTAMP,UPDATE_TIMESTAMP) VALUES ('PA_CARRIER','1254','2HGFC2F55JH592008',0,0,{ts '2018-10-29 14:38:15.247281'},{ts '2018-12-05 12:52:41.429596'});
INSERT INTO "GALADM"."GTS_CARRIER_TBX" (TRACKING_AREA,CARRIER_NUMBER,PRODUCT_ID,CARRIER_TYPE,STATUS,CREATE_TIMESTAMP,UPDATE_TIMESTAMP) VALUES ('PA_CARRIER','1255','2HGFC2F57JH592009',0,0,{ts '2018-10-29 14:38:15.250953'},{ts '2018-12-05 12:52:41.429596'});
INSERT INTO "GALADM"."GTS_CARRIER_TBX" (TRACKING_AREA,CARRIER_NUMBER,PRODUCT_ID,CARRIER_TYPE,STATUS,CREATE_TIMESTAMP,UPDATE_TIMESTAMP) VALUES ('PA_CARRIER','1256','2HGFC2F53JH592010',0,0,{ts '2018-10-29 14:38:15.254285'},{ts '2018-12-05 12:52:41.429596'});
INSERT INTO "GALADM"."GTS_CARRIER_TBX" (TRACKING_AREA,CARRIER_NUMBER,PRODUCT_ID,CARRIER_TYPE,STATUS,CREATE_TIMESTAMP,UPDATE_TIMESTAMP) VALUES ('PA_CARRIER','1257','2HGFC2F55JH592011',0,0,{ts '2018-10-29 14:38:15.257681'},{ts '2018-12-05 12:52:41.429596'});
INSERT INTO "GALADM"."GTS_CARRIER_TBX" (TRACKING_AREA,CARRIER_NUMBER,PRODUCT_ID,CARRIER_TYPE,STATUS,CREATE_TIMESTAMP,UPDATE_TIMESTAMP) VALUES ('PA_CARRIER','1258','2HGFC2F57JH592012',0,0,{ts '2018-10-29 14:38:15.261106'},{ts '2018-12-05 12:52:41.429596'});
INSERT INTO "GALADM"."GTS_CARRIER_TBX" (TRACKING_AREA,CARRIER_NUMBER,PRODUCT_ID,CARRIER_TYPE,STATUS,CREATE_TIMESTAMP,UPDATE_TIMESTAMP) VALUES ('PA_CARRIER','1259','2HGFC2F59JH592013',0,0,{ts '2018-10-29 14:38:15.264355'},{ts '2018-12-05 12:52:41.429596'});
INSERT INTO "GALADM"."GTS_CARRIER_TBX" (TRACKING_AREA,CARRIER_NUMBER,PRODUCT_ID,CARRIER_TYPE,STATUS,CREATE_TIMESTAMP,UPDATE_TIMESTAMP) VALUES ('PA_CARRIER','1260','2HGFC2F54JH592016',0,0,{ts '2018-10-29 14:38:15.268548'},{ts '2018-12-05 12:52:41.429596'});
INSERT INTO "GALADM"."GTS_CARRIER_TBX" (TRACKING_AREA,CARRIER_NUMBER,PRODUCT_ID,CARRIER_TYPE,STATUS,CREATE_TIMESTAMP,UPDATE_TIMESTAMP) VALUES ('PA_CARRIER','1261','2HGFC2F56JH592017',0,0,{ts '2018-10-29 14:38:15.272112'},{ts '2018-12-05 12:52:41.429596'});
INSERT INTO "GALADM"."GTS_CARRIER_TBX" (TRACKING_AREA,CARRIER_NUMBER,PRODUCT_ID,CARRIER_TYPE,STATUS,CREATE_TIMESTAMP,UPDATE_TIMESTAMP) VALUES ('PA_CARRIER','1262','2HGFC2F58JH592018',0,0,{ts '2018-10-29 14:38:15.279041'},{ts '2018-12-05 12:52:41.429596'});
INSERT INTO "GALADM"."GTS_CARRIER_TBX" (TRACKING_AREA,CARRIER_NUMBER,PRODUCT_ID,CARRIER_TYPE,STATUS,CREATE_TIMESTAMP,UPDATE_TIMESTAMP) VALUES ('PA_CARRIER','1263','2HGFC2F5XJH592019',0,0,{ts '2018-10-29 14:38:15.283024'},{ts '2018-12-05 12:52:41.429596'});
INSERT INTO "GALADM"."GTS_CARRIER_TBX" (TRACKING_AREA,CARRIER_NUMBER,PRODUCT_ID,CARRIER_TYPE,STATUS,CREATE_TIMESTAMP,UPDATE_TIMESTAMP) VALUES ('PA_CARRIER','1264','2HGFC2F56JH592020',0,0,{ts '2018-10-29 14:38:15.380602'},{ts '2018-12-05 12:52:41.429596'});
INSERT INTO "GALADM"."GTS_CARRIER_TBX" (TRACKING_AREA,CARRIER_NUMBER,PRODUCT_ID,CARRIER_TYPE,STATUS,CREATE_TIMESTAMP,UPDATE_TIMESTAMP) VALUES ('PA_CARRIER','1265','2HGFC2F58JH592021',0,0,{ts '2018-10-29 14:38:15.384288'},{ts '2018-12-05 12:52:41.429596'});
INSERT INTO "GALADM"."GTS_CARRIER_TBX" (TRACKING_AREA,CARRIER_NUMBER,PRODUCT_ID,CARRIER_TYPE,STATUS,CREATE_TIMESTAMP,UPDATE_TIMESTAMP) VALUES ('PA_CARRIER','1266','2HGFC2F5XJH592022',0,0,{ts '2018-10-29 14:38:15.388178'},{ts '2018-12-05 12:52:41.429596'});
INSERT INTO "GALADM"."GTS_CARRIER_TBX" (TRACKING_AREA,CARRIER_NUMBER,PRODUCT_ID,CARRIER_TYPE,STATUS,CREATE_TIMESTAMP,UPDATE_TIMESTAMP) VALUES ('PA_CARRIER','1267','2HGFC2F50JH592014',0,0,{ts '2018-10-29 14:38:15.391674'},{ts '2018-12-05 12:52:41.429596'});
INSERT INTO "GALADM"."GTS_CARRIER_TBX" (TRACKING_AREA,CARRIER_NUMBER,PRODUCT_ID,CARRIER_TYPE,STATUS,CREATE_TIMESTAMP,UPDATE_TIMESTAMP) VALUES ('PA_CARRIER','1268','2HGFC2F52JH592015',0,0,{ts '2018-10-29 14:38:15.395689'},{ts '2018-12-05 12:52:41.429596'});
INSERT INTO "GALADM"."GTS_CARRIER_TBX" (TRACKING_AREA,CARRIER_NUMBER,PRODUCT_ID,CARRIER_TYPE,STATUS,CREATE_TIMESTAMP,UPDATE_TIMESTAMP) VALUES ('PA_CARRIER','1269','2HGFC2F51JH592023',0,0,{ts '2018-10-29 14:38:15.399015'},{ts '2018-12-05 12:52:41.429596'});
INSERT INTO "GALADM"."GTS_CARRIER_TBX" (TRACKING_AREA,CARRIER_NUMBER,PRODUCT_ID,CARRIER_TYPE,STATUS,CREATE_TIMESTAMP,UPDATE_TIMESTAMP) VALUES ('PA_CARRIER','1270','2HGFC2F53JH592024',0,0,{ts '2018-10-29 14:38:15.402648'},{ts '2018-12-05 12:52:41.429596'});
INSERT INTO "GALADM"."GTS_CARRIER_TBX" (TRACKING_AREA,CARRIER_NUMBER,PRODUCT_ID,CARRIER_TYPE,STATUS,CREATE_TIMESTAMP,UPDATE_TIMESTAMP) VALUES ('PA_CARRIER','1271','2HGFC2F55JH592025',0,0,{ts '2018-10-29 14:38:15.406486'},{ts '2018-12-05 12:52:41.429596'});
INSERT INTO "GALADM"."GTS_CARRIER_TBX" (TRACKING_AREA,CARRIER_NUMBER,PRODUCT_ID,CARRIER_TYPE,STATUS,CREATE_TIMESTAMP,UPDATE_TIMESTAMP) VALUES ('PA_CARRIER','1272','2HGFC2F57JH592026',0,0,{ts '2018-10-29 14:38:15.409960'},{ts '2018-12-05 12:52:41.429596'});
INSERT INTO "GALADM"."GTS_CARRIER_TBX" (TRACKING_AREA,CARRIER_NUMBER,PRODUCT_ID,CARRIER_TYPE,STATUS,CREATE_TIMESTAMP,UPDATE_TIMESTAMP) VALUES ('PA_CARRIER','1273','2HGFC2F59JH592027',0,0,{ts '2018-10-29 14:38:15.413808'},{ts '2018-12-05 12:52:41.429596'});
INSERT INTO "GALADM"."GTS_CARRIER_TBX" (TRACKING_AREA,CARRIER_NUMBER,PRODUCT_ID,CARRIER_TYPE,STATUS,CREATE_TIMESTAMP,UPDATE_TIMESTAMP) VALUES ('PA_CARRIER','1274','2HGFC2F50JH592028',0,0,{ts '2018-10-29 14:38:15.418206'},{ts '2018-12-05 12:52:41.429596'});
INSERT INTO "GALADM"."GTS_CARRIER_TBX" (TRACKING_AREA,CARRIER_NUMBER,PRODUCT_ID,CARRIER_TYPE,STATUS,CREATE_TIMESTAMP,UPDATE_TIMESTAMP) VALUES ('PA_CARRIER','1275','2HGFC2F52JH592029',0,0,{ts '2018-10-29 14:38:15.421931'},{ts '2018-12-05 12:52:41.429596'});
INSERT INTO "GALADM"."GTS_CARRIER_TBX" (TRACKING_AREA,CARRIER_NUMBER,PRODUCT_ID,CARRIER_TYPE,STATUS,CREATE_TIMESTAMP,UPDATE_TIMESTAMP) VALUES ('PA_CARRIER','1276','2HGFC2F59JH592030',0,0,{ts '2018-10-29 14:38:15.425456'},{ts '2018-12-05 12:52:41.429596'});
INSERT INTO "GALADM"."GTS_CARRIER_TBX" (TRACKING_AREA,CARRIER_NUMBER,PRODUCT_ID,CARRIER_TYPE,STATUS,CREATE_TIMESTAMP,UPDATE_TIMESTAMP) VALUES ('PA_CARRIER','1277','',0,0,{ts '2018-10-29 14:38:15.428746'},{ts '2018-12-05 12:52:41.429596'});
INSERT INTO "GALADM"."GTS_CARRIER_TBX" (TRACKING_AREA,CARRIER_NUMBER,PRODUCT_ID,CARRIER_TYPE,STATUS,CREATE_TIMESTAMP,UPDATE_TIMESTAMP) VALUES ('PA_CARRIER','1278','',0,0,{ts '2018-10-29 14:38:15.432201'},{ts '2018-12-05 12:52:41.429596'});
INSERT INTO "GALADM"."GTS_CARRIER_TBX" (TRACKING_AREA,CARRIER_NUMBER,PRODUCT_ID,CARRIER_TYPE,STATUS,CREATE_TIMESTAMP,UPDATE_TIMESTAMP) VALUES ('PA_CARRIER','1279','',0,0,{ts '2018-10-29 14:38:15.435977'},{ts '2018-12-05 12:52:41.429596'});
INSERT INTO "GALADM"."GTS_CARRIER_TBX" (TRACKING_AREA,CARRIER_NUMBER,PRODUCT_ID,CARRIER_TYPE,STATUS,CREATE_TIMESTAMP,UPDATE_TIMESTAMP) VALUES ('PA_CARRIER','1280','',0,0,{ts '2018-10-29 14:38:15.456922'},{ts '2018-12-05 12:52:41.429596'});
INSERT INTO "GALADM"."GTS_CARRIER_TBX" (TRACKING_AREA,CARRIER_NUMBER,PRODUCT_ID,CARRIER_TYPE,STATUS,CREATE_TIMESTAMP,UPDATE_TIMESTAMP) VALUES ('PA_CARRIER','1281','',0,0,{ts '2018-10-29 14:38:15.460890'},{ts '2018-12-05 12:52:41.429596'});
INSERT INTO "GALADM"."GTS_CARRIER_TBX" (TRACKING_AREA,CARRIER_NUMBER,PRODUCT_ID,CARRIER_TYPE,STATUS,CREATE_TIMESTAMP,UPDATE_TIMESTAMP) VALUES ('PA_CARRIER','1282','',0,0,{ts '2018-10-29 14:38:15.464695'},{ts '2018-12-05 12:52:41.429596'});
INSERT INTO "GALADM"."GTS_CARRIER_TBX" (TRACKING_AREA,CARRIER_NUMBER,PRODUCT_ID,CARRIER_TYPE,STATUS,CREATE_TIMESTAMP,UPDATE_TIMESTAMP) VALUES ('PA_CARRIER','1283','',0,0,{ts '2018-10-29 14:38:15.468925'},{ts '2018-12-05 12:52:41.429596'});
INSERT INTO "GALADM"."GTS_CARRIER_TBX" (TRACKING_AREA,CARRIER_NUMBER,PRODUCT_ID,CARRIER_TYPE,STATUS,CREATE_TIMESTAMP,UPDATE_TIMESTAMP) VALUES ('PA_CARRIER','1284','',0,0,{ts '2018-10-29 14:38:15.472536'},{ts '2018-12-05 12:52:41.429596'});
INSERT INTO "GALADM"."GTS_CARRIER_TBX" (TRACKING_AREA,CARRIER_NUMBER,PRODUCT_ID,CARRIER_TYPE,STATUS,CREATE_TIMESTAMP,UPDATE_TIMESTAMP) VALUES ('PA_CARRIER','1285','',0,0,{ts '2018-10-29 14:38:15.478882'},{ts '2018-12-05 12:52:41.429596'});
INSERT INTO "GALADM"."GTS_CARRIER_TBX" (TRACKING_AREA,CARRIER_NUMBER,PRODUCT_ID,CARRIER_TYPE,STATUS,CREATE_TIMESTAMP,UPDATE_TIMESTAMP) VALUES ('PA_CARRIER','1286','',0,0,{ts '2018-10-29 14:38:15.483087'},{ts '2018-12-05 12:52:41.429596'});
INSERT INTO "GALADM"."GTS_CARRIER_TBX" (TRACKING_AREA,CARRIER_NUMBER,PRODUCT_ID,CARRIER_TYPE,STATUS,CREATE_TIMESTAMP,UPDATE_TIMESTAMP) VALUES ('PA_CARRIER','1287','',0,0,{ts '2018-10-29 14:38:15.487091'},{ts '2018-12-05 12:52:41.429596'});
INSERT INTO "GALADM"."GTS_CARRIER_TBX" (TRACKING_AREA,CARRIER_NUMBER,PRODUCT_ID,CARRIER_TYPE,STATUS,CREATE_TIMESTAMP,UPDATE_TIMESTAMP) VALUES ('PA_CARRIER','1288','2HGFC4B57JH308153',0,0,{ts '2018-10-29 14:38:15.491522'},{ts '2018-12-05 12:52:41.429596'});
INSERT INTO "GALADM"."GTS_CARRIER_TBX" (TRACKING_AREA,CARRIER_NUMBER,PRODUCT_ID,CARRIER_TYPE,STATUS,CREATE_TIMESTAMP,UPDATE_TIMESTAMP) VALUES ('PA_CARRIER','1289','',0,0,{ts '2018-10-29 14:38:15.495362'},{ts '2018-12-05 12:52:41.429596'});
INSERT INTO "GALADM"."GTS_CARRIER_TBX" (TRACKING_AREA,CARRIER_NUMBER,PRODUCT_ID,CARRIER_TYPE,STATUS,CREATE_TIMESTAMP,UPDATE_TIMESTAMP) VALUES ('PA_CARRIER','1290','2HGFC4B57JH308153',0,0,{ts '2018-10-29 14:38:15.506789'},{ts '2018-12-05 12:52:41.429596'});
INSERT INTO "GALADM"."GTS_CARRIER_TBX" (TRACKING_AREA,CARRIER_NUMBER,PRODUCT_ID,CARRIER_TYPE,STATUS,CREATE_TIMESTAMP,UPDATE_TIMESTAMP) VALUES ('PA_CARRIER','1291','',0,0,{ts '2018-10-29 14:38:15.511690'},{ts '2018-12-05 12:52:41.429596'});
INSERT INTO "GALADM"."GTS_CARRIER_TBX" (TRACKING_AREA,CARRIER_NUMBER,PRODUCT_ID,CARRIER_TYPE,STATUS,CREATE_TIMESTAMP,UPDATE_TIMESTAMP) VALUES ('PA_CARRIER','1292','',0,0,{ts '2018-10-29 14:38:15.515509'},{ts '2018-12-05 12:52:41.429596'});
INSERT INTO "GALADM"."GTS_CARRIER_TBX" (TRACKING_AREA,CARRIER_NUMBER,PRODUCT_ID,CARRIER_TYPE,STATUS,CREATE_TIMESTAMP,UPDATE_TIMESTAMP) VALUES ('PA_CARRIER','1293','',0,0,{ts '2018-10-29 14:38:15.518725'},{ts '2018-12-05 12:52:41.429596'});
INSERT INTO "GALADM"."GTS_CARRIER_TBX" (TRACKING_AREA,CARRIER_NUMBER,PRODUCT_ID,CARRIER_TYPE,STATUS,CREATE_TIMESTAMP,UPDATE_TIMESTAMP) VALUES ('PA_CARRIER','1294','',0,0,{ts '2018-10-29 14:38:15.523694'},{ts '2018-12-05 12:52:41.429596'});
INSERT INTO "GALADM"."GTS_CARRIER_TBX" (TRACKING_AREA,CARRIER_NUMBER,PRODUCT_ID,CARRIER_TYPE,STATUS,CREATE_TIMESTAMP,UPDATE_TIMESTAMP) VALUES ('PA_CARRIER','1295','',0,0,{ts '2018-10-29 14:38:15.527077'},{ts '2018-12-05 12:52:41.429596'});
INSERT INTO "GALADM"."GTS_CARRIER_TBX" (TRACKING_AREA,CARRIER_NUMBER,PRODUCT_ID,CARRIER_TYPE,STATUS,CREATE_TIMESTAMP,UPDATE_TIMESTAMP) VALUES ('PA_CARRIER','1296','',0,0,{ts '2018-10-29 14:38:15.531948'},{ts '2018-12-05 12:52:41.429596'});
INSERT INTO "GALADM"."GTS_CARRIER_TBX" (TRACKING_AREA,CARRIER_NUMBER,PRODUCT_ID,CARRIER_TYPE,STATUS,CREATE_TIMESTAMP,UPDATE_TIMESTAMP) VALUES ('PA_CARRIER','1297','',0,0,{ts '2018-10-29 14:38:15.535187'},{ts '2018-12-05 12:52:41.429596'});
INSERT INTO "GALADM"."GTS_CARRIER_TBX" (TRACKING_AREA,CARRIER_NUMBER,PRODUCT_ID,CARRIER_TYPE,STATUS,CREATE_TIMESTAMP,UPDATE_TIMESTAMP) VALUES ('PA_CARRIER','1298','',0,0,{ts '2018-10-29 14:38:15.538794'},{ts '2018-12-05 12:52:41.429596'});
INSERT INTO "GALADM"."GTS_CARRIER_TBX" (TRACKING_AREA,CARRIER_NUMBER,PRODUCT_ID,CARRIER_TYPE,STATUS,CREATE_TIMESTAMP,UPDATE_TIMESTAMP) VALUES ('PA_CARRIER','1299','',0,0,{ts '2018-10-29 14:38:15.543255'},{ts '2018-12-05 12:52:41.429596'});
INSERT INTO "GALADM"."GTS_CARRIER_TBX" (TRACKING_AREA,CARRIER_NUMBER,PRODUCT_ID,CARRIER_TYPE,STATUS,CREATE_TIMESTAMP,UPDATE_TIMESTAMP) VALUES ('PA_CARRIER','1300','',0,0,{ts '2018-10-29 14:38:15.547132'},{ts '2018-12-05 12:52:41.429596'});
INSERT INTO "GALADM"."GTS_CARRIER_TBX" (TRACKING_AREA,CARRIER_NUMBER,PRODUCT_ID,CARRIER_TYPE,STATUS,CREATE_TIMESTAMP,UPDATE_TIMESTAMP) VALUES ('PA_CARRIER','1301','',0,0,{ts '2018-10-29 14:38:15.549989'},{ts '2018-12-05 12:52:41.429596'});
INSERT INTO "GALADM"."GTS_CARRIER_TBX" (TRACKING_AREA,CARRIER_NUMBER,PRODUCT_ID,CARRIER_TYPE,STATUS,CREATE_TIMESTAMP,UPDATE_TIMESTAMP) VALUES ('PA_CARRIER','1302','',0,0,{ts '2018-10-29 14:38:15.553965'},{ts '2018-12-05 12:52:41.429596'});
INSERT INTO "GALADM"."GTS_CARRIER_TBX" (TRACKING_AREA,CARRIER_NUMBER,PRODUCT_ID,CARRIER_TYPE,STATUS,CREATE_TIMESTAMP,UPDATE_TIMESTAMP) VALUES ('PA_CARRIER','1303','',0,0,{ts '2018-10-29 14:38:15.557393'},{ts '2018-12-05 12:52:41.429596'});
INSERT INTO "GALADM"."GTS_CARRIER_TBX" (TRACKING_AREA,CARRIER_NUMBER,PRODUCT_ID,CARRIER_TYPE,STATUS,CREATE_TIMESTAMP,UPDATE_TIMESTAMP) VALUES ('PA_CARRIER','1304','',0,0,{ts '2018-10-29 14:38:15.561143'},{ts '2018-12-05 12:52:41.429596'});
INSERT INTO "GALADM"."GTS_CARRIER_TBX" (TRACKING_AREA,CARRIER_NUMBER,PRODUCT_ID,CARRIER_TYPE,STATUS,CREATE_TIMESTAMP,UPDATE_TIMESTAMP) VALUES ('PA_CARRIER','1305','',0,0,{ts '2018-10-29 14:38:15.564650'},{ts '2018-12-05 12:52:41.429596'});
INSERT INTO "GALADM"."GTS_CARRIER_TBX" (TRACKING_AREA,CARRIER_NUMBER,PRODUCT_ID,CARRIER_TYPE,STATUS,CREATE_TIMESTAMP,UPDATE_TIMESTAMP) VALUES ('PA_CARRIER','1306','',0,0,{ts '2018-10-29 14:38:15.567630'},{ts '2018-12-05 12:52:41.429596'});
INSERT INTO "GALADM"."GTS_CARRIER_TBX" (TRACKING_AREA,CARRIER_NUMBER,PRODUCT_ID,CARRIER_TYPE,STATUS,CREATE_TIMESTAMP,UPDATE_TIMESTAMP) VALUES ('PA_CARRIER','1307','',0,0,{ts '2018-10-29 14:38:15.570977'},{ts '2018-12-05 12:52:41.429596'});
INSERT INTO "GALADM"."GTS_CARRIER_TBX" (TRACKING_AREA,CARRIER_NUMBER,PRODUCT_ID,CARRIER_TYPE,STATUS,CREATE_TIMESTAMP,UPDATE_TIMESTAMP) VALUES ('PA_CARRIER','1308','',0,0,{ts '2018-10-29 14:38:15.574957'},{ts '2018-12-05 12:52:41.429596'});
INSERT INTO "GALADM"."GTS_CARRIER_TBX" (TRACKING_AREA,CARRIER_NUMBER,PRODUCT_ID,CARRIER_TYPE,STATUS,CREATE_TIMESTAMP,UPDATE_TIMESTAMP) VALUES ('PA_CARRIER','1309','',0,0,{ts '2018-10-29 14:38:15.583405'},{ts '2018-12-05 12:52:41.429596'});
INSERT INTO "GALADM"."GTS_CARRIER_TBX" (TRACKING_AREA,CARRIER_NUMBER,PRODUCT_ID,CARRIER_TYPE,STATUS,CREATE_TIMESTAMP,UPDATE_TIMESTAMP) VALUES ('PA_CARRIER','1310','',0,0,{ts '2018-10-29 14:38:15.590416'},{ts '2018-12-05 12:52:41.429596'});
INSERT INTO "GALADM"."GTS_CARRIER_TBX" (TRACKING_AREA,CARRIER_NUMBER,PRODUCT_ID,CARRIER_TYPE,STATUS,CREATE_TIMESTAMP,UPDATE_TIMESTAMP) VALUES ('PA_CARRIER','1311','',0,0,{ts '2018-10-29 14:38:15.597932'},{ts '2018-12-05 12:52:41.429596'});
INSERT INTO "GALADM"."GTS_CARRIER_TBX" (TRACKING_AREA,CARRIER_NUMBER,PRODUCT_ID,CARRIER_TYPE,STATUS,CREATE_TIMESTAMP,UPDATE_TIMESTAMP) VALUES ('PA_CARRIER','1312','',0,0,{ts '2018-10-29 14:38:15.601870'},{ts '2018-12-05 12:52:41.429596'});
INSERT INTO "GALADM"."GTS_CARRIER_TBX" (TRACKING_AREA,CARRIER_NUMBER,PRODUCT_ID,CARRIER_TYPE,STATUS,CREATE_TIMESTAMP,UPDATE_TIMESTAMP) VALUES ('PA_CARRIER','1313','',0,0,{ts '2018-10-29 14:38:15.607590'},{ts '2018-12-05 12:52:41.429596'});
INSERT INTO "GALADM"."GTS_CARRIER_TBX" (TRACKING_AREA,CARRIER_NUMBER,PRODUCT_ID,CARRIER_TYPE,STATUS,CREATE_TIMESTAMP,UPDATE_TIMESTAMP) VALUES ('PA_CARRIER','1314','',0,0,{ts '2018-10-29 14:38:15.611708'},{ts '2018-12-05 12:52:41.429596'});
INSERT INTO "GALADM"."GTS_CARRIER_TBX" (TRACKING_AREA,CARRIER_NUMBER,PRODUCT_ID,CARRIER_TYPE,STATUS,CREATE_TIMESTAMP,UPDATE_TIMESTAMP) VALUES ('PA_CARRIER','1315','',0,0,{ts '2018-10-29 14:38:15.615015'},{ts '2018-12-05 12:52:41.429596'});
INSERT INTO "GALADM"."GTS_CARRIER_TBX" (TRACKING_AREA,CARRIER_NUMBER,PRODUCT_ID,CARRIER_TYPE,STATUS,CREATE_TIMESTAMP,UPDATE_TIMESTAMP) VALUES ('PA_CARRIER','1316','',0,0,{ts '2018-10-29 14:38:15.618636'},{ts '2018-12-05 12:52:41.429596'});
INSERT INTO "GALADM"."GTS_CARRIER_TBX" (TRACKING_AREA,CARRIER_NUMBER,PRODUCT_ID,CARRIER_TYPE,STATUS,CREATE_TIMESTAMP,UPDATE_TIMESTAMP) VALUES ('PA_CARRIER','1317','',0,0,{ts '2018-10-29 14:38:15.622129'},{ts '2018-12-05 12:52:41.429596'});
INSERT INTO "GALADM"."GTS_CARRIER_TBX" (TRACKING_AREA,CARRIER_NUMBER,PRODUCT_ID,CARRIER_TYPE,STATUS,CREATE_TIMESTAMP,UPDATE_TIMESTAMP) VALUES ('PA_CARRIER','1318','',0,0,{ts '2018-10-29 14:38:15.627373'},{ts '2018-12-05 12:52:41.429596'});
INSERT INTO "GALADM"."GTS_CARRIER_TBX" (TRACKING_AREA,CARRIER_NUMBER,PRODUCT_ID,CARRIER_TYPE,STATUS,CREATE_TIMESTAMP,UPDATE_TIMESTAMP) VALUES ('PA_CARRIER','1319','',0,0,{ts '2018-10-29 14:38:15.631054'},{ts '2018-12-05 12:52:41.429596'});
INSERT INTO "GALADM"."GTS_CARRIER_TBX" (TRACKING_AREA,CARRIER_NUMBER,PRODUCT_ID,CARRIER_TYPE,STATUS,CREATE_TIMESTAMP,UPDATE_TIMESTAMP) VALUES ('PA_CARRIER','1320','',0,0,{ts '2018-10-29 14:38:15.634762'},{ts '2018-12-05 12:52:41.429596'});
INSERT INTO "GALADM"."GTS_CARRIER_TBX" (TRACKING_AREA,CARRIER_NUMBER,PRODUCT_ID,CARRIER_TYPE,STATUS,CREATE_TIMESTAMP,UPDATE_TIMESTAMP) VALUES ('PA_CARRIER','1321','',0,0,{ts '2018-10-29 14:38:15.638907'},{ts '2018-12-05 12:52:41.429596'});
INSERT INTO "GALADM"."GTS_CARRIER_TBX" (TRACKING_AREA,CARRIER_NUMBER,PRODUCT_ID,CARRIER_TYPE,STATUS,CREATE_TIMESTAMP,UPDATE_TIMESTAMP) VALUES ('PA_CARRIER','1322','',0,4,{ts '2018-10-29 14:38:15.642644'},{ts '2018-12-05 12:52:41.429596'});
INSERT INTO "GALADM"."GTS_CARRIER_TBX" (TRACKING_AREA,CARRIER_NUMBER,PRODUCT_ID,CARRIER_TYPE,STATUS,CREATE_TIMESTAMP,UPDATE_TIMESTAMP) VALUES ('PA_CARRIER','1323','',0,0,{ts '2018-10-29 14:38:15.647311'},{ts '2018-12-05 12:52:41.429596'});
INSERT INTO "GALADM"."GTS_CARRIER_TBX" (TRACKING_AREA,CARRIER_NUMBER,PRODUCT_ID,CARRIER_TYPE,STATUS,CREATE_TIMESTAMP,UPDATE_TIMESTAMP) VALUES ('PA_CARRIER','1324','',0,0,{ts '2018-10-29 14:38:15.651546'},{ts '2018-12-05 12:52:41.429596'});
INSERT INTO "GALADM"."GTS_CARRIER_TBX" (TRACKING_AREA,CARRIER_NUMBER,PRODUCT_ID,CARRIER_TYPE,STATUS,CREATE_TIMESTAMP,UPDATE_TIMESTAMP) VALUES ('PA_CARRIER','1325','',0,0,{ts '2018-10-29 14:38:15.654984'},{ts '2018-12-05 12:52:41.429596'});
INSERT INTO "GALADM"."GTS_CARRIER_TBX" (TRACKING_AREA,CARRIER_NUMBER,PRODUCT_ID,CARRIER_TYPE,STATUS,CREATE_TIMESTAMP,UPDATE_TIMESTAMP) VALUES ('PA_CARRIER','1326','',0,0,{ts '2018-10-29 14:38:15.660033'},{ts '2018-12-05 12:52:41.429596'});
INSERT INTO "GALADM"."GTS_CARRIER_TBX" (TRACKING_AREA,CARRIER_NUMBER,PRODUCT_ID,CARRIER_TYPE,STATUS,CREATE_TIMESTAMP,UPDATE_TIMESTAMP) VALUES ('PA_CARRIER','1327','',0,0,{ts '2018-10-29 14:38:15.663564'},{ts '2018-12-05 12:52:41.429596'});
INSERT INTO "GALADM"."GTS_CARRIER_TBX" (TRACKING_AREA,CARRIER_NUMBER,PRODUCT_ID,CARRIER_TYPE,STATUS,CREATE_TIMESTAMP,UPDATE_TIMESTAMP) VALUES ('PA_CARRIER','1328','',0,0,{ts '2018-10-29 14:38:15.667821'},{ts '2018-12-05 12:52:41.429596'});
INSERT INTO "GALADM"."GTS_CARRIER_TBX" (TRACKING_AREA,CARRIER_NUMBER,PRODUCT_ID,CARRIER_TYPE,STATUS,CREATE_TIMESTAMP,UPDATE_TIMESTAMP) VALUES ('PA_CARRIER','1329','',0,0,{ts '2018-10-29 14:38:15.671620'},{ts '2018-12-05 12:52:41.429596'});
INSERT INTO "GALADM"."GTS_CARRIER_TBX" (TRACKING_AREA,CARRIER_NUMBER,PRODUCT_ID,CARRIER_TYPE,STATUS,CREATE_TIMESTAMP,UPDATE_TIMESTAMP) VALUES ('PA_CARRIER','1330','',0,0,{ts '2018-10-29 14:38:15.674771'},{ts '2018-12-05 12:52:41.429596'});
INSERT INTO "GALADM"."GTS_CARRIER_TBX" (TRACKING_AREA,CARRIER_NUMBER,PRODUCT_ID,CARRIER_TYPE,STATUS,CREATE_TIMESTAMP,UPDATE_TIMESTAMP) VALUES ('PA_CARRIER','1331','',0,0,{ts '2018-10-29 14:38:15.678491'},{ts '2018-12-05 12:52:41.429596'});
INSERT INTO "GALADM"."GTS_CARRIER_TBX" (TRACKING_AREA,CARRIER_NUMBER,PRODUCT_ID,CARRIER_TYPE,STATUS,CREATE_TIMESTAMP,UPDATE_TIMESTAMP) VALUES ('PA_CARRIER','1332','',0,0,{ts '2018-10-29 14:38:15.682635'},{ts '2018-12-05 12:52:41.429596'});
INSERT INTO "GALADM"."GTS_CARRIER_TBX" (TRACKING_AREA,CARRIER_NUMBER,PRODUCT_ID,CARRIER_TYPE,STATUS,CREATE_TIMESTAMP,UPDATE_TIMESTAMP) VALUES ('PA_CARRIER','1333','',0,0,{ts '2018-10-29 14:38:15.685980'},{ts '2018-12-05 12:52:41.429596'});
INSERT INTO "GALADM"."GTS_CARRIER_TBX" (TRACKING_AREA,CARRIER_NUMBER,PRODUCT_ID,CARRIER_TYPE,STATUS,CREATE_TIMESTAMP,UPDATE_TIMESTAMP) VALUES ('PA_CARRIER','1334','',0,0,{ts '2018-10-29 14:38:15.689345'},{ts '2018-12-05 12:52:41.429596'});
INSERT INTO "GALADM"."GTS_CARRIER_TBX" (TRACKING_AREA,CARRIER_NUMBER,PRODUCT_ID,CARRIER_TYPE,STATUS,CREATE_TIMESTAMP,UPDATE_TIMESTAMP) VALUES ('PA_CARRIER','1335','',0,0,{ts '2018-10-29 14:38:15.692853'},{ts '2018-12-05 12:52:41.429596'});
INSERT INTO "GALADM"."GTS_CARRIER_TBX" (TRACKING_AREA,CARRIER_NUMBER,PRODUCT_ID,CARRIER_TYPE,STATUS,CREATE_TIMESTAMP,UPDATE_TIMESTAMP) VALUES ('PA_CARRIER','1336','',0,0,{ts '2018-10-29 14:38:15.695929'},{ts '2018-12-05 12:52:41.429596'});
INSERT INTO "GALADM"."GTS_CARRIER_TBX" (TRACKING_AREA,CARRIER_NUMBER,PRODUCT_ID,CARRIER_TYPE,STATUS,CREATE_TIMESTAMP,UPDATE_TIMESTAMP) VALUES ('PA_CARRIER','1337','',0,0,{ts '2018-10-29 14:38:15.699229'},{ts '2018-12-05 12:52:41.429596'});
INSERT INTO "GALADM"."GTS_CARRIER_TBX" (TRACKING_AREA,CARRIER_NUMBER,PRODUCT_ID,CARRIER_TYPE,STATUS,CREATE_TIMESTAMP,UPDATE_TIMESTAMP) VALUES ('PA_CARRIER','1338','',0,0,{ts '2018-10-29 14:38:15.702265'},{ts '2018-12-05 12:52:41.429596'});
INSERT INTO "GALADM"."GTS_CARRIER_TBX" (TRACKING_AREA,CARRIER_NUMBER,PRODUCT_ID,CARRIER_TYPE,STATUS,CREATE_TIMESTAMP,UPDATE_TIMESTAMP) VALUES ('PA_CARRIER','1339','',0,0,{ts '2018-10-29 14:38:15.706038'},{ts '2018-12-05 12:52:41.429596'});
INSERT INTO "GALADM"."GTS_CARRIER_TBX" (TRACKING_AREA,CARRIER_NUMBER,PRODUCT_ID,CARRIER_TYPE,STATUS,CREATE_TIMESTAMP,UPDATE_TIMESTAMP) VALUES ('PA_CARRIER','1340','',0,0,{ts '2018-10-29 14:38:15.709341'},{ts '2018-12-05 12:52:41.429596'});
INSERT INTO "GALADM"."GTS_CARRIER_TBX" (TRACKING_AREA,CARRIER_NUMBER,PRODUCT_ID,CARRIER_TYPE,STATUS,CREATE_TIMESTAMP,UPDATE_TIMESTAMP) VALUES ('PA_CARRIER','1341','',0,0,{ts '2018-10-29 14:38:15.713666'},{ts '2018-12-05 12:52:41.429596'});
INSERT INTO "GALADM"."GTS_CARRIER_TBX" (TRACKING_AREA,CARRIER_NUMBER,PRODUCT_ID,CARRIER_TYPE,STATUS,CREATE_TIMESTAMP,UPDATE_TIMESTAMP) VALUES ('PA_CARRIER','1342','',0,0,{ts '2018-10-29 14:38:15.717019'},{ts '2018-12-05 12:52:41.429596'});
INSERT INTO "GALADM"."GTS_CARRIER_TBX" (TRACKING_AREA,CARRIER_NUMBER,PRODUCT_ID,CARRIER_TYPE,STATUS,CREATE_TIMESTAMP,UPDATE_TIMESTAMP) VALUES ('PA_CARRIER','1343','',0,0,{ts '2018-10-29 14:38:15.720127'},{ts '2018-12-05 12:52:41.429596'});
INSERT INTO "GALADM"."GTS_CARRIER_TBX" (TRACKING_AREA,CARRIER_NUMBER,PRODUCT_ID,CARRIER_TYPE,STATUS,CREATE_TIMESTAMP,UPDATE_TIMESTAMP) VALUES ('PA_CARRIER','1344','',0,0,{ts '2018-10-29 14:38:15.723103'},{ts '2018-12-05 12:52:41.429596'});
INSERT INTO "GALADM"."GTS_CARRIER_TBX" (TRACKING_AREA,CARRIER_NUMBER,PRODUCT_ID,CARRIER_TYPE,STATUS,CREATE_TIMESTAMP,UPDATE_TIMESTAMP) VALUES ('PA_CARRIER','1345','',0,0,{ts '2018-10-29 14:38:15.726371'},{ts '2018-12-05 12:52:41.429596'});
INSERT INTO "GALADM"."GTS_CARRIER_TBX" (TRACKING_AREA,CARRIER_NUMBER,PRODUCT_ID,CARRIER_TYPE,STATUS,CREATE_TIMESTAMP,UPDATE_TIMESTAMP) VALUES ('PA_CARRIER','1346','',0,0,{ts '2018-10-29 14:38:15.729898'},{ts '2018-12-05 12:52:41.429596'});
INSERT INTO "GALADM"."GTS_CARRIER_TBX" (TRACKING_AREA,CARRIER_NUMBER,PRODUCT_ID,CARRIER_TYPE,STATUS,CREATE_TIMESTAMP,UPDATE_TIMESTAMP) VALUES ('PA_CARRIER','1347','',0,0,{ts '2018-10-29 14:38:15.733256'},{ts '2018-12-05 12:52:41.429596'});
INSERT INTO "GALADM"."GTS_CARRIER_TBX" (TRACKING_AREA,CARRIER_NUMBER,PRODUCT_ID,CARRIER_TYPE,STATUS,CREATE_TIMESTAMP,UPDATE_TIMESTAMP) VALUES ('PA_CARRIER','1348','',0,0,{ts '2018-10-29 14:38:15.736553'},{ts '2018-12-05 12:52:41.429596'});
INSERT INTO "GALADM"."GTS_CARRIER_TBX" (TRACKING_AREA,CARRIER_NUMBER,PRODUCT_ID,CARRIER_TYPE,STATUS,CREATE_TIMESTAMP,UPDATE_TIMESTAMP) VALUES ('PA_CARRIER','1349','',0,0,{ts '2018-10-29 14:38:15.739994'},{ts '2018-12-05 12:52:41.429596'});
INSERT INTO "GALADM"."GTS_CARRIER_TBX" (TRACKING_AREA,CARRIER_NUMBER,PRODUCT_ID,CARRIER_TYPE,STATUS,CREATE_TIMESTAMP,UPDATE_TIMESTAMP) VALUES ('PA_CARRIER','1350','',0,0,{ts '2018-10-29 14:38:15.743074'},{ts '2018-12-05 12:52:41.429596'});
INSERT INTO "GALADM"."GTS_CARRIER_TBX" (TRACKING_AREA,CARRIER_NUMBER,PRODUCT_ID,CARRIER_TYPE,STATUS,CREATE_TIMESTAMP,UPDATE_TIMESTAMP) VALUES ('PA_CARRIER','1351','',0,0,{ts '2018-10-29 14:38:15.746429'},{ts '2018-12-05 12:52:41.429596'});
INSERT INTO "GALADM"."GTS_CARRIER_TBX" (TRACKING_AREA,CARRIER_NUMBER,PRODUCT_ID,CARRIER_TYPE,STATUS,CREATE_TIMESTAMP,UPDATE_TIMESTAMP) VALUES ('PA_CARRIER','1352','',0,0,{ts '2018-10-29 14:38:15.749848'},{ts '2018-12-05 12:52:41.429596'});
INSERT INTO "GALADM"."GTS_CARRIER_TBX" (TRACKING_AREA,CARRIER_NUMBER,PRODUCT_ID,CARRIER_TYPE,STATUS,CREATE_TIMESTAMP,UPDATE_TIMESTAMP) VALUES ('PA_CARRIER','1353','',0,0,{ts '2018-10-29 14:38:15.753930'},{ts '2018-12-05 12:52:41.429596'});
INSERT INTO "GALADM"."GTS_CARRIER_TBX" (TRACKING_AREA,CARRIER_NUMBER,PRODUCT_ID,CARRIER_TYPE,STATUS,CREATE_TIMESTAMP,UPDATE_TIMESTAMP) VALUES ('PA_CARRIER','1354','',0,0,{ts '2018-10-29 14:38:15.757374'},{ts '2018-12-05 12:52:41.429596'});
INSERT INTO "GALADM"."GTS_CARRIER_TBX" (TRACKING_AREA,CARRIER_NUMBER,PRODUCT_ID,CARRIER_TYPE,STATUS,CREATE_TIMESTAMP,UPDATE_TIMESTAMP) VALUES ('PA_CARRIER','1355','',0,0,{ts '2018-10-29 14:38:15.760548'},{ts '2018-12-05 12:52:41.429596'});
INSERT INTO "GALADM"."GTS_CARRIER_TBX" (TRACKING_AREA,CARRIER_NUMBER,PRODUCT_ID,CARRIER_TYPE,STATUS,CREATE_TIMESTAMP,UPDATE_TIMESTAMP) VALUES ('PA_CARRIER','1356','',0,0,{ts '2018-10-29 14:38:15.764001'},{ts '2018-12-05 12:52:41.429596'});
INSERT INTO "GALADM"."GTS_CARRIER_TBX" (TRACKING_AREA,CARRIER_NUMBER,PRODUCT_ID,CARRIER_TYPE,STATUS,CREATE_TIMESTAMP,UPDATE_TIMESTAMP) VALUES ('PA_CARRIER','1357','',0,0,{ts '2018-10-29 14:38:15.767151'},{ts '2018-12-05 12:52:41.429596'});
INSERT INTO "GALADM"."GTS_CARRIER_TBX" (TRACKING_AREA,CARRIER_NUMBER,PRODUCT_ID,CARRIER_TYPE,STATUS,CREATE_TIMESTAMP,UPDATE_TIMESTAMP) VALUES ('PA_CARRIER','1358','',0,0,{ts '2018-10-29 14:38:15.770749'},{ts '2018-12-05 12:52:41.429596'});
INSERT INTO "GALADM"."GTS_CARRIER_TBX" (TRACKING_AREA,CARRIER_NUMBER,PRODUCT_ID,CARRIER_TYPE,STATUS,CREATE_TIMESTAMP,UPDATE_TIMESTAMP) VALUES ('PA_CARRIER','1359','',0,0,{ts '2018-10-29 14:38:15.774271'},{ts '2018-12-05 12:52:41.429596'});
INSERT INTO "GALADM"."GTS_CARRIER_TBX" (TRACKING_AREA,CARRIER_NUMBER,PRODUCT_ID,CARRIER_TYPE,STATUS,CREATE_TIMESTAMP,UPDATE_TIMESTAMP) VALUES ('PA_CARRIER','1360','',0,0,{ts '2018-10-29 14:38:15.777200'},{ts '2018-12-05 12:52:41.429596'});
INSERT INTO "GALADM"."GTS_CARRIER_TBX" (TRACKING_AREA,CARRIER_NUMBER,PRODUCT_ID,CARRIER_TYPE,STATUS,CREATE_TIMESTAMP,UPDATE_TIMESTAMP) VALUES ('PA_CARRIER','1361','',0,0,{ts '2018-10-29 14:38:15.780547'},{ts '2018-12-05 12:52:41.429596'});
INSERT INTO "GALADM"."GTS_CARRIER_TBX" (TRACKING_AREA,CARRIER_NUMBER,PRODUCT_ID,CARRIER_TYPE,STATUS,CREATE_TIMESTAMP,UPDATE_TIMESTAMP) VALUES ('PA_CARRIER','1362','',0,0,{ts '2018-10-29 14:38:15.784160'},{ts '2018-12-05 12:52:41.429596'});
INSERT INTO "GALADM"."GTS_CARRIER_TBX" (TRACKING_AREA,CARRIER_NUMBER,PRODUCT_ID,CARRIER_TYPE,STATUS,CREATE_TIMESTAMP,UPDATE_TIMESTAMP) VALUES ('PA_CARRIER','1363','',0,0,{ts '2018-10-29 14:38:15.787741'},{ts '2018-12-05 12:52:41.429596'});
INSERT INTO "GALADM"."GTS_CARRIER_TBX" (TRACKING_AREA,CARRIER_NUMBER,PRODUCT_ID,CARRIER_TYPE,STATUS,CREATE_TIMESTAMP,UPDATE_TIMESTAMP) VALUES ('PA_CARRIER','1364','',0,0,{ts '2018-10-29 14:38:15.790838'},{ts '2018-12-05 12:52:41.429596'});
INSERT INTO "GALADM"."GTS_CARRIER_TBX" (TRACKING_AREA,CARRIER_NUMBER,PRODUCT_ID,CARRIER_TYPE,STATUS,CREATE_TIMESTAMP,UPDATE_TIMESTAMP) VALUES ('PA_CARRIER','1365','',0,0,{ts '2018-10-29 14:38:15.794621'},{ts '2018-12-05 12:52:41.429596'});
INSERT INTO "GALADM"."GTS_CARRIER_TBX" (TRACKING_AREA,CARRIER_NUMBER,PRODUCT_ID,CARRIER_TYPE,STATUS,CREATE_TIMESTAMP,UPDATE_TIMESTAMP) VALUES ('PA_CARRIER','1366','',0,0,{ts '2018-10-29 14:38:15.798238'},{ts '2018-12-05 12:52:41.429596'});
INSERT INTO "GALADM"."GTS_CARRIER_TBX" (TRACKING_AREA,CARRIER_NUMBER,PRODUCT_ID,CARRIER_TYPE,STATUS,CREATE_TIMESTAMP,UPDATE_TIMESTAMP) VALUES ('PA_CARRIER','1367','',0,0,{ts '2018-10-29 14:38:15.801894'},{ts '2018-12-05 12:52:41.429596'});
INSERT INTO "GALADM"."GTS_CARRIER_TBX" (TRACKING_AREA,CARRIER_NUMBER,PRODUCT_ID,CARRIER_TYPE,STATUS,CREATE_TIMESTAMP,UPDATE_TIMESTAMP) VALUES ('PA_CARRIER','1368','',0,0,{ts '2018-10-29 14:38:15.805461'},{ts '2018-12-05 12:52:41.429596'});
INSERT INTO "GALADM"."GTS_CARRIER_TBX" (TRACKING_AREA,CARRIER_NUMBER,PRODUCT_ID,CARRIER_TYPE,STATUS,CREATE_TIMESTAMP,UPDATE_TIMESTAMP) VALUES ('PA_CARRIER','1369','',0,0,{ts '2018-10-29 14:38:15.809274'},{ts '2018-12-05 12:52:41.429596'});
INSERT INTO "GALADM"."GTS_CARRIER_TBX" (TRACKING_AREA,CARRIER_NUMBER,PRODUCT_ID,CARRIER_TYPE,STATUS,CREATE_TIMESTAMP,UPDATE_TIMESTAMP) VALUES ('PA_CARRIER','1370','',0,0,{ts '2018-10-29 14:38:15.814454'},{ts '2018-12-05 12:52:41.429596'});
INSERT INTO "GALADM"."GTS_CARRIER_TBX" (TRACKING_AREA,CARRIER_NUMBER,PRODUCT_ID,CARRIER_TYPE,STATUS,CREATE_TIMESTAMP,UPDATE_TIMESTAMP) VALUES ('PA_CARRIER','1371','',0,0,{ts '2018-10-29 14:38:15.818285'},{ts '2018-12-05 12:52:41.429596'});
INSERT INTO "GALADM"."GTS_CARRIER_TBX" (TRACKING_AREA,CARRIER_NUMBER,PRODUCT_ID,CARRIER_TYPE,STATUS,CREATE_TIMESTAMP,UPDATE_TIMESTAMP) VALUES ('PA_CARRIER','1372','',0,0,{ts '2018-10-29 14:38:15.821628'},{ts '2018-12-05 12:52:41.429596'});
INSERT INTO "GALADM"."GTS_CARRIER_TBX" (TRACKING_AREA,CARRIER_NUMBER,PRODUCT_ID,CARRIER_TYPE,STATUS,CREATE_TIMESTAMP,UPDATE_TIMESTAMP) VALUES ('PA_CARRIER','1373','',0,0,{ts '2018-10-29 14:38:15.824460'},{ts '2018-12-05 12:52:41.429596'});
INSERT INTO "GALADM"."GTS_CARRIER_TBX" (TRACKING_AREA,CARRIER_NUMBER,PRODUCT_ID,CARRIER_TYPE,STATUS,CREATE_TIMESTAMP,UPDATE_TIMESTAMP) VALUES ('PA_CARRIER','1374','',0,0,{ts '2018-10-29 14:38:15.827862'},{ts '2018-12-05 12:52:41.429596'});
INSERT INTO "GALADM"."GTS_CARRIER_TBX" (TRACKING_AREA,CARRIER_NUMBER,PRODUCT_ID,CARRIER_TYPE,STATUS,CREATE_TIMESTAMP,UPDATE_TIMESTAMP) VALUES ('PA_CARRIER','1375','',0,0,{ts '2018-10-29 14:38:15.830911'},{ts '2018-12-05 12:52:41.429596'});
INSERT INTO "GALADM"."GTS_CARRIER_TBX" (TRACKING_AREA,CARRIER_NUMBER,PRODUCT_ID,CARRIER_TYPE,STATUS,CREATE_TIMESTAMP,UPDATE_TIMESTAMP) VALUES ('PA_CARRIER','1376','',0,0,{ts '2018-10-29 14:38:15.834908'},{ts '2018-12-05 12:52:41.429596'});
INSERT INTO "GALADM"."GTS_CARRIER_TBX" (TRACKING_AREA,CARRIER_NUMBER,PRODUCT_ID,CARRIER_TYPE,STATUS,CREATE_TIMESTAMP,UPDATE_TIMESTAMP) VALUES ('PA_CARRIER','1377','',0,0,{ts '2018-10-29 14:38:15.838466'},{ts '2018-12-05 12:52:41.429596'});
INSERT INTO "GALADM"."GTS_CARRIER_TBX" (TRACKING_AREA,CARRIER_NUMBER,PRODUCT_ID,CARRIER_TYPE,STATUS,CREATE_TIMESTAMP,UPDATE_TIMESTAMP) VALUES ('PA_CARRIER','1378','',0,0,{ts '2018-10-29 14:38:15.841812'},{ts '2018-12-05 12:52:41.429596'});
INSERT INTO "GALADM"."GTS_CARRIER_TBX" (TRACKING_AREA,CARRIER_NUMBER,PRODUCT_ID,CARRIER_TYPE,STATUS,CREATE_TIMESTAMP,UPDATE_TIMESTAMP) VALUES ('PA_CARRIER','1379','',0,0,{ts '2018-10-29 14:38:15.845707'},{ts '2018-12-05 12:52:41.429596'});
INSERT INTO "GALADM"."GTS_CARRIER_TBX" (TRACKING_AREA,CARRIER_NUMBER,PRODUCT_ID,CARRIER_TYPE,STATUS,CREATE_TIMESTAMP,UPDATE_TIMESTAMP) VALUES ('PA_CARRIER','1380','',0,0,{ts '2018-10-29 14:38:15.848840'},{ts '2018-12-05 12:52:41.429596'});
INSERT INTO "GALADM"."GTS_CARRIER_TBX" (TRACKING_AREA,CARRIER_NUMBER,PRODUCT_ID,CARRIER_TYPE,STATUS,CREATE_TIMESTAMP,UPDATE_TIMESTAMP) VALUES ('PA_CARRIER','1381','',0,0,{ts '2018-10-29 14:38:15.852231'},{ts '2018-12-05 12:52:41.429596'});
INSERT INTO "GALADM"."GTS_CARRIER_TBX" (TRACKING_AREA,CARRIER_NUMBER,PRODUCT_ID,CARRIER_TYPE,STATUS,CREATE_TIMESTAMP,UPDATE_TIMESTAMP) VALUES ('PA_CARRIER','1382','',0,0,{ts '2018-10-29 14:38:15.855860'},{ts '2018-12-05 12:52:41.429596'});
INSERT INTO "GALADM"."GTS_CARRIER_TBX" (TRACKING_AREA,CARRIER_NUMBER,PRODUCT_ID,CARRIER_TYPE,STATUS,CREATE_TIMESTAMP,UPDATE_TIMESTAMP) VALUES ('PA_CARRIER','1383','',0,0,{ts '2018-10-29 14:38:15.859296'},{ts '2018-12-05 12:52:41.429596'});
INSERT INTO "GALADM"."GTS_CARRIER_TBX" (TRACKING_AREA,CARRIER_NUMBER,PRODUCT_ID,CARRIER_TYPE,STATUS,CREATE_TIMESTAMP,UPDATE_TIMESTAMP) VALUES ('PA_CARRIER','1384','',0,0,{ts '2018-10-29 14:38:15.863039'},{ts '2018-12-05 12:52:41.429596'});
INSERT INTO "GALADM"."GTS_CARRIER_TBX" (TRACKING_AREA,CARRIER_NUMBER,PRODUCT_ID,CARRIER_TYPE,STATUS,CREATE_TIMESTAMP,UPDATE_TIMESTAMP) VALUES ('PA_CARRIER','1385','',0,0,{ts '2018-10-29 14:38:15.867036'},{ts '2018-12-05 12:52:41.429596'});
INSERT INTO "GALADM"."GTS_CARRIER_TBX" (TRACKING_AREA,CARRIER_NUMBER,PRODUCT_ID,CARRIER_TYPE,STATUS,CREATE_TIMESTAMP,UPDATE_TIMESTAMP) VALUES ('PA_CARRIER','1386','',0,0,{ts '2018-10-29 14:38:15.870393'},{ts '2018-12-05 12:52:41.429596'});
INSERT INTO "GALADM"."GTS_CARRIER_TBX" (TRACKING_AREA,CARRIER_NUMBER,PRODUCT_ID,CARRIER_TYPE,STATUS,CREATE_TIMESTAMP,UPDATE_TIMESTAMP) VALUES ('PA_CARRIER','1387','',0,0,{ts '2018-10-29 14:38:15.873893'},{ts '2018-12-05 12:52:41.429596'});
INSERT INTO "GALADM"."GTS_CARRIER_TBX" (TRACKING_AREA,CARRIER_NUMBER,PRODUCT_ID,CARRIER_TYPE,STATUS,CREATE_TIMESTAMP,UPDATE_TIMESTAMP) VALUES ('PA_CARRIER','1388','',0,0,{ts '2018-10-29 14:38:15.876824'},{ts '2018-12-05 12:52:41.429596'});
INSERT INTO "GALADM"."GTS_CARRIER_TBX" (TRACKING_AREA,CARRIER_NUMBER,PRODUCT_ID,CARRIER_TYPE,STATUS,CREATE_TIMESTAMP,UPDATE_TIMESTAMP) VALUES ('PA_CARRIER','1389','',0,0,{ts '2018-10-29 14:38:15.880342'},{ts '2018-12-05 12:52:41.429596'});
INSERT INTO "GALADM"."GTS_CARRIER_TBX" (TRACKING_AREA,CARRIER_NUMBER,PRODUCT_ID,CARRIER_TYPE,STATUS,CREATE_TIMESTAMP,UPDATE_TIMESTAMP) VALUES ('PA_CARRIER','1390','',0,0,{ts '2018-10-29 14:38:15.883328'},{ts '2018-12-05 12:52:41.429596'});
INSERT INTO "GALADM"."GTS_CARRIER_TBX" (TRACKING_AREA,CARRIER_NUMBER,PRODUCT_ID,CARRIER_TYPE,STATUS,CREATE_TIMESTAMP,UPDATE_TIMESTAMP) VALUES ('PA_CARRIER','1391','',0,0,{ts '2018-10-29 14:38:15.887291'},{ts '2018-12-05 12:52:41.429596'});
INSERT INTO "GALADM"."GTS_CARRIER_TBX" (TRACKING_AREA,CARRIER_NUMBER,PRODUCT_ID,CARRIER_TYPE,STATUS,CREATE_TIMESTAMP,UPDATE_TIMESTAMP) VALUES ('PA_CARRIER','1392','',0,0,{ts '2018-10-29 14:38:15.890732'},{ts '2018-12-05 12:52:41.429596'});
INSERT INTO "GALADM"."GTS_CARRIER_TBX" (TRACKING_AREA,CARRIER_NUMBER,PRODUCT_ID,CARRIER_TYPE,STATUS,CREATE_TIMESTAMP,UPDATE_TIMESTAMP) VALUES ('PA_CARRIER','1393','',0,0,{ts '2018-10-29 14:38:15.894051'},{ts '2018-12-05 12:52:41.429596'});
INSERT INTO "GALADM"."GTS_CARRIER_TBX" (TRACKING_AREA,CARRIER_NUMBER,PRODUCT_ID,CARRIER_TYPE,STATUS,CREATE_TIMESTAMP,UPDATE_TIMESTAMP) VALUES ('PA_CARRIER','1394','',0,0,{ts '2018-10-29 14:38:15.897384'},{ts '2018-12-05 12:52:41.429596'});
INSERT INTO "GALADM"."GTS_CARRIER_TBX" (TRACKING_AREA,CARRIER_NUMBER,PRODUCT_ID,CARRIER_TYPE,STATUS,CREATE_TIMESTAMP,UPDATE_TIMESTAMP) VALUES ('PA_CARRIER','1395','',0,0,{ts '2018-10-29 14:38:15.900778'},{ts '2018-12-05 12:52:41.429596'});
INSERT INTO "GALADM"."GTS_CARRIER_TBX" (TRACKING_AREA,CARRIER_NUMBER,PRODUCT_ID,CARRIER_TYPE,STATUS,CREATE_TIMESTAMP,UPDATE_TIMESTAMP) VALUES ('PA_CARRIER','1396','',0,0,{ts '2018-10-29 14:38:15.903879'},{ts '2018-12-05 12:52:41.429596'});
INSERT INTO "GALADM"."GTS_CARRIER_TBX" (TRACKING_AREA,CARRIER_NUMBER,PRODUCT_ID,CARRIER_TYPE,STATUS,CREATE_TIMESTAMP,UPDATE_TIMESTAMP) VALUES ('PA_CARRIER','1397','',0,0,{ts '2018-10-29 14:38:15.907962'},{ts '2018-12-05 12:52:41.429596'});
INSERT INTO "GALADM"."GTS_CARRIER_TBX" (TRACKING_AREA,CARRIER_NUMBER,PRODUCT_ID,CARRIER_TYPE,STATUS,CREATE_TIMESTAMP,UPDATE_TIMESTAMP) VALUES ('PA_CARRIER','1398','',0,0,{ts '2018-10-29 14:38:15.911192'},{ts '2018-12-05 12:52:41.429596'});
INSERT INTO "GALADM"."GTS_CARRIER_TBX" (TRACKING_AREA,CARRIER_NUMBER,PRODUCT_ID,CARRIER_TYPE,STATUS,CREATE_TIMESTAMP,UPDATE_TIMESTAMP) VALUES ('PA_CARRIER','1399','',0,0,{ts '2018-10-29 14:38:15.915606'},{ts '2018-12-05 12:52:41.429596'});

INSERT INTO "GALADM"."GTS_DECISION_POINT_TBX" (TRACKING_AREA,DP_ID,DECISION_POINT_NAME,DECISION_POINT_DESCRIPTION,RULE_CLASS,ENABLED,ACTUAL_TIMESTAMP,TIME_INTERVAL,CREATE_TIMESTAMP,UPDATE_TIMESTAMP) VALUES ('P1TBS',1,'DP-01-A','From lane toC to toD and toE','com.honda.galc.service.gts.pbs.GtsTbs1MoveDecisionRule01A',1,{ts '2019-04-10 10:26:00.951000'},0,{ts '2019-04-09 14:59:06.558454'},{ts '2019-04-10 10:26:00.982539'});
INSERT INTO "GALADM"."GTS_DECISION_POINT_TBX" (TRACKING_AREA,DP_ID,DECISION_POINT_NAME,DECISION_POINT_DESCRIPTION,RULE_CLASS,ENABLED,ACTUAL_TIMESTAMP,TIME_INTERVAL,CREATE_TIMESTAMP,UPDATE_TIMESTAMP) VALUES ('P1TBS',2,'DP-02-A','From lane toG to toH and toJ','com.honda.galc.service.gts.pbs.GtsTbs1MoveDecisionRule02A',1,{ts '2018-09-26 10:41:41'},0,{ts '2019-04-09 14:59:06.563411'},{ts '2018-09-26 10:41:41'});
INSERT INTO "GALADM"."GTS_DECISION_POINT_TBX" (TRACKING_AREA,DP_ID,DECISION_POINT_NAME,DECISION_POINT_DESCRIPTION,RULE_CLASS,ENABLED,ACTUAL_TIMESTAMP,TIME_INTERVAL,CREATE_TIMESTAMP,UPDATE_TIMESTAMP) VALUES ('P1TBS',3,'DP-03-A','From lane toH and toJ to toK','com.honda.galc.service.gts.pbs.GtsTbs1MoveDecisionRule03A',1,{ts '2018-09-26 10:41:41'},0,{ts '2019-04-09 14:59:06.567954'},{ts '2019-04-09 15:00:51.449744'});
INSERT INTO "GALADM"."GTS_DECISION_POINT_TBX" (TRACKING_AREA,DP_ID,DECISION_POINT_NAME,DECISION_POINT_DESCRIPTION,RULE_CLASS,ENABLED,ACTUAL_TIMESTAMP,TIME_INTERVAL,CREATE_TIMESTAMP,UPDATE_TIMESTAMP) VALUES ('P1TBS',4,'DP-04-A','From lane tsC to tsD and tsE','com.honda.galc.service.gts.pbs.GtsTbs1MoveDecisionRule04A',1,{ts '2019-04-10 10:29:59.674000'},0,{ts '2019-04-09 14:59:06.571982'},{ts '2019-04-10 10:29:59.700066'});
INSERT INTO "GALADM"."GTS_DECISION_POINT_TBX" (TRACKING_AREA,DP_ID,DECISION_POINT_NAME,DECISION_POINT_DESCRIPTION,RULE_CLASS,ENABLED,ACTUAL_TIMESTAMP,TIME_INTERVAL,CREATE_TIMESTAMP,UPDATE_TIMESTAMP) VALUES ('P1TBS',5,'DP-05-A','From lane tsE to tsF and tsH','com.honda.galc.service.gts.pbs.GtsTbs1MoveDecisionRule05A',1,{ts '2018-09-26 10:41:41'},0,{ts '2019-04-09 14:59:06.575905'},{ts '2018-09-26 10:41:41'});
INSERT INTO "GALADM"."GTS_DECISION_POINT_TBX" (TRACKING_AREA,DP_ID,DECISION_POINT_NAME,DECISION_POINT_DESCRIPTION,RULE_CLASS,ENABLED,ACTUAL_TIMESTAMP,TIME_INTERVAL,CREATE_TIMESTAMP,UPDATE_TIMESTAMP) VALUES ('P1TBS',6,'DP-06-A','From lane tsF to tsI,tsR and tsS','com.honda.galc.service.gts.pbs.GtsTbs1MoveDecisionRule06A',1,{ts '2018-09-26 10:41:41'},0,{ts '2019-04-09 14:59:06.579526'},{ts '2018-09-26 10:41:41'});
INSERT INTO "GALADM"."GTS_DECISION_POINT_TBX" (TRACKING_AREA,DP_ID,DECISION_POINT_NAME,DECISION_POINT_DESCRIPTION,RULE_CLASS,ENABLED,ACTUAL_TIMESTAMP,TIME_INTERVAL,CREATE_TIMESTAMP,UPDATE_TIMESTAMP) VALUES ('P1TBS',7,'DP-07-A','From tsJ, tsK, and tsL to tsM and tsN','com.honda.galc.service.gts.pbs.GtsTbs1MoveDecisionRule07A',1,{ts '2018-09-26 10:41:41'},0,{ts '2019-04-09 14:59:46.532910'},{ts '2019-04-09 15:00:59.439382'});

INSERT INTO "GALADM"."GTS_DP_CONDITION_TBX" (TRACKING_AREA,DP_ID,INDICATOR_ID,REQUIRED_VALUE,CREATE_TIMESTAMP,UPDATE_TIMESTAMP) VALUES ('P1TBS',1,'CS-P13-SD1',1,{ts '2019-04-09 15:18:15.291720'},{ts '2018-09-25 15:11:46'});
INSERT INTO "GALADM"."GTS_DP_CONDITION_TBX" (TRACKING_AREA,DP_ID,INDICATOR_ID,REQUIRED_VALUE,CREATE_TIMESTAMP,UPDATE_TIMESTAMP) VALUES ('P1TBS',1,'CB-P13-B5P13',1,{ts '2019-04-09 15:18:15.294195'},{ts '2018-09-25 15:11:53'});
INSERT INTO "GALADM"."GTS_DP_CONDITION_TBX" (TRACKING_AREA,DP_ID,INDICATOR_ID,REQUIRED_VALUE,CREATE_TIMESTAMP,UPDATE_TIMESTAMP) VALUES ('P1TBS',2,'CS-P13-SD1',1,{ts '2019-04-09 15:18:15.300373'},{ts '2018-09-25 15:11:46'});
INSERT INTO "GALADM"."GTS_DP_CONDITION_TBX" (TRACKING_AREA,DP_ID,INDICATOR_ID,REQUIRED_VALUE,CREATE_TIMESTAMP,UPDATE_TIMESTAMP) VALUES ('P1TBS',2,'CS-P9A-T2',1,{ts '2019-04-09 15:18:15.304526'},{ts '2018-09-25 15:11:53'});
INSERT INTO "GALADM"."GTS_DP_CONDITION_TBX" (TRACKING_AREA,DP_ID,INDICATOR_ID,REQUIRED_VALUE,CREATE_TIMESTAMP,UPDATE_TIMESTAMP) VALUES ('P1TBS',2,'CB-TBD1',1,{ts '2019-04-09 15:18:15.308128'},{ts '2018-09-25 15:11:46'});
INSERT INTO "GALADM"."GTS_DP_CONDITION_TBX" (TRACKING_AREA,DP_ID,INDICATOR_ID,REQUIRED_VALUE,CREATE_TIMESTAMP,UPDATE_TIMESTAMP) VALUES ('P1TBS',3,'CS-P9A-T2',1,{ts '2019-04-09 15:18:15.311912'},{ts '2018-09-25 15:11:53'});
INSERT INTO "GALADM"."GTS_DP_CONDITION_TBX" (TRACKING_AREA,DP_ID,INDICATOR_ID,REQUIRED_VALUE,CREATE_TIMESTAMP,UPDATE_TIMESTAMP) VALUES ('P1TBS',3,'CB_TBD2',1,{ts '2019-04-09 15:18:15.316183'},{ts '2018-09-25 15:11:46'});
INSERT INTO "GALADM"."GTS_DP_CONDITION_TBX" (TRACKING_AREA,DP_ID,INDICATOR_ID,REQUIRED_VALUE,CREATE_TIMESTAMP,UPDATE_TIMESTAMP) VALUES ('P1TBS',4,'CS-P14-T6',1,{ts '2019-04-09 15:18:15.319835'},{ts '2018-09-25 15:11:53'});
INSERT INTO "GALADM"."GTS_DP_CONDITION_TBX" (TRACKING_AREA,DP_ID,INDICATOR_ID,REQUIRED_VALUE,CREATE_TIMESTAMP,UPDATE_TIMESTAMP) VALUES ('P1TBS',4,'CS-P14-T7',1,{ts '2019-04-09 15:18:15.323526'},{ts '2018-09-25 15:11:46'});
INSERT INTO "GALADM"."GTS_DP_CONDITION_TBX" (TRACKING_AREA,DP_ID,INDICATOR_ID,REQUIRED_VALUE,CREATE_TIMESTAMP,UPDATE_TIMESTAMP) VALUES ('P1TBS',4,'CB-P14-B1P14',1,{ts '2019-04-09 15:18:15.327285'},{ts '2018-09-25 15:11:53'});
INSERT INTO "GALADM"."GTS_DP_CONDITION_TBX" (TRACKING_AREA,DP_ID,INDICATOR_ID,REQUIRED_VALUE,CREATE_TIMESTAMP,UPDATE_TIMESTAMP) VALUES ('P1TBS',5,'CS-P14-T6',1,{ts '2019-04-09 15:18:15.330781'},{ts '2018-09-25 15:11:53'});
INSERT INTO "GALADM"."GTS_DP_CONDITION_TBX" (TRACKING_AREA,DP_ID,INDICATOR_ID,REQUIRED_VALUE,CREATE_TIMESTAMP,UPDATE_TIMESTAMP) VALUES ('P1TBS',5,'CS-P14-T7',1,{ts '2019-04-09 15:18:15.334670'},{ts '2018-09-25 15:11:46'});
INSERT INTO "GALADM"."GTS_DP_CONDITION_TBX" (TRACKING_AREA,DP_ID,INDICATOR_ID,REQUIRED_VALUE,CREATE_TIMESTAMP,UPDATE_TIMESTAMP) VALUES ('P1TBS',5,'CB-P14-B3P14',1,{ts '2019-04-09 15:18:15.339753'},{ts '2018-09-25 15:11:53'});
INSERT INTO "GALADM"."GTS_DP_CONDITION_TBX" (TRACKING_AREA,DP_ID,INDICATOR_ID,REQUIRED_VALUE,CREATE_TIMESTAMP,UPDATE_TIMESTAMP) VALUES ('P1TBS',6,'CS-P14-T6',1,{ts '2019-04-09 15:18:15.343956'},{ts '2018-09-25 15:11:53'});
INSERT INTO "GALADM"."GTS_DP_CONDITION_TBX" (TRACKING_AREA,DP_ID,INDICATOR_ID,REQUIRED_VALUE,CREATE_TIMESTAMP,UPDATE_TIMESTAMP) VALUES ('P1TBS',6,'CB-P14-B3P14',1,{ts '2019-04-09 15:18:15.347870'},{ts '2018-09-25 15:11:53'});
INSERT INTO "GALADM"."GTS_DP_CONDITION_TBX" (TRACKING_AREA,DP_ID,INDICATOR_ID,REQUIRED_VALUE,CREATE_TIMESTAMP,UPDATE_TIMESTAMP) VALUES ('P1TBS',7,'CS-P14-T6',1,{ts '2019-04-09 15:18:15.351815'},{ts '2018-09-25 15:11:53'});
INSERT INTO "GALADM"."GTS_DP_CONDITION_TBX" (TRACKING_AREA,DP_ID,INDICATOR_ID,REQUIRED_VALUE,CREATE_TIMESTAMP,UPDATE_TIMESTAMP) VALUES ('P1TBS',7,'CS-P14-T7',1,{ts '2019-04-09 15:18:15.356077'},{ts '2018-09-25 15:11:46'});
INSERT INTO "GALADM"."GTS_DP_CONDITION_TBX" (TRACKING_AREA,DP_ID,INDICATOR_ID,REQUIRED_VALUE,CREATE_TIMESTAMP,UPDATE_TIMESTAMP) VALUES ('P1TBS',7,'CB-P14-B4P14',1,{ts '2019-04-09 15:18:15.360121'},{ts '2018-09-25 15:11:53'});

INSERT INTO "GALADM"."GTS_MOVE_TBX" (TRACKING_AREA,SOURCE_LANE_ID,DESTINATION_LANE_ID,STATUS,DP_ID,ACTUAL_TIMESTAMP,CREATE_TIMESTAMP,UPDATE_TIMESTAMP) VALUES ('P1TBS','toC','toD',3,1,{ts '2019-04-10 10:26:00.857000'},{ts '2019-04-09 15:01:39.820296'},{ts '2019-04-10 10:26:00.885286'});
INSERT INTO "GALADM"."GTS_MOVE_TBX" (TRACKING_AREA,SOURCE_LANE_ID,DESTINATION_LANE_ID,STATUS,DP_ID,ACTUAL_TIMESTAMP,CREATE_TIMESTAMP,UPDATE_TIMESTAMP) VALUES ('P1TBS','toC','tsA',3,1,{ts '2019-04-09 16:21:49.079000'},{ts '2019-04-09 15:01:39.824028'},{ts '2019-04-09 16:21:49.094133'});
INSERT INTO "GALADM"."GTS_MOVE_TBX" (TRACKING_AREA,SOURCE_LANE_ID,DESTINATION_LANE_ID,STATUS,DP_ID,ACTUAL_TIMESTAMP,CREATE_TIMESTAMP,UPDATE_TIMESTAMP) VALUES ('P1TBS','toG','toH',0,2,{ts '2019-04-09 13:00:54'},{ts '2019-04-09 15:01:39.827486'},{ts '2019-04-09 13:08:54'});
INSERT INTO "GALADM"."GTS_MOVE_TBX" (TRACKING_AREA,SOURCE_LANE_ID,DESTINATION_LANE_ID,STATUS,DP_ID,ACTUAL_TIMESTAMP,CREATE_TIMESTAMP,UPDATE_TIMESTAMP) VALUES ('P1TBS','toG','toJ',0,2,{ts '2019-04-09 13:00:54'},{ts '2019-04-09 15:01:39.830646'},{ts '2019-04-09 13:08:54'});
INSERT INTO "GALADM"."GTS_MOVE_TBX" (TRACKING_AREA,SOURCE_LANE_ID,DESTINATION_LANE_ID,STATUS,DP_ID,ACTUAL_TIMESTAMP,CREATE_TIMESTAMP,UPDATE_TIMESTAMP) VALUES ('P1TBS','toH','toK',0,3,{ts '2019-04-09 13:00:54'},{ts '2019-04-09 15:01:39.834017'},{ts '2019-04-09 13:08:54'});
INSERT INTO "GALADM"."GTS_MOVE_TBX" (TRACKING_AREA,SOURCE_LANE_ID,DESTINATION_LANE_ID,STATUS,DP_ID,ACTUAL_TIMESTAMP,CREATE_TIMESTAMP,UPDATE_TIMESTAMP) VALUES ('P1TBS','toJ','toK',0,3,{ts '2019-04-09 13:00:54'},{ts '2019-04-09 15:01:39.837441'},{ts '2019-04-09 13:08:54'});
INSERT INTO "GALADM"."GTS_MOVE_TBX" (TRACKING_AREA,SOURCE_LANE_ID,DESTINATION_LANE_ID,STATUS,DP_ID,ACTUAL_TIMESTAMP,CREATE_TIMESTAMP,UPDATE_TIMESTAMP) VALUES ('P1TBS','tsC','tsD',0,4,{ts '2019-04-09 13:00:54'},{ts '2019-04-09 15:01:39.840783'},{ts '2019-04-09 13:08:54'});
INSERT INTO "GALADM"."GTS_MOVE_TBX" (TRACKING_AREA,SOURCE_LANE_ID,DESTINATION_LANE_ID,STATUS,DP_ID,ACTUAL_TIMESTAMP,CREATE_TIMESTAMP,UPDATE_TIMESTAMP) VALUES ('P1TBS','tsC','tsE',0,4,{ts '2019-04-09 13:00:54'},{ts '2019-04-09 15:01:39.844139'},{ts '2019-04-09 13:08:54'});
INSERT INTO "GALADM"."GTS_MOVE_TBX" (TRACKING_AREA,SOURCE_LANE_ID,DESTINATION_LANE_ID,STATUS,DP_ID,ACTUAL_TIMESTAMP,CREATE_TIMESTAMP,UPDATE_TIMESTAMP) VALUES ('P1TBS','tsE','tsF',0,5,{ts '2019-04-09 13:00:54'},{ts '2019-04-09 15:01:39.847368'},{ts '2019-04-09 13:08:54'});
INSERT INTO "GALADM"."GTS_MOVE_TBX" (TRACKING_AREA,SOURCE_LANE_ID,DESTINATION_LANE_ID,STATUS,DP_ID,ACTUAL_TIMESTAMP,CREATE_TIMESTAMP,UPDATE_TIMESTAMP) VALUES ('P1TBS','tsE','tsH',0,5,{ts '2019-04-09 13:00:54'},{ts '2019-04-09 15:01:39.850542'},{ts '2019-04-09 13:08:54'});
INSERT INTO "GALADM"."GTS_MOVE_TBX" (TRACKING_AREA,SOURCE_LANE_ID,DESTINATION_LANE_ID,STATUS,DP_ID,ACTUAL_TIMESTAMP,CREATE_TIMESTAMP,UPDATE_TIMESTAMP) VALUES ('P1TBS','tsF','tsI',0,6,{ts '2019-04-09 13:00:54'},{ts '2019-04-09 15:01:39.853716'},{ts '2019-04-09 13:08:54'});
INSERT INTO "GALADM"."GTS_MOVE_TBX" (TRACKING_AREA,SOURCE_LANE_ID,DESTINATION_LANE_ID,STATUS,DP_ID,ACTUAL_TIMESTAMP,CREATE_TIMESTAMP,UPDATE_TIMESTAMP) VALUES ('P1TBS','tsF','tsR',0,6,{ts '2019-04-09 13:00:54'},{ts '2019-04-09 15:01:39.857372'},{ts '2019-04-09 13:08:54'});
INSERT INTO "GALADM"."GTS_MOVE_TBX" (TRACKING_AREA,SOURCE_LANE_ID,DESTINATION_LANE_ID,STATUS,DP_ID,ACTUAL_TIMESTAMP,CREATE_TIMESTAMP,UPDATE_TIMESTAMP) VALUES ('P1TBS','tsF','tsS',0,6,{ts '2019-04-09 13:00:54'},{ts '2019-04-09 15:01:39.860658'},{ts '2019-04-09 13:08:54'});
INSERT INTO "GALADM"."GTS_MOVE_TBX" (TRACKING_AREA,SOURCE_LANE_ID,DESTINATION_LANE_ID,STATUS,DP_ID,ACTUAL_TIMESTAMP,CREATE_TIMESTAMP,UPDATE_TIMESTAMP) VALUES ('P1TBS','tsJ','tsM',0,7,{ts '2019-04-09 13:00:54'},{ts '2019-04-09 15:01:39.863439'},{ts '2019-04-09 13:08:54'});
INSERT INTO "GALADM"."GTS_MOVE_TBX" (TRACKING_AREA,SOURCE_LANE_ID,DESTINATION_LANE_ID,STATUS,DP_ID,ACTUAL_TIMESTAMP,CREATE_TIMESTAMP,UPDATE_TIMESTAMP) VALUES ('P1TBS','tsK','tsM',0,7,{ts '2019-04-09 13:00:54'},{ts '2019-04-09 15:01:39.866326'},{ts '2019-04-09 13:08:54'});
INSERT INTO "GALADM"."GTS_MOVE_TBX" (TRACKING_AREA,SOURCE_LANE_ID,DESTINATION_LANE_ID,STATUS,DP_ID,ACTUAL_TIMESTAMP,CREATE_TIMESTAMP,UPDATE_TIMESTAMP) VALUES ('P1TBS','tsL','tsM',0,7,{ts '2019-04-09 13:00:54'},{ts '2019-04-09 15:01:39.869207'},{ts '2019-04-09 13:08:54'});
INSERT INTO "GALADM"."GTS_MOVE_TBX" (TRACKING_AREA,SOURCE_LANE_ID,DESTINATION_LANE_ID,STATUS,DP_ID,ACTUAL_TIMESTAMP,CREATE_TIMESTAMP,UPDATE_TIMESTAMP) VALUES ('P1TBS','tsJ','tsN',0,7,{ts '2019-04-09 13:00:54'},{ts '2019-04-09 15:01:39.872116'},{ts '2019-04-09 13:08:54'});
INSERT INTO "GALADM"."GTS_MOVE_TBX" (TRACKING_AREA,SOURCE_LANE_ID,DESTINATION_LANE_ID,STATUS,DP_ID,ACTUAL_TIMESTAMP,CREATE_TIMESTAMP,UPDATE_TIMESTAMP) VALUES ('P1TBS','tsK','tsN',0,7,{ts '2019-04-09 13:00:54'},{ts '2019-04-09 15:01:39.875014'},{ts '2019-04-09 13:08:54'});
INSERT INTO "GALADM"."GTS_MOVE_TBX" (TRACKING_AREA,SOURCE_LANE_ID,DESTINATION_LANE_ID,STATUS,DP_ID,ACTUAL_TIMESTAMP,CREATE_TIMESTAMP,UPDATE_TIMESTAMP) VALUES ('P1TBS','tsL','tsN',0,7,{ts '2019-04-09 13:00:54'},{ts '2019-04-09 15:01:39.877870'},{ts '2019-04-09 13:08:54'});

INSERT INTO "GALADM"."GTS_INDICATOR_TBX" (TRACKING_AREA,INDICATOR_NAME,INDICATOR_VALUE,ACTUAL_TIMESTAMP,CREATE_TIMESTAMP,UPDATE_TIMESTAMP) VALUES ('P1TBS','CB-P13-B5P13','true',null,{ts '2019-04-09 16:08:04.279783'},{ts '2019-04-09 16:09:46.460017'});
INSERT INTO "GALADM"."GTS_INDICATOR_TBX" (TRACKING_AREA,INDICATOR_NAME,INDICATOR_VALUE,ACTUAL_TIMESTAMP,CREATE_TIMESTAMP,UPDATE_TIMESTAMP) VALUES ('P1TBS','CB-TBD1','true',null,{ts '2019-04-09 16:10:13.335637'},null);
INSERT INTO "GALADM"."GTS_INDICATOR_TBX" (TRACKING_AREA,INDICATOR_NAME,INDICATOR_VALUE,ACTUAL_TIMESTAMP,CREATE_TIMESTAMP,UPDATE_TIMESTAMP) VALUES ('P1TBS','CP-tsJ','false',null,{ts '2018-08-03 15:06:11.933162'},{ts '2018-08-03 15:06:54.212729'});
INSERT INTO "GALADM"."GTS_INDICATOR_TBX" (TRACKING_AREA,INDICATOR_NAME,INDICATOR_VALUE,ACTUAL_TIMESTAMP,CREATE_TIMESTAMP,UPDATE_TIMESTAMP) VALUES ('P1TBS','CP-tsL','false',null,{ts '2018-08-03 15:07:03.924134'},{ts '2018-08-03 15:07:11.254168'});
INSERT INTO "GALADM"."GTS_INDICATOR_TBX" (TRACKING_AREA,INDICATOR_NAME,INDICATOR_VALUE,ACTUAL_TIMESTAMP,CREATE_TIMESTAMP,UPDATE_TIMESTAMP) VALUES ('P1TBS','CS-P13-SD1','true',null,{ts '2019-04-09 16:09:11.257757'},{ts '2019-04-09 16:10:40.055859'});
INSERT INTO "GALADM"."GTS_INDICATOR_TBX" (TRACKING_AREA,INDICATOR_NAME,INDICATOR_VALUE,ACTUAL_TIMESTAMP,CREATE_TIMESTAMP,UPDATE_TIMESTAMP) VALUES ('P1TBS','LF-tsQ','true',null,{ts '2018-06-29 14:30:38.393068'},null);
INSERT INTO "GALADM"."GTS_INDICATOR_TBX" (TRACKING_AREA,INDICATOR_NAME,INDICATOR_VALUE,ACTUAL_TIMESTAMP,CREATE_TIMESTAMP,UPDATE_TIMESTAMP) VALUES ('P1TBS','MP-bcA-bcB','false',null,{ts '2018-07-08 09:04:30.150813'},{ts '2018-07-08 09:07:59.911999'});
INSERT INTO "GALADM"."GTS_INDICATOR_TBX" (TRACKING_AREA,INDICATOR_NAME,INDICATOR_VALUE,ACTUAL_TIMESTAMP,CREATE_TIMESTAMP,UPDATE_TIMESTAMP) VALUES ('P1TBS','MP-bcB-bcC','false',null,{ts '2018-07-08 09:08:28.019483'},{ts '2018-07-13 10:03:04.950037'});
INSERT INTO "GALADM"."GTS_INDICATOR_TBX" (TRACKING_AREA,INDICATOR_NAME,INDICATOR_VALUE,ACTUAL_TIMESTAMP,CREATE_TIMESTAMP,UPDATE_TIMESTAMP) VALUES ('P1TBS','MP-bcC-bcD','false',null,{ts '2018-07-08 09:09:27.480542'},{ts '2018-07-13 10:03:41.713474'});
INSERT INTO "GALADM"."GTS_INDICATOR_TBX" (TRACKING_AREA,INDICATOR_NAME,INDICATOR_VALUE,ACTUAL_TIMESTAMP,CREATE_TIMESTAMP,UPDATE_TIMESTAMP) VALUES ('P1TBS','MP-bcD-bcE','false',null,{ts '2018-07-08 09:12:30.700660'},{ts '2018-07-13 10:03:59.680511'});
INSERT INTO "GALADM"."GTS_INDICATOR_TBX" (TRACKING_AREA,INDICATOR_NAME,INDICATOR_VALUE,ACTUAL_TIMESTAMP,CREATE_TIMESTAMP,UPDATE_TIMESTAMP) VALUES ('P1TBS','MP-bcE-bcF','false',null,{ts '2018-07-08 09:14:19.527869'},{ts '2018-07-13 10:04:17.682729'});
INSERT INTO "GALADM"."GTS_INDICATOR_TBX" (TRACKING_AREA,INDICATOR_NAME,INDICATOR_VALUE,ACTUAL_TIMESTAMP,CREATE_TIMESTAMP,UPDATE_TIMESTAMP) VALUES ('P1TBS','MP-bcF-bcG','false',null,{ts '2018-07-08 09:19:48.830587'},{ts '2018-07-13 10:04:40.043655'});
INSERT INTO "GALADM"."GTS_INDICATOR_TBX" (TRACKING_AREA,INDICATOR_NAME,INDICATOR_VALUE,ACTUAL_TIMESTAMP,CREATE_TIMESTAMP,UPDATE_TIMESTAMP) VALUES ('P1TBS','MP-bcG-bcH','false',null,{ts '2018-07-08 09:21:14.792395'},{ts '2018-07-13 10:05:02.023533'});
INSERT INTO "GALADM"."GTS_INDICATOR_TBX" (TRACKING_AREA,INDICATOR_NAME,INDICATOR_VALUE,ACTUAL_TIMESTAMP,CREATE_TIMESTAMP,UPDATE_TIMESTAMP) VALUES ('P1TBS','MP-bcH-ccA','false',null,{ts '2018-07-08 09:22:32.008242'},{ts '2018-07-13 10:15:25.833896'});
INSERT INTO "GALADM"."GTS_INDICATOR_TBX" (TRACKING_AREA,INDICATOR_NAME,INDICATOR_VALUE,ACTUAL_TIMESTAMP,CREATE_TIMESTAMP,UPDATE_TIMESTAMP) VALUES ('P1TBS','MP-ccA-toA','false',null,{ts '2018-07-08 11:10:46.784115'},{ts '2018-07-13 10:16:45.895611'});
INSERT INTO "GALADM"."GTS_INDICATOR_TBX" (TRACKING_AREA,INDICATOR_NAME,INDICATOR_VALUE,ACTUAL_TIMESTAMP,CREATE_TIMESTAMP,UPDATE_TIMESTAMP) VALUES ('P1TBS','MP-ecA-ecB','false',null,{ts '2018-07-08 08:47:51.590687'},{ts '2018-07-13 09:55:44.021666'});
INSERT INTO "GALADM"."GTS_INDICATOR_TBX" (TRACKING_AREA,INDICATOR_NAME,INDICATOR_VALUE,ACTUAL_TIMESTAMP,CREATE_TIMESTAMP,UPDATE_TIMESTAMP) VALUES ('P1TBS','MP-ecB-bcA','false',null,{ts '2018-07-08 08:49:26.755037'},{ts '2018-07-13 10:30:34.553519'});
INSERT INTO "GALADM"."GTS_INDICATOR_TBX" (TRACKING_AREA,INDICATOR_NAME,INDICATOR_VALUE,ACTUAL_TIMESTAMP,CREATE_TIMESTAMP,UPDATE_TIMESTAMP) VALUES ('P1TBS','MP-ssA-ssB','false',null,{ts '2018-07-07 13:47:36.951799'},{ts '2018-07-08 13:08:30.250104'});
INSERT INTO "GALADM"."GTS_INDICATOR_TBX" (TRACKING_AREA,INDICATOR_NAME,INDICATOR_VALUE,ACTUAL_TIMESTAMP,CREATE_TIMESTAMP,UPDATE_TIMESTAMP) VALUES ('P1TBS','MP-ssB-ssC','false',null,{ts '2018-07-07 13:48:24.806288'},{ts '2018-07-07 13:49:08.922370'});
INSERT INTO "GALADM"."GTS_INDICATOR_TBX" (TRACKING_AREA,INDICATOR_NAME,INDICATOR_VALUE,ACTUAL_TIMESTAMP,CREATE_TIMESTAMP,UPDATE_TIMESTAMP) VALUES ('P1TBS','MP-ssC-ssD','false',null,{ts '2018-06-28 13:30:13.982201'},{ts '2018-07-07 13:54:52.330286'});
INSERT INTO "GALADM"."GTS_INDICATOR_TBX" (TRACKING_AREA,INDICATOR_NAME,INDICATOR_VALUE,ACTUAL_TIMESTAMP,CREATE_TIMESTAMP,UPDATE_TIMESTAMP) VALUES ('P1TBS','MP-ssD-ssE','false',null,{ts '2018-06-27 14:24:38.716711'},{ts '2018-07-07 13:58:48.803635'});
INSERT INTO "GALADM"."GTS_INDICATOR_TBX" (TRACKING_AREA,INDICATOR_NAME,INDICATOR_VALUE,ACTUAL_TIMESTAMP,CREATE_TIMESTAMP,UPDATE_TIMESTAMP) VALUES ('P1TBS','MP-ssE-ssF','false',null,{ts '2018-06-28 13:38:58.981208'},{ts '2018-07-12 13:49:10.952701'});
INSERT INTO "GALADM"."GTS_INDICATOR_TBX" (TRACKING_AREA,INDICATOR_NAME,INDICATOR_VALUE,ACTUAL_TIMESTAMP,CREATE_TIMESTAMP,UPDATE_TIMESTAMP) VALUES ('P1TBS','MP-ssF-ssG','false',null,{ts '2018-06-27 13:50:03.839686'},{ts '2018-07-12 13:49:46.140524'});
INSERT INTO "GALADM"."GTS_INDICATOR_TBX" (TRACKING_AREA,INDICATOR_NAME,INDICATOR_VALUE,ACTUAL_TIMESTAMP,CREATE_TIMESTAMP,UPDATE_TIMESTAMP) VALUES ('P1TBS','MP-ssG-ecA','false',null,{ts '2018-06-27 15:05:56.712940'},{ts '2018-07-13 10:31:02.013247'});
INSERT INTO "GALADM"."GTS_INDICATOR_TBX" (TRACKING_AREA,INDICATOR_NAME,INDICATOR_VALUE,ACTUAL_TIMESTAMP,CREATE_TIMESTAMP,UPDATE_TIMESTAMP) VALUES ('P1TBS','MP-toA-toB','false',null,{ts '2018-07-08 11:12:51.653324'},{ts '2018-07-13 10:17:08.927413'});
INSERT INTO "GALADM"."GTS_INDICATOR_TBX" (TRACKING_AREA,INDICATOR_NAME,INDICATOR_VALUE,ACTUAL_TIMESTAMP,CREATE_TIMESTAMP,UPDATE_TIMESTAMP) VALUES ('P1TBS','MP-toB-toC','false',null,{ts '2018-07-08 11:15:54.179016'},{ts '2018-07-13 10:17:33.564929'});
INSERT INTO "GALADM"."GTS_INDICATOR_TBX" (TRACKING_AREA,INDICATOR_NAME,INDICATOR_VALUE,ACTUAL_TIMESTAMP,CREATE_TIMESTAMP,UPDATE_TIMESTAMP) VALUES ('P1TBS','MP-toC-toD','false',null,{ts '2018-06-28 10:20:46.225268'},{ts '2018-07-13 10:18:17.960134'});
INSERT INTO "GALADM"."GTS_INDICATOR_TBX" (TRACKING_AREA,INDICATOR_NAME,INDICATOR_VALUE,ACTUAL_TIMESTAMP,CREATE_TIMESTAMP,UPDATE_TIMESTAMP) VALUES ('P1TBS','MP-toC-tsA','false',null,{ts '2018-07-08 13:06:48.473866'},{ts '2019-04-08 13:08:18.048941'});
INSERT INTO "GALADM"."GTS_INDICATOR_TBX" (TRACKING_AREA,INDICATOR_NAME,INDICATOR_VALUE,ACTUAL_TIMESTAMP,CREATE_TIMESTAMP,UPDATE_TIMESTAMP) VALUES ('P1TBS','MP-toD-toF','false',null,{ts '2018-07-08 11:22:45.506875'},{ts '2018-07-08 12:12:49.379014'});
INSERT INTO "GALADM"."GTS_INDICATOR_TBX" (TRACKING_AREA,INDICATOR_NAME,INDICATOR_VALUE,ACTUAL_TIMESTAMP,CREATE_TIMESTAMP,UPDATE_TIMESTAMP) VALUES ('P1TBS','MP-toE-tsA','false',null,{ts '2018-07-08 12:23:49.928905'},{ts '2018-07-08 12:32:09.169489'});
INSERT INTO "GALADM"."GTS_INDICATOR_TBX" (TRACKING_AREA,INDICATOR_NAME,INDICATOR_VALUE,ACTUAL_TIMESTAMP,CREATE_TIMESTAMP,UPDATE_TIMESTAMP) VALUES ('P1TBS','MP-toF-toG','false',null,{ts '2018-07-08 12:17:58.522450'},{ts '2018-07-12 13:44:06.467565'});
INSERT INTO "GALADM"."GTS_INDICATOR_TBX" (TRACKING_AREA,INDICATOR_NAME,INDICATOR_VALUE,ACTUAL_TIMESTAMP,CREATE_TIMESTAMP,UPDATE_TIMESTAMP) VALUES ('P1TBS','MP-toF-tsA','false',null,{ts '2018-07-08 11:26:23.327225'},{ts '2018-07-08 12:01:12.976412'});
INSERT INTO "GALADM"."GTS_INDICATOR_TBX" (TRACKING_AREA,INDICATOR_NAME,INDICATOR_VALUE,ACTUAL_TIMESTAMP,CREATE_TIMESTAMP,UPDATE_TIMESTAMP) VALUES ('P1TBS','MP-toG-toH','false',null,{ts '2018-07-08 12:18:20.377130'},{ts '2018-07-12 13:47:49.700139'});
INSERT INTO "GALADM"."GTS_INDICATOR_TBX" (TRACKING_AREA,INDICATOR_NAME,INDICATOR_VALUE,ACTUAL_TIMESTAMP,CREATE_TIMESTAMP,UPDATE_TIMESTAMP) VALUES ('P1TBS','MP-toG-toJ','false',null,{ts '2018-07-08 12:19:28.969413'},{ts '2018-07-12 13:45:12.866388'});
INSERT INTO "GALADM"."GTS_INDICATOR_TBX" (TRACKING_AREA,INDICATOR_NAME,INDICATOR_VALUE,ACTUAL_TIMESTAMP,CREATE_TIMESTAMP,UPDATE_TIMESTAMP) VALUES ('P1TBS','MP-toH-toK','false',null,{ts '2018-07-08 12:21:24.102966'},{ts '2018-07-12 13:48:07.876376'});
INSERT INTO "GALADM"."GTS_INDICATOR_TBX" (TRACKING_AREA,INDICATOR_NAME,INDICATOR_VALUE,ACTUAL_TIMESTAMP,CREATE_TIMESTAMP,UPDATE_TIMESTAMP) VALUES ('P1TBS','MP-toJ-toK','false',null,{ts '2018-07-08 12:21:58.307675'},{ts '2018-07-12 13:48:21.649597'});
INSERT INTO "GALADM"."GTS_INDICATOR_TBX" (TRACKING_AREA,INDICATOR_NAME,INDICATOR_VALUE,ACTUAL_TIMESTAMP,CREATE_TIMESTAMP,UPDATE_TIMESTAMP) VALUES ('P1TBS','MP-tsA-tsB','false',null,{ts '2018-07-08 13:08:59.857916'},{ts '2018-07-08 13:09:09.991224'});
INSERT INTO "GALADM"."GTS_INDICATOR_TBX" (TRACKING_AREA,INDICATOR_NAME,INDICATOR_VALUE,ACTUAL_TIMESTAMP,CREATE_TIMESTAMP,UPDATE_TIMESTAMP) VALUES ('P1TBS','MP-tsB-tsC','false',null,{ts '2018-07-08 13:09:23.398774'},{ts '2018-07-08 13:09:30.436825'});
INSERT INTO "GALADM"."GTS_INDICATOR_TBX" (TRACKING_AREA,INDICATOR_NAME,INDICATOR_VALUE,ACTUAL_TIMESTAMP,CREATE_TIMESTAMP,UPDATE_TIMESTAMP) VALUES ('P1TBS','MP-tsC-tsD','false',null,{ts '2018-07-08 13:09:56.439873'},{ts '2018-07-09 11:43:36.665870'});
INSERT INTO "GALADM"."GTS_INDICATOR_TBX" (TRACKING_AREA,INDICATOR_NAME,INDICATOR_VALUE,ACTUAL_TIMESTAMP,CREATE_TIMESTAMP,UPDATE_TIMESTAMP) VALUES ('P1TBS','MP-tsC-tsE','false',null,{ts '2018-07-08 13:14:42.100126'},{ts '2018-07-09 10:29:13.828821'});
INSERT INTO "GALADM"."GTS_INDICATOR_TBX" (TRACKING_AREA,INDICATOR_NAME,INDICATOR_VALUE,ACTUAL_TIMESTAMP,CREATE_TIMESTAMP,UPDATE_TIMESTAMP) VALUES ('P1TBS','MP-tsD-tsG','false',null,{ts '2018-07-09 11:33:22.821482'},{ts '2018-07-09 11:45:45.045574'});
INSERT INTO "GALADM"."GTS_INDICATOR_TBX" (TRACKING_AREA,INDICATOR_NAME,INDICATOR_VALUE,ACTUAL_TIMESTAMP,CREATE_TIMESTAMP,UPDATE_TIMESTAMP) VALUES ('P1TBS','MP-tsE-tsF','false',null,{ts '2018-07-09 10:29:52.447491'},{ts '2018-07-09 10:30:07.788723'});
INSERT INTO "GALADM"."GTS_INDICATOR_TBX" (TRACKING_AREA,INDICATOR_NAME,INDICATOR_VALUE,ACTUAL_TIMESTAMP,CREATE_TIMESTAMP,UPDATE_TIMESTAMP) VALUES ('P1TBS','MP-tsE-tsH','false',null,{ts '2018-07-09 10:30:21.139661'},{ts '2018-07-09 13:47:27.113986'});
INSERT INTO "GALADM"."GTS_INDICATOR_TBX" (TRACKING_AREA,INDICATOR_NAME,INDICATOR_VALUE,ACTUAL_TIMESTAMP,CREATE_TIMESTAMP,UPDATE_TIMESTAMP) VALUES ('P1TBS','MP-tsF-ssE','false',null,{ts '2018-07-07 13:45:16.038603'},{ts '2018-07-12 13:34:37.398104'});
INSERT INTO "GALADM"."GTS_INDICATOR_TBX" (TRACKING_AREA,INDICATOR_NAME,INDICATOR_VALUE,ACTUAL_TIMESTAMP,CREATE_TIMESTAMP,UPDATE_TIMESTAMP) VALUES ('P1TBS','MP-tsF-tsI','false',null,{ts '2018-07-09 10:31:39.871030'},{ts '2018-07-09 10:32:42.666401'});
INSERT INTO "GALADM"."GTS_INDICATOR_TBX" (TRACKING_AREA,INDICATOR_NAME,INDICATOR_VALUE,ACTUAL_TIMESTAMP,CREATE_TIMESTAMP,UPDATE_TIMESTAMP) VALUES ('P1TBS','MP-tsG-tsJ','false',null,{ts '2018-07-09 11:00:22.472146'},{ts '2018-07-09 11:49:38.554789'});
INSERT INTO "GALADM"."GTS_INDICATOR_TBX" (TRACKING_AREA,INDICATOR_NAME,INDICATOR_VALUE,ACTUAL_TIMESTAMP,CREATE_TIMESTAMP,UPDATE_TIMESTAMP) VALUES ('P1TBS','MP-tsH-tsK','false',null,{ts '2018-07-09 10:59:59.432380'},{ts '2018-07-09 11:00:05.310850'});
INSERT INTO "GALADM"."GTS_INDICATOR_TBX" (TRACKING_AREA,INDICATOR_NAME,INDICATOR_VALUE,ACTUAL_TIMESTAMP,CREATE_TIMESTAMP,UPDATE_TIMESTAMP) VALUES ('P1TBS','MP-tsI-tsL','false',null,{ts '2018-07-09 10:33:23.529461'},{ts '2018-07-09 10:33:31.438604'});
INSERT INTO "GALADM"."GTS_INDICATOR_TBX" (TRACKING_AREA,INDICATOR_NAME,INDICATOR_VALUE,ACTUAL_TIMESTAMP,CREATE_TIMESTAMP,UPDATE_TIMESTAMP) VALUES ('P1TBS','MP-tsJ-tsM','false',null,{ts '2018-07-09 10:40:51.307815'},{ts '2018-07-09 11:50:04.430093'});
INSERT INTO "GALADM"."GTS_INDICATOR_TBX" (TRACKING_AREA,INDICATOR_NAME,INDICATOR_VALUE,ACTUAL_TIMESTAMP,CREATE_TIMESTAMP,UPDATE_TIMESTAMP) VALUES ('P1TBS','MP-tsJ-tsN','false',null,{ts '2018-07-09 10:33:57.948603'},{ts '2018-07-09 13:48:11.220241'});
INSERT INTO "GALADM"."GTS_INDICATOR_TBX" (TRACKING_AREA,INDICATOR_NAME,INDICATOR_VALUE,ACTUAL_TIMESTAMP,CREATE_TIMESTAMP,UPDATE_TIMESTAMP) VALUES ('P1TBS','MP-tsK-tsM','false',null,{ts '2018-07-09 10:41:08.691628'},{ts '2018-07-09 10:41:21.306743'});
INSERT INTO "GALADM"."GTS_INDICATOR_TBX" (TRACKING_AREA,INDICATOR_NAME,INDICATOR_VALUE,ACTUAL_TIMESTAMP,CREATE_TIMESTAMP,UPDATE_TIMESTAMP) VALUES ('P1TBS','MP-tsK-tsN','false',null,{ts '2018-07-09 10:41:34.153162'},{ts '2018-07-09 10:41:43.972500'});
INSERT INTO "GALADM"."GTS_INDICATOR_TBX" (TRACKING_AREA,INDICATOR_NAME,INDICATOR_VALUE,ACTUAL_TIMESTAMP,CREATE_TIMESTAMP,UPDATE_TIMESTAMP) VALUES ('P1TBS','MP-tsL-tsM','false',null,{ts '2018-07-09 10:34:35.290728'},{ts '2018-07-09 14:33:52.886366'});
INSERT INTO "GALADM"."GTS_INDICATOR_TBX" (TRACKING_AREA,INDICATOR_NAME,INDICATOR_VALUE,ACTUAL_TIMESTAMP,CREATE_TIMESTAMP,UPDATE_TIMESTAMP) VALUES ('P1TBS','MP-tsL-tsN','false',null,{ts '2018-07-09 10:34:54.209820'},{ts '2018-07-09 14:30:46.313734'});
INSERT INTO "GALADM"."GTS_INDICATOR_TBX" (TRACKING_AREA,INDICATOR_NAME,INDICATOR_VALUE,ACTUAL_TIMESTAMP,CREATE_TIMESTAMP,UPDATE_TIMESTAMP) VALUES ('P1TBS','MP-tsM-tsO','false',null,{ts '2018-07-09 11:56:00.883999'},{ts '2018-07-09 11:56:09.178551'});
INSERT INTO "GALADM"."GTS_INDICATOR_TBX" (TRACKING_AREA,INDICATOR_NAME,INDICATOR_VALUE,ACTUAL_TIMESTAMP,CREATE_TIMESTAMP,UPDATE_TIMESTAMP) VALUES ('P1TBS','MP-tsN-tsP','false',null,{ts '2018-07-09 11:50:42.871863'},{ts '2018-07-09 11:55:07.376321'});
INSERT INTO "GALADM"."GTS_INDICATOR_TBX" (TRACKING_AREA,INDICATOR_NAME,INDICATOR_VALUE,ACTUAL_TIMESTAMP,CREATE_TIMESTAMP,UPDATE_TIMESTAMP) VALUES ('P1TBS','MP-tsO-tsQ','false',null,{ts '2018-07-09 11:55:16.284224'},{ts '2018-07-12 13:35:55.565631'});
INSERT INTO "GALADM"."GTS_INDICATOR_TBX" (TRACKING_AREA,INDICATOR_NAME,INDICATOR_VALUE,ACTUAL_TIMESTAMP,CREATE_TIMESTAMP,UPDATE_TIMESTAMP) VALUES ('P1TBS','MP-tsP-tsQ','false',null,{ts '2018-07-09 11:56:28.144118'},{ts '2018-07-12 13:35:31.311549'});
INSERT INTO "GALADM"."GTS_INDICATOR_TBX" (TRACKING_AREA,INDICATOR_NAME,INDICATOR_VALUE,ACTUAL_TIMESTAMP,CREATE_TIMESTAMP,UPDATE_TIMESTAMP) VALUES ('P1TBS','MP-tsQ-toF','false',null,{ts '2018-07-09 11:57:20.994837'},{ts '2018-07-12 13:43:23.785656'});
INSERT INTO "GALADM"."GTS_INDICATOR_TBX" (TRACKING_AREA,INDICATOR_NAME,INDICATOR_VALUE,ACTUAL_TIMESTAMP,CREATE_TIMESTAMP,UPDATE_TIMESTAMP) VALUES ('P1TBS','MP-ssZ-ssA','false',null,{ts '2019-04-11 09:28:06.484677'},{ts '2019-04-11 09:28:13.126767'});

INSERT INTO "GALADM"."GTS_LANE_TBX" (TRACKING_AREA,LANE_ID,LANE_DESCRIPTION,LANE_CAPACITY,LANE_TYPE,ENTRY_GATE_ID,EXIT_GATE_ID,CARRIER_PRESENT,IS_PHYSICALLY_FULL,CREATE_TIMESTAMP,UPDATE_TIMESTAMP) VALUES ('P1TBS','bcA','Lane bcA',9,0,0,0,0,0,{ts '2018-04-19 13:46:35.815985'},{ts '2018-04-20 10:17:11.825055'});
INSERT INTO "GALADM"."GTS_LANE_TBX" (TRACKING_AREA,LANE_ID,LANE_DESCRIPTION,LANE_CAPACITY,LANE_TYPE,ENTRY_GATE_ID,EXIT_GATE_ID,CARRIER_PRESENT,IS_PHYSICALLY_FULL,CREATE_TIMESTAMP,UPDATE_TIMESTAMP) VALUES ('P1TBS','bcB','Lane bcB',5,0,0,0,0,0,{ts '2018-04-19 13:46:40.780952'},{ts '2018-04-20 07:48:06.482988'});
INSERT INTO "GALADM"."GTS_LANE_TBX" (TRACKING_AREA,LANE_ID,LANE_DESCRIPTION,LANE_CAPACITY,LANE_TYPE,ENTRY_GATE_ID,EXIT_GATE_ID,CARRIER_PRESENT,IS_PHYSICALLY_FULL,CREATE_TIMESTAMP,UPDATE_TIMESTAMP) VALUES ('P1TBS','bcC','Lane bcC',2,0,0,0,0,0,{ts '2018-04-20 07:45:22.916944'},{ts '2018-04-20 07:45:29.179537'});
INSERT INTO "GALADM"."GTS_LANE_TBX" (TRACKING_AREA,LANE_ID,LANE_DESCRIPTION,LANE_CAPACITY,LANE_TYPE,ENTRY_GATE_ID,EXIT_GATE_ID,CARRIER_PRESENT,IS_PHYSICALLY_FULL,CREATE_TIMESTAMP,UPDATE_TIMESTAMP) VALUES ('P1TBS','bcD','Lane bcD',1,0,0,0,0,0,{ts '2018-04-19 13:46:47.262943'},{ts '2018-07-09 13:24:47.343835'});
INSERT INTO "GALADM"."GTS_LANE_TBX" (TRACKING_AREA,LANE_ID,LANE_DESCRIPTION,LANE_CAPACITY,LANE_TYPE,ENTRY_GATE_ID,EXIT_GATE_ID,CARRIER_PRESENT,IS_PHYSICALLY_FULL,CREATE_TIMESTAMP,UPDATE_TIMESTAMP) VALUES ('P1TBS','bcE','Lane bcE',10,0,0,0,0,0,{ts '2018-04-19 13:46:52.290383'},{ts '2018-04-20 07:09:49.824449'});
INSERT INTO "GALADM"."GTS_LANE_TBX" (TRACKING_AREA,LANE_ID,LANE_DESCRIPTION,LANE_CAPACITY,LANE_TYPE,ENTRY_GATE_ID,EXIT_GATE_ID,CARRIER_PRESENT,IS_PHYSICALLY_FULL,CREATE_TIMESTAMP,UPDATE_TIMESTAMP) VALUES ('P1TBS','bcF','Lane bcF',1,0,0,0,0,0,{ts '2018-04-19 13:46:57.713528'},{ts '2018-04-19 15:27:30.879399'});
INSERT INTO "GALADM"."GTS_LANE_TBX" (TRACKING_AREA,LANE_ID,LANE_DESCRIPTION,LANE_CAPACITY,LANE_TYPE,ENTRY_GATE_ID,EXIT_GATE_ID,CARRIER_PRESENT,IS_PHYSICALLY_FULL,CREATE_TIMESTAMP,UPDATE_TIMESTAMP) VALUES ('P1TBS','bcG','Lane bcG',13,0,0,0,0,0,{ts '2018-04-19 13:47:08.110944'},{ts '2018-04-19 13:58:16.413749'});
INSERT INTO "GALADM"."GTS_LANE_TBX" (TRACKING_AREA,LANE_ID,LANE_DESCRIPTION,LANE_CAPACITY,LANE_TYPE,ENTRY_GATE_ID,EXIT_GATE_ID,CARRIER_PRESENT,IS_PHYSICALLY_FULL,CREATE_TIMESTAMP,UPDATE_TIMESTAMP) VALUES ('P1TBS','bcH','Lane bcH',1,0,0,0,0,0,{ts '2018-04-19 13:47:11.619356'},{ts '2018-04-19 13:47:33.129961'});
INSERT INTO "GALADM"."GTS_LANE_TBX" (TRACKING_AREA,LANE_ID,LANE_DESCRIPTION,LANE_CAPACITY,LANE_TYPE,ENTRY_GATE_ID,EXIT_GATE_ID,CARRIER_PRESENT,IS_PHYSICALLY_FULL,CREATE_TIMESTAMP,UPDATE_TIMESTAMP) VALUES ('P1TBS','ccA','Lane ccA',11,0,0,0,0,0,{ts '2018-04-19 13:31:16.721177'},{ts '2018-07-08 10:57:22.450714'});
INSERT INTO "GALADM"."GTS_LANE_TBX" (TRACKING_AREA,LANE_ID,LANE_DESCRIPTION,LANE_CAPACITY,LANE_TYPE,ENTRY_GATE_ID,EXIT_GATE_ID,CARRIER_PRESENT,IS_PHYSICALLY_FULL,CREATE_TIMESTAMP,UPDATE_TIMESTAMP) VALUES ('P1TBS','ecA','Lane ecA',7,0,0,0,0,0,{ts '2018-04-20 08:02:44.146673'},{ts '2018-04-20 10:08:45.291257'});
INSERT INTO "GALADM"."GTS_LANE_TBX" (TRACKING_AREA,LANE_ID,LANE_DESCRIPTION,LANE_CAPACITY,LANE_TYPE,ENTRY_GATE_ID,EXIT_GATE_ID,CARRIER_PRESENT,IS_PHYSICALLY_FULL,CREATE_TIMESTAMP,UPDATE_TIMESTAMP) VALUES ('P1TBS','ecB','Lane ecB',5,0,0,0,0,0,{ts '2018-04-20 08:02:40.010949'},{ts '2018-04-20 08:02:51.857300'});
INSERT INTO "GALADM"."GTS_LANE_TBX" (TRACKING_AREA,LANE_ID,LANE_DESCRIPTION,LANE_CAPACITY,LANE_TYPE,ENTRY_GATE_ID,EXIT_GATE_ID,CARRIER_PRESENT,IS_PHYSICALLY_FULL,CREATE_TIMESTAMP,UPDATE_TIMESTAMP) VALUES ('P1TBS','ssA','Lane ssA',6,0,0,0,0,0,{ts '2018-04-20 08:33:34.880834'},{ts '2018-04-20 08:33:40.261507'});
INSERT INTO "GALADM"."GTS_LANE_TBX" (TRACKING_AREA,LANE_ID,LANE_DESCRIPTION,LANE_CAPACITY,LANE_TYPE,ENTRY_GATE_ID,EXIT_GATE_ID,CARRIER_PRESENT,IS_PHYSICALLY_FULL,CREATE_TIMESTAMP,UPDATE_TIMESTAMP) VALUES ('P1TBS','ssC','Lane ssC',1,0,0,0,0,0,{ts '2018-04-20 08:40:53.698664'},{ts '2018-04-20 08:41:00.386329'});
INSERT INTO "GALADM"."GTS_LANE_TBX" (TRACKING_AREA,LANE_ID,LANE_DESCRIPTION,LANE_CAPACITY,LANE_TYPE,ENTRY_GATE_ID,EXIT_GATE_ID,CARRIER_PRESENT,IS_PHYSICALLY_FULL,CREATE_TIMESTAMP,UPDATE_TIMESTAMP) VALUES ('P1TBS','ssD','Lane ssD',3,0,0,0,0,0,{ts '2018-04-20 08:44:24.606889'},{ts '2018-04-20 08:44:35.097637'});
INSERT INTO "GALADM"."GTS_LANE_TBX" (TRACKING_AREA,LANE_ID,LANE_DESCRIPTION,LANE_CAPACITY,LANE_TYPE,ENTRY_GATE_ID,EXIT_GATE_ID,CARRIER_PRESENT,IS_PHYSICALLY_FULL,CREATE_TIMESTAMP,UPDATE_TIMESTAMP) VALUES ('P1TBS','ssE','Lane ssE',6,0,0,0,0,0,{ts '2018-04-24 08:59:14.952748'},{ts '2018-04-24 08:59:28.202995'});
INSERT INTO "GALADM"."GTS_LANE_TBX" (TRACKING_AREA,LANE_ID,LANE_DESCRIPTION,LANE_CAPACITY,LANE_TYPE,ENTRY_GATE_ID,EXIT_GATE_ID,CARRIER_PRESENT,IS_PHYSICALLY_FULL,CREATE_TIMESTAMP,UPDATE_TIMESTAMP) VALUES ('P1TBS','ssF','Lane ssF',1,0,0,0,0,0,{ts '2018-04-24 10:12:31.047734'},{ts '2018-04-24 10:12:36.862709'});
INSERT INTO "GALADM"."GTS_LANE_TBX" (TRACKING_AREA,LANE_ID,LANE_DESCRIPTION,LANE_CAPACITY,LANE_TYPE,ENTRY_GATE_ID,EXIT_GATE_ID,CARRIER_PRESENT,IS_PHYSICALLY_FULL,CREATE_TIMESTAMP,UPDATE_TIMESTAMP) VALUES ('P1TBS','ssG','Lane ssG',6,0,0,0,0,0,{ts '2018-04-24 10:17:38.740226'},{ts '2018-04-24 10:17:59.220897'});
INSERT INTO "GALADM"."GTS_LANE_TBX" (TRACKING_AREA,LANE_ID,LANE_DESCRIPTION,LANE_CAPACITY,LANE_TYPE,ENTRY_GATE_ID,EXIT_GATE_ID,CARRIER_PRESENT,IS_PHYSICALLY_FULL,CREATE_TIMESTAMP,UPDATE_TIMESTAMP) VALUES ('P1TBS','toA','Lane toA',10,0,0,0,0,0,{ts '2018-04-19 09:13:47.772999'},{ts '2018-04-19 13:20:05.200554'});
INSERT INTO "GALADM"."GTS_LANE_TBX" (TRACKING_AREA,LANE_ID,LANE_DESCRIPTION,LANE_CAPACITY,LANE_TYPE,ENTRY_GATE_ID,EXIT_GATE_ID,CARRIER_PRESENT,IS_PHYSICALLY_FULL,CREATE_TIMESTAMP,UPDATE_TIMESTAMP) VALUES ('P1TBS','toB','Lane toB',1,0,0,0,0,0,{ts '2018-04-19 09:13:53.783695'},{ts '2018-04-19 09:14:39.451789'});
INSERT INTO "GALADM"."GTS_LANE_TBX" (TRACKING_AREA,LANE_ID,LANE_DESCRIPTION,LANE_CAPACITY,LANE_TYPE,ENTRY_GATE_ID,EXIT_GATE_ID,CARRIER_PRESENT,IS_PHYSICALLY_FULL,CREATE_TIMESTAMP,UPDATE_TIMESTAMP) VALUES ('P1TBS','toC','Lane toC',54,0,0,0,0,0,{ts '2018-04-19 09:13:58.024097'},{ts '2018-04-19 10:53:27.219810'});
INSERT INTO "GALADM"."GTS_LANE_TBX" (TRACKING_AREA,LANE_ID,LANE_DESCRIPTION,LANE_CAPACITY,LANE_TYPE,ENTRY_GATE_ID,EXIT_GATE_ID,CARRIER_PRESENT,IS_PHYSICALLY_FULL,CREATE_TIMESTAMP,UPDATE_TIMESTAMP) VALUES ('P1TBS','toD','Lane toD',4,0,0,0,0,0,{ts '2018-04-19 13:32:12.702640'},{ts '2018-04-19 13:32:57.163691'});
INSERT INTO "GALADM"."GTS_LANE_TBX" (TRACKING_AREA,LANE_ID,LANE_DESCRIPTION,LANE_CAPACITY,LANE_TYPE,ENTRY_GATE_ID,EXIT_GATE_ID,CARRIER_PRESENT,IS_PHYSICALLY_FULL,CREATE_TIMESTAMP,UPDATE_TIMESTAMP) VALUES ('P1TBS','toF','Lane toF',5,0,0,0,0,0,{ts '2018-04-19 12:54:37.456477'},{ts '2018-04-19 12:54:56.255433'});
INSERT INTO "GALADM"."GTS_LANE_TBX" (TRACKING_AREA,LANE_ID,LANE_DESCRIPTION,LANE_CAPACITY,LANE_TYPE,ENTRY_GATE_ID,EXIT_GATE_ID,CARRIER_PRESENT,IS_PHYSICALLY_FULL,CREATE_TIMESTAMP,UPDATE_TIMESTAMP) VALUES ('P1TBS','toG','Lane toG',6,0,0,0,0,0,{ts '2018-05-13 13:31:53.442488'},{ts '2018-05-13 13:33:22.582947'});
INSERT INTO "GALADM"."GTS_LANE_TBX" (TRACKING_AREA,LANE_ID,LANE_DESCRIPTION,LANE_CAPACITY,LANE_TYPE,ENTRY_GATE_ID,EXIT_GATE_ID,CARRIER_PRESENT,IS_PHYSICALLY_FULL,CREATE_TIMESTAMP,UPDATE_TIMESTAMP) VALUES ('P1TBS','toH','Lane toH',15,0,0,0,0,0,{ts '2018-05-13 13:18:03.134944'},{ts '2018-05-13 13:18:16.597089'});
INSERT INTO "GALADM"."GTS_LANE_TBX" (TRACKING_AREA,LANE_ID,LANE_DESCRIPTION,LANE_CAPACITY,LANE_TYPE,ENTRY_GATE_ID,EXIT_GATE_ID,CARRIER_PRESENT,IS_PHYSICALLY_FULL,CREATE_TIMESTAMP,UPDATE_TIMESTAMP) VALUES ('P1TBS','toJ','Lane toJ',17,0,0,0,0,0,{ts '2018-05-13 13:18:42.170610'},{ts '2018-05-13 13:19:10.521494'});
INSERT INTO "GALADM"."GTS_LANE_TBX" (TRACKING_AREA,LANE_ID,LANE_DESCRIPTION,LANE_CAPACITY,LANE_TYPE,ENTRY_GATE_ID,EXIT_GATE_ID,CARRIER_PRESENT,IS_PHYSICALLY_FULL,CREATE_TIMESTAMP,UPDATE_TIMESTAMP) VALUES ('P1TBS','toK','Lane toK',0,0,0,0,0,0,{ts '2018-05-31 10:00:58.791818'},null);
INSERT INTO "GALADM"."GTS_LANE_TBX" (TRACKING_AREA,LANE_ID,LANE_DESCRIPTION,LANE_CAPACITY,LANE_TYPE,ENTRY_GATE_ID,EXIT_GATE_ID,CARRIER_PRESENT,IS_PHYSICALLY_FULL,CREATE_TIMESTAMP,UPDATE_TIMESTAMP) VALUES ('P1TBS','tsA','Lane tsA',1,0,0,0,0,0,{ts '2018-04-20 13:26:55.069040'},{ts '2018-04-24 12:41:38.874692'});
INSERT INTO "GALADM"."GTS_LANE_TBX" (TRACKING_AREA,LANE_ID,LANE_DESCRIPTION,LANE_CAPACITY,LANE_TYPE,ENTRY_GATE_ID,EXIT_GATE_ID,CARRIER_PRESENT,IS_PHYSICALLY_FULL,CREATE_TIMESTAMP,UPDATE_TIMESTAMP) VALUES ('P1TBS','tsB','Lane tsB',1,0,0,0,0,0,{ts '2018-04-20 13:27:00.278262'},{ts '2018-04-24 12:39:44.240139'});
INSERT INTO "GALADM"."GTS_LANE_TBX" (TRACKING_AREA,LANE_ID,LANE_DESCRIPTION,LANE_CAPACITY,LANE_TYPE,ENTRY_GATE_ID,EXIT_GATE_ID,CARRIER_PRESENT,IS_PHYSICALLY_FULL,CREATE_TIMESTAMP,UPDATE_TIMESTAMP) VALUES ('P1TBS','tsC','Lane tsC',1,0,0,0,0,0,{ts '2018-04-20 13:27:03.712001'},{ts '2018-04-24 12:34:52.568858'});
INSERT INTO "GALADM"."GTS_LANE_TBX" (TRACKING_AREA,LANE_ID,LANE_DESCRIPTION,LANE_CAPACITY,LANE_TYPE,ENTRY_GATE_ID,EXIT_GATE_ID,CARRIER_PRESENT,IS_PHYSICALLY_FULL,CREATE_TIMESTAMP,UPDATE_TIMESTAMP) VALUES ('P1TBS','tsD','Lane tsD',7,0,0,0,0,0,{ts '2018-04-20 13:27:09.361862'},{ts '2018-04-23 10:37:45.264134'});
INSERT INTO "GALADM"."GTS_LANE_TBX" (TRACKING_AREA,LANE_ID,LANE_DESCRIPTION,LANE_CAPACITY,LANE_TYPE,ENTRY_GATE_ID,EXIT_GATE_ID,CARRIER_PRESENT,IS_PHYSICALLY_FULL,CREATE_TIMESTAMP,UPDATE_TIMESTAMP) VALUES ('P1TBS','tsE','Lane tsE',7,0,0,0,0,0,{ts '2018-04-20 13:27:20.214891'},{ts '2018-04-23 13:52:04.987339'});
INSERT INTO "GALADM"."GTS_LANE_TBX" (TRACKING_AREA,LANE_ID,LANE_DESCRIPTION,LANE_CAPACITY,LANE_TYPE,ENTRY_GATE_ID,EXIT_GATE_ID,CARRIER_PRESENT,IS_PHYSICALLY_FULL,CREATE_TIMESTAMP,UPDATE_TIMESTAMP) VALUES ('P1TBS','tsF','Lane tsF',1,0,0,0,0,0,{ts '2018-04-20 13:27:34.206254'},{ts '2018-04-23 14:50:33.344934'});
INSERT INTO "GALADM"."GTS_LANE_TBX" (TRACKING_AREA,LANE_ID,LANE_DESCRIPTION,LANE_CAPACITY,LANE_TYPE,ENTRY_GATE_ID,EXIT_GATE_ID,CARRIER_PRESENT,IS_PHYSICALLY_FULL,CREATE_TIMESTAMP,UPDATE_TIMESTAMP) VALUES ('P1TBS','tsG','Lane tsG',3,0,0,0,0,0,{ts '2018-04-20 13:27:41.441598'},{ts '2018-04-23 10:34:02.262474'});
INSERT INTO "GALADM"."GTS_LANE_TBX" (TRACKING_AREA,LANE_ID,LANE_DESCRIPTION,LANE_CAPACITY,LANE_TYPE,ENTRY_GATE_ID,EXIT_GATE_ID,CARRIER_PRESENT,IS_PHYSICALLY_FULL,CREATE_TIMESTAMP,UPDATE_TIMESTAMP) VALUES ('P1TBS','tsH','Lane tsH',3,0,0,0,0,0,{ts '2018-04-20 13:27:48.769465'},{ts '2018-04-23 13:44:29.015675'});
INSERT INTO "GALADM"."GTS_LANE_TBX" (TRACKING_AREA,LANE_ID,LANE_DESCRIPTION,LANE_CAPACITY,LANE_TYPE,ENTRY_GATE_ID,EXIT_GATE_ID,CARRIER_PRESENT,IS_PHYSICALLY_FULL,CREATE_TIMESTAMP,UPDATE_TIMESTAMP) VALUES ('P1TBS','tsI','Lane tsI',2,0,0,0,0,0,{ts '2018-04-20 13:27:54.545249'},{ts '2018-04-23 13:49:21.919965'});
INSERT INTO "GALADM"."GTS_LANE_TBX" (TRACKING_AREA,LANE_ID,LANE_DESCRIPTION,LANE_CAPACITY,LANE_TYPE,ENTRY_GATE_ID,EXIT_GATE_ID,CARRIER_PRESENT,IS_PHYSICALLY_FULL,CREATE_TIMESTAMP,UPDATE_TIMESTAMP) VALUES ('P1TBS','tsJ','Lane tsJ',6,0,0,0,0,0,{ts '2018-04-23 10:23:57.759807'},{ts '2018-04-23 10:24:08.302129'});
INSERT INTO "GALADM"."GTS_LANE_TBX" (TRACKING_AREA,LANE_ID,LANE_DESCRIPTION,LANE_CAPACITY,LANE_TYPE,ENTRY_GATE_ID,EXIT_GATE_ID,CARRIER_PRESENT,IS_PHYSICALLY_FULL,CREATE_TIMESTAMP,UPDATE_TIMESTAMP) VALUES ('P1TBS','tsK','Lane tsK',5,0,0,0,0,0,{ts '2018-04-23 13:32:20.391580'},{ts '2018-04-23 13:32:44.823807'});
INSERT INTO "GALADM"."GTS_LANE_TBX" (TRACKING_AREA,LANE_ID,LANE_DESCRIPTION,LANE_CAPACITY,LANE_TYPE,ENTRY_GATE_ID,EXIT_GATE_ID,CARRIER_PRESENT,IS_PHYSICALLY_FULL,CREATE_TIMESTAMP,UPDATE_TIMESTAMP) VALUES ('P1TBS','tsL','Lane tsL',5,0,0,0,0,0,{ts '2018-04-23 13:37:03.986955'},{ts '2018-04-23 13:37:10.918921'});
INSERT INTO "GALADM"."GTS_LANE_TBX" (TRACKING_AREA,LANE_ID,LANE_DESCRIPTION,LANE_CAPACITY,LANE_TYPE,ENTRY_GATE_ID,EXIT_GATE_ID,CARRIER_PRESENT,IS_PHYSICALLY_FULL,CREATE_TIMESTAMP,UPDATE_TIMESTAMP) VALUES ('P1TBS','tsM','Lane tsM',6,0,0,0,0,0,{ts '2018-04-20 13:26:28.022828'},{ts '2018-04-20 13:26:41.991009'});
INSERT INTO "GALADM"."GTS_LANE_TBX" (TRACKING_AREA,LANE_ID,LANE_DESCRIPTION,LANE_CAPACITY,LANE_TYPE,ENTRY_GATE_ID,EXIT_GATE_ID,CARRIER_PRESENT,IS_PHYSICALLY_FULL,CREATE_TIMESTAMP,UPDATE_TIMESTAMP) VALUES ('P1TBS','tsN','Lane tsN',6,0,0,0,0,0,{ts '2018-04-20 13:45:05.660055'},{ts '2018-04-20 14:47:08.874290'});
INSERT INTO "GALADM"."GTS_LANE_TBX" (TRACKING_AREA,LANE_ID,LANE_DESCRIPTION,LANE_CAPACITY,LANE_TYPE,ENTRY_GATE_ID,EXIT_GATE_ID,CARRIER_PRESENT,IS_PHYSICALLY_FULL,CREATE_TIMESTAMP,UPDATE_TIMESTAMP) VALUES ('P1TBS','tsO','Lane tsO',5,0,0,0,0,0,{ts '2018-04-20 13:44:49.855030'},{ts '2018-04-20 13:44:58.445822'});
INSERT INTO "GALADM"."GTS_LANE_TBX" (TRACKING_AREA,LANE_ID,LANE_DESCRIPTION,LANE_CAPACITY,LANE_TYPE,ENTRY_GATE_ID,EXIT_GATE_ID,CARRIER_PRESENT,IS_PHYSICALLY_FULL,CREATE_TIMESTAMP,UPDATE_TIMESTAMP) VALUES ('P1TBS','tsP','Lane tsP',5,0,0,0,0,0,{ts '2018-04-20 14:42:15.549212'},{ts '2018-04-20 14:42:49.710015'});
INSERT INTO "GALADM"."GTS_LANE_TBX" (TRACKING_AREA,LANE_ID,LANE_DESCRIPTION,LANE_CAPACITY,LANE_TYPE,ENTRY_GATE_ID,EXIT_GATE_ID,CARRIER_PRESENT,IS_PHYSICALLY_FULL,CREATE_TIMESTAMP,UPDATE_TIMESTAMP) VALUES ('P1TBS','tsQ','Lane tsQ',1,0,0,0,0,0,{ts '2018-04-23 10:47:54.242360'},{ts '2018-04-23 10:48:00.620291'});
INSERT INTO "GALADM"."GTS_LANE_TBX" (TRACKING_AREA,LANE_ID,LANE_DESCRIPTION,LANE_CAPACITY,LANE_TYPE,ENTRY_GATE_ID,EXIT_GATE_ID,CARRIER_PRESENT,IS_PHYSICALLY_FULL,CREATE_TIMESTAMP,UPDATE_TIMESTAMP) VALUES ('P1TBS','tsR','Lane tsR',14,0,0,0,0,0,{ts '2019-04-08 12:24:58.909155'},{ts '2019-04-08 12:25:20.858861'});
INSERT INTO "GALADM"."GTS_LANE_TBX" (TRACKING_AREA,LANE_ID,LANE_DESCRIPTION,LANE_CAPACITY,LANE_TYPE,ENTRY_GATE_ID,EXIT_GATE_ID,CARRIER_PRESENT,IS_PHYSICALLY_FULL,CREATE_TIMESTAMP,UPDATE_TIMESTAMP) VALUES ('P1TBS','tsS','Lane tsS',14,0,0,0,0,0,{ts '2019-04-08 12:32:08.121160'},{ts '2019-04-08 12:32:27.699357'});
INSERT INTO "GALADM"."GTS_LANE_TBX" (TRACKING_AREA,LANE_ID,LANE_DESCRIPTION,LANE_CAPACITY,LANE_TYPE,ENTRY_GATE_ID,EXIT_GATE_ID,CARRIER_PRESENT,IS_PHYSICALLY_FULL,CREATE_TIMESTAMP,UPDATE_TIMESTAMP) VALUES ('P1TBS','toL','Lane toL',6,0,0,0,0,0,{ts '2019-04-10 13:49:25.127930'},{ts '2019-04-10 13:49:38.608644'});
INSERT INTO "GALADM"."GTS_LANE_TBX" (TRACKING_AREA,LANE_ID,LANE_DESCRIPTION,LANE_CAPACITY,LANE_TYPE,ENTRY_GATE_ID,EXIT_GATE_ID,CARRIER_PRESENT,IS_PHYSICALLY_FULL,CREATE_TIMESTAMP,UPDATE_TIMESTAMP) VALUES ('P1TBS','ssB','Lane ssB',3,0,0,0,0,0,{ts '2018-04-20 08:36:45.269287'},{ts '2019-04-10 13:29:17.411006'});
INSERT INTO "GALADM"."GTS_LANE_TBX" (TRACKING_AREA,LANE_ID,LANE_DESCRIPTION,LANE_CAPACITY,LANE_TYPE,ENTRY_GATE_ID,EXIT_GATE_ID,CARRIER_PRESENT,IS_PHYSICALLY_FULL,CREATE_TIMESTAMP,UPDATE_TIMESTAMP) VALUES ('P1TBS','toL','Lane toL',6,0,0,0,0,0,{ts '2019-04-10 13:49:25.127930'},{ts '2019-04-10 13:49:38.608644'});
INSERT INTO "GALADM"."GTS_LANE_TBX" (TRACKING_AREA,LANE_ID,LANE_DESCRIPTION,LANE_CAPACITY,LANE_TYPE,ENTRY_GATE_ID,EXIT_GATE_ID,CARRIER_PRESENT,IS_PHYSICALLY_FULL,CREATE_TIMESTAMP,UPDATE_TIMESTAMP) VALUES ('P1TBS','ssZ','Lane ssZ',2,1,0,0,0,0,{ts '2019-04-10 13:33:07.705004'},{ts '2019-04-11 12:49:28.895443'});

INSERT INTO "GALADM"."GTS_NODE_TBX" (TRACKING_AREA,NODE_ID,NODE_NAME,STATUS,NODE_TYPE,IS_VISIBLE,IS_USER_SETTABLE,X,Y,CREATE_TIMESTAMP,UPDATE_TIMESTAMP) VALUES ('P1TBS',1,null,0,0,0,0,180,250,{ts '2018-04-18 12:07:08.240474'},{ts '2018-04-19 09:29:38.021481'});
INSERT INTO "GALADM"."GTS_NODE_TBX" (TRACKING_AREA,NODE_ID,NODE_NAME,STATUS,NODE_TYPE,IS_VISIBLE,IS_USER_SETTABLE,X,Y,CREATE_TIMESTAMP,UPDATE_TIMESTAMP) VALUES ('P1TBS',2,'EXIT-toC',0,0,1,0,1660,250,{ts '2018-04-18 12:07:08.262037'},{ts '2019-04-10 10:26:00.865663'});
INSERT INTO "GALADM"."GTS_NODE_TBX" (TRACKING_AREA,NODE_ID,NODE_NAME,STATUS,NODE_TYPE,IS_VISIBLE,IS_USER_SETTABLE,X,Y,CREATE_TIMESTAMP,UPDATE_TIMESTAMP) VALUES ('P1TBS',5,null,0,0,0,0,120,320,{ts '2018-04-19 09:22:33.144170'},{ts '2018-04-19 10:43:20.815405'});
INSERT INTO "GALADM"."GTS_NODE_TBX" (TRACKING_AREA,NODE_ID,NODE_NAME,STATUS,NODE_TYPE,IS_VISIBLE,IS_USER_SETTABLE,X,Y,CREATE_TIMESTAMP,UPDATE_TIMESTAMP) VALUES ('P1TBS',6,null,0,0,0,0,120,280,{ts '2018-04-19 09:22:33.158673'},{ts '2018-04-19 10:41:55.959131'});
INSERT INTO "GALADM"."GTS_NODE_TBX" (TRACKING_AREA,NODE_ID,NODE_NAME,STATUS,NODE_TYPE,IS_VISIBLE,IS_USER_SETTABLE,X,Y,CREATE_TIMESTAMP,UPDATE_TIMESTAMP) VALUES ('P1TBS',7,null,0,0,0,0,190,350,{ts '2018-04-19 09:47:36.226767'},{ts '2018-04-19 10:30:21.478338'});
INSERT INTO "GALADM"."GTS_NODE_TBX" (TRACKING_AREA,NODE_ID,NODE_NAME,STATUS,NODE_TYPE,IS_VISIBLE,IS_USER_SETTABLE,X,Y,CREATE_TIMESTAMP,UPDATE_TIMESTAMP) VALUES ('P1TBS',9,null,0,0,0,0,1960,350,{ts '2018-04-19 10:30:53.288928'},{ts '2018-04-19 10:40:52.150738'});
INSERT INTO "GALADM"."GTS_NODE_TBX" (TRACKING_AREA,NODE_ID,NODE_NAME,STATUS,NODE_TYPE,IS_VISIBLE,IS_USER_SETTABLE,X,Y,CREATE_TIMESTAMP,UPDATE_TIMESTAMP) VALUES ('P1TBS',10,null,0,0,0,0,2040,380,{ts '2018-04-19 10:45:54.465610'},{ts '2018-04-19 10:54:08.955829'});
INSERT INTO "GALADM"."GTS_NODE_TBX" (TRACKING_AREA,NODE_ID,NODE_NAME,STATUS,NODE_TYPE,IS_VISIBLE,IS_USER_SETTABLE,X,Y,CREATE_TIMESTAMP,UPDATE_TIMESTAMP) VALUES ('P1TBS',11,null,0,0,0,0,1960,350,{ts '2018-04-19 10:45:54.499484'},{ts '2018-04-19 10:47:42.246863'});
INSERT INTO "GALADM"."GTS_NODE_TBX" (TRACKING_AREA,NODE_ID,NODE_NAME,STATUS,NODE_TYPE,IS_VISIBLE,IS_USER_SETTABLE,X,Y,CREATE_TIMESTAMP,UPDATE_TIMESTAMP) VALUES ('P1TBS',14,null,0,0,0,0,1970,450,{ts '2018-04-19 10:48:48.378293'},{ts '2018-04-19 10:51:51.752239'});
INSERT INTO "GALADM"."GTS_NODE_TBX" (TRACKING_AREA,NODE_ID,NODE_NAME,STATUS,NODE_TYPE,IS_VISIBLE,IS_USER_SETTABLE,X,Y,CREATE_TIMESTAMP,UPDATE_TIMESTAMP) VALUES ('P1TBS',15,null,0,0,0,0,2040,410,{ts '2018-04-19 10:48:48.389936'},{ts '2018-04-19 10:54:08.955871'});
INSERT INTO "GALADM"."GTS_NODE_TBX" (TRACKING_AREA,NODE_ID,NODE_NAME,STATUS,NODE_TYPE,IS_VISIBLE,IS_USER_SETTABLE,X,Y,CREATE_TIMESTAMP,UPDATE_TIMESTAMP) VALUES ('P1TBS',17,null,0,0,0,0,680,480,{ts '2018-04-19 10:58:11.860971'},{ts '2018-04-19 11:39:47.419970'});
INSERT INTO "GALADM"."GTS_NODE_TBX" (TRACKING_AREA,NODE_ID,NODE_NAME,STATUS,NODE_TYPE,IS_VISIBLE,IS_USER_SETTABLE,X,Y,CREATE_TIMESTAMP,UPDATE_TIMESTAMP) VALUES ('P1TBS',18,null,0,0,0,0,750,450,{ts '2018-04-19 10:58:11.872191'},{ts '2018-04-19 10:59:39.097853'});
INSERT INTO "GALADM"."GTS_NODE_TBX" (TRACKING_AREA,NODE_ID,NODE_NAME,STATUS,NODE_TYPE,IS_VISIBLE,IS_USER_SETTABLE,X,Y,CREATE_TIMESTAMP,UPDATE_TIMESTAMP) VALUES ('P1TBS',19,null,0,0,0,0,680,520,{ts '2018-04-19 11:00:02.255485'},{ts '2018-04-19 11:39:47.420010'});
INSERT INTO "GALADM"."GTS_NODE_TBX" (TRACKING_AREA,NODE_ID,NODE_NAME,STATUS,NODE_TYPE,IS_VISIBLE,IS_USER_SETTABLE,X,Y,CREATE_TIMESTAMP,UPDATE_TIMESTAMP) VALUES ('P1TBS',20,null,0,0,0,0,750,550,{ts '2018-04-19 11:00:53.310951'},{ts '2018-04-19 11:01:33.148376'});
INSERT INTO "GALADM"."GTS_NODE_TBX" (TRACKING_AREA,NODE_ID,NODE_NAME,STATUS,NODE_TYPE,IS_VISIBLE,IS_USER_SETTABLE,X,Y,CREATE_TIMESTAMP,UPDATE_TIMESTAMP) VALUES ('P1TBS',21,null,0,0,0,0,1420,550,{ts '2018-04-19 11:02:51.310739'},{ts '2018-04-19 11:53:50.968582'});
INSERT INTO "GALADM"."GTS_NODE_TBX" (TRACKING_AREA,NODE_ID,NODE_NAME,STATUS,NODE_TYPE,IS_VISIBLE,IS_USER_SETTABLE,X,Y,CREATE_TIMESTAMP,UPDATE_TIMESTAMP) VALUES ('P1TBS',22,null,0,0,0,0,1420,650,{ts '2018-04-19 11:54:54.279957'},{ts '2018-04-19 11:56:03.597667'});
INSERT INTO "GALADM"."GTS_NODE_TBX" (TRACKING_AREA,NODE_ID,NODE_NAME,STATUS,NODE_TYPE,IS_VISIBLE,IS_USER_SETTABLE,X,Y,CREATE_TIMESTAMP,UPDATE_TIMESTAMP) VALUES ('P1TBS',23,null,0,0,0,0,1300,650,{ts '2018-04-19 11:58:01.342623'},{ts '2018-04-19 12:00:04.687483'});
INSERT INTO "GALADM"."GTS_NODE_TBX" (TRACKING_AREA,NODE_ID,NODE_NAME,STATUS,NODE_TYPE,IS_VISIBLE,IS_USER_SETTABLE,X,Y,CREATE_TIMESTAMP,UPDATE_TIMESTAMP) VALUES ('P1TBS',24,null,0,0,0,0,1190,650,{ts '2018-04-19 12:01:29.104104'},{ts '2018-04-19 12:01:58.717869'});
INSERT INTO "GALADM"."GTS_NODE_TBX" (TRACKING_AREA,NODE_ID,NODE_NAME,STATUS,NODE_TYPE,IS_VISIBLE,IS_USER_SETTABLE,X,Y,CREATE_TIMESTAMP,UPDATE_TIMESTAMP) VALUES ('P1TBS',27,null,0,0,0,0,1790,190,{ts '2018-04-19 12:27:15.207529'},{ts '2018-05-15 09:59:05.344556'});
INSERT INTO "GALADM"."GTS_NODE_TBX" (TRACKING_AREA,NODE_ID,NODE_NAME,STATUS,NODE_TYPE,IS_VISIBLE,IS_USER_SETTABLE,X,Y,CREATE_TIMESTAMP,UPDATE_TIMESTAMP) VALUES ('P1TBS',28,null,0,0,0,0,2220,190,{ts '2018-04-19 12:27:15.217651'},{ts '2018-07-12 13:41:50.500512'});
INSERT INTO "GALADM"."GTS_NODE_TBX" (TRACKING_AREA,NODE_ID,NODE_NAME,STATUS,NODE_TYPE,IS_VISIBLE,IS_USER_SETTABLE,X,Y,CREATE_TIMESTAMP,UPDATE_TIMESTAMP) VALUES ('P1TBS',30,null,0,0,0,0,1760,280,{ts '2018-04-19 12:39:12.013066'},{ts '2018-04-19 12:47:42.827671'});
INSERT INTO "GALADM"."GTS_NODE_TBX" (TRACKING_AREA,NODE_ID,NODE_NAME,STATUS,NODE_TYPE,IS_VISIBLE,IS_USER_SETTABLE,X,Y,CREATE_TIMESTAMP,UPDATE_TIMESTAMP) VALUES ('P1TBS',32,null,0,0,0,0,2750,190,{ts '2018-04-19 12:49:24.629036'},{ts '2018-05-15 09:58:27.165494'});
INSERT INTO "GALADM"."GTS_NODE_TBX" (TRACKING_AREA,NODE_ID,NODE_NAME,STATUS,NODE_TYPE,IS_VISIBLE,IS_USER_SETTABLE,X,Y,CREATE_TIMESTAMP,UPDATE_TIMESTAMP) VALUES ('P1TBS',33,null,0,0,0,0,2110,260,{ts '2018-04-19 12:50:57.041986'},{ts '2018-04-19 12:52:34.653523'});
INSERT INTO "GALADM"."GTS_NODE_TBX" (TRACKING_AREA,NODE_ID,NODE_NAME,STATUS,NODE_TYPE,IS_VISIBLE,IS_USER_SETTABLE,X,Y,CREATE_TIMESTAMP,UPDATE_TIMESTAMP) VALUES ('P1TBS',34,null,0,0,0,0,170,650,{ts '2018-04-19 13:18:08.582177'},{ts '2018-04-19 13:29:04.686648'});
INSERT INTO "GALADM"."GTS_NODE_TBX" (TRACKING_AREA,NODE_ID,NODE_NAME,STATUS,NODE_TYPE,IS_VISIBLE,IS_USER_SETTABLE,X,Y,CREATE_TIMESTAMP,UPDATE_TIMESTAMP) VALUES ('P1TBS',35,null,0,0,0,0,110,670,{ts '2018-04-19 13:26:04.242388'},{ts '2018-04-19 13:35:57.147689'});
INSERT INTO "GALADM"."GTS_NODE_TBX" (TRACKING_AREA,NODE_ID,NODE_NAME,STATUS,NODE_TYPE,IS_VISIBLE,IS_USER_SETTABLE,X,Y,CREATE_TIMESTAMP,UPDATE_TIMESTAMP) VALUES ('P1TBS',36,null,0,0,0,0,110,1870,{ts '2018-04-19 15:05:28.105699'},{ts '2018-05-10 10:20:26.092120'});
INSERT INTO "GALADM"."GTS_NODE_TBX" (TRACKING_AREA,NODE_ID,NODE_NAME,STATUS,NODE_TYPE,IS_VISIBLE,IS_USER_SETTABLE,X,Y,CREATE_TIMESTAMP,UPDATE_TIMESTAMP) VALUES ('P1TBS',38,null,0,0,0,0,1050,1910,{ts '2018-04-19 13:39:46.972287'},{ts '2018-05-15 08:42:07.497876'});
INSERT INTO "GALADM"."GTS_NODE_TBX" (TRACKING_AREA,NODE_ID,NODE_NAME,STATUS,NODE_TYPE,IS_VISIBLE,IS_USER_SETTABLE,X,Y,CREATE_TIMESTAMP,UPDATE_TIMESTAMP) VALUES ('P1TBS',39,null,0,0,0,0,1081,1810,{ts '2018-04-19 13:45:10.169088'},{ts '2018-05-10 10:17:44.503296'});
INSERT INTO "GALADM"."GTS_NODE_TBX" (TRACKING_AREA,NODE_ID,NODE_NAME,STATUS,NODE_TYPE,IS_VISIBLE,IS_USER_SETTABLE,X,Y,CREATE_TIMESTAMP,UPDATE_TIMESTAMP) VALUES ('P1TBS',40,null,0,0,0,0,521,1810,{ts '2018-04-19 13:51:16.957198'},{ts '2018-05-10 10:17:44.503307'});
INSERT INTO "GALADM"."GTS_NODE_TBX" (TRACKING_AREA,NODE_ID,NODE_NAME,STATUS,NODE_TYPE,IS_VISIBLE,IS_USER_SETTABLE,X,Y,CREATE_TIMESTAMP,UPDATE_TIMESTAMP) VALUES ('P1TBS',42,null,0,0,0,0,521,1710,{ts '2018-04-19 13:56:38.990236'},{ts '2018-05-10 10:17:44.503316'});
INSERT INTO "GALADM"."GTS_NODE_TBX" (TRACKING_AREA,NODE_ID,NODE_NAME,STATUS,NODE_TYPE,IS_VISIBLE,IS_USER_SETTABLE,X,Y,CREATE_TIMESTAMP,UPDATE_TIMESTAMP) VALUES ('P1TBS',43,null,0,0,0,0,451,1770,{ts '2018-04-19 13:56:38.994549'},{ts '2018-05-10 10:17:44.503325'});
INSERT INTO "GALADM"."GTS_NODE_TBX" (TRACKING_AREA,NODE_ID,NODE_NAME,STATUS,NODE_TYPE,IS_VISIBLE,IS_USER_SETTABLE,X,Y,CREATE_TIMESTAMP,UPDATE_TIMESTAMP) VALUES ('P1TBS',44,null,0,0,0,0,1191,1710,{ts '2018-04-19 14:15:48.193818'},{ts '2018-05-10 10:17:44.503334'});
INSERT INTO "GALADM"."GTS_NODE_TBX" (TRACKING_AREA,NODE_ID,NODE_NAME,STATUS,NODE_TYPE,IS_VISIBLE,IS_USER_SETTABLE,X,Y,CREATE_TIMESTAMP,UPDATE_TIMESTAMP) VALUES ('P1TBS',45,null,0,0,0,0,280,1910,{ts '2018-04-19 14:46:12.902082'},{ts '2018-05-15 08:41:35.248257'});
INSERT INTO "GALADM"."GTS_NODE_TBX" (TRACKING_AREA,NODE_ID,NODE_NAME,STATUS,NODE_TYPE,IS_VISIBLE,IS_USER_SETTABLE,X,Y,CREATE_TIMESTAMP,UPDATE_TIMESTAMP) VALUES ('P1TBS',47,null,0,0,0,0,1240,1850,{ts '2018-04-19 15:25:33.817314'},{ts '2018-05-31 10:11:44.361479'});
INSERT INTO "GALADM"."GTS_NODE_TBX" (TRACKING_AREA,NODE_ID,NODE_NAME,STATUS,NODE_TYPE,IS_VISIBLE,IS_USER_SETTABLE,X,Y,CREATE_TIMESTAMP,UPDATE_TIMESTAMP) VALUES ('P1TBS',48,null,0,0,0,0,1240,1750,{ts '2018-04-19 15:25:33.826217'},{ts '2018-05-31 10:11:38.079362'});
INSERT INTO "GALADM"."GTS_NODE_TBX" (TRACKING_AREA,NODE_ID,NODE_NAME,STATUS,NODE_TYPE,IS_VISIBLE,IS_USER_SETTABLE,X,Y,CREATE_TIMESTAMP,UPDATE_TIMESTAMP) VALUES ('P1TBS',49,null,0,0,0,0,1271,1910,{ts '2018-04-19 15:26:20.574855'},{ts '2018-05-10 10:17:44.503370'});
INSERT INTO "GALADM"."GTS_NODE_TBX" (TRACKING_AREA,NODE_ID,NODE_NAME,STATUS,NODE_TYPE,IS_VISIBLE,IS_USER_SETTABLE,X,Y,CREATE_TIMESTAMP,UPDATE_TIMESTAMP) VALUES ('P1TBS',51,null,0,0,0,0,2611,1910,{ts '2018-04-20 07:07:59.855039'},{ts '2018-05-10 10:17:44.503381'});
INSERT INTO "GALADM"."GTS_NODE_TBX" (TRACKING_AREA,NODE_ID,NODE_NAME,STATUS,NODE_TYPE,IS_VISIBLE,IS_USER_SETTABLE,X,Y,CREATE_TIMESTAMP,UPDATE_TIMESTAMP) VALUES ('P1TBS',52,null,0,0,0,0,2611,1810,{ts '2018-04-20 07:35:50.092211'},{ts '2018-05-10 10:17:44.503390'});
INSERT INTO "GALADM"."GTS_NODE_TBX" (TRACKING_AREA,NODE_ID,NODE_NAME,STATUS,NODE_TYPE,IS_VISIBLE,IS_USER_SETTABLE,X,Y,CREATE_TIMESTAMP,UPDATE_TIMESTAMP) VALUES ('P1TBS',53,null,0,0,0,0,2341,1810,{ts '2018-04-20 07:36:26.228670'},{ts '2018-05-10 10:17:44.503399'});
INSERT INTO "GALADM"."GTS_NODE_TBX" (TRACKING_AREA,NODE_ID,NODE_NAME,STATUS,NODE_TYPE,IS_VISIBLE,IS_USER_SETTABLE,X,Y,CREATE_TIMESTAMP,UPDATE_TIMESTAMP) VALUES ('P1TBS',54,null,0,0,0,0,1881,1810,{ts '2018-04-20 07:45:49.922274'},{ts '2018-05-10 10:17:44.503408'});
INSERT INTO "GALADM"."GTS_NODE_TBX" (TRACKING_AREA,NODE_ID,NODE_NAME,STATUS,NODE_TYPE,IS_VISIBLE,IS_USER_SETTABLE,X,Y,CREATE_TIMESTAMP,UPDATE_TIMESTAMP) VALUES ('P1TBS',55,null,0,0,0,0,1495,1807,{ts '2018-04-20 07:47:19.517949'},{ts '2018-05-31 09:29:08.630508'});
INSERT INTO "GALADM"."GTS_NODE_TBX" (TRACKING_AREA,NODE_ID,NODE_NAME,STATUS,NODE_TYPE,IS_VISIBLE,IS_USER_SETTABLE,X,Y,CREATE_TIMESTAMP,UPDATE_TIMESTAMP) VALUES ('P1TBS',56,null,0,0,0,0,1435,1777,{ts '2018-04-20 07:51:04.871443'},{ts '2018-05-31 09:29:08.630593'});
INSERT INTO "GALADM"."GTS_NODE_TBX" (TRACKING_AREA,NODE_ID,NODE_NAME,STATUS,NODE_TYPE,IS_VISIBLE,IS_USER_SETTABLE,X,Y,CREATE_TIMESTAMP,UPDATE_TIMESTAMP) VALUES ('P1TBS',57,null,0,0,0,0,1485,1707,{ts '2018-04-20 07:52:05.600043'},{ts '2018-05-31 09:29:08.630617'});
INSERT INTO "GALADM"."GTS_NODE_TBX" (TRACKING_AREA,NODE_ID,NODE_NAME,STATUS,NODE_TYPE,IS_VISIBLE,IS_USER_SETTABLE,X,Y,CREATE_TIMESTAMP,UPDATE_TIMESTAMP) VALUES ('P1TBS',58,null,0,0,0,0,2534,1710,{ts '2018-04-20 07:53:21.736164'},{ts '2018-05-31 09:23:04.496593'});
INSERT INTO "GALADM"."GTS_NODE_TBX" (TRACKING_AREA,NODE_ID,NODE_NAME,STATUS,NODE_TYPE,IS_VISIBLE,IS_USER_SETTABLE,X,Y,CREATE_TIMESTAMP,UPDATE_TIMESTAMP) VALUES ('P1TBS',59,null,0,0,0,0,2573,1620,{ts '2018-04-20 07:59:46.872456'},{ts '2018-05-31 09:23:04.496635'});
INSERT INTO "GALADM"."GTS_NODE_TBX" (TRACKING_AREA,NODE_ID,NODE_NAME,STATUS,NODE_TYPE,IS_VISIBLE,IS_USER_SETTABLE,X,Y,CREATE_TIMESTAMP,UPDATE_TIMESTAMP) VALUES ('P1TBS',60,null,0,0,0,0,2573,1290,{ts '2018-04-20 08:01:03.388499'},{ts '2018-05-31 09:23:04.496655'});
INSERT INTO "GALADM"."GTS_NODE_TBX" (TRACKING_AREA,NODE_ID,NODE_NAME,STATUS,NODE_TYPE,IS_VISIBLE,IS_USER_SETTABLE,X,Y,CREATE_TIMESTAMP,UPDATE_TIMESTAMP) VALUES ('P1TBS',61,null,0,0,0,0,3300,300,{ts '2018-04-20 08:30:53.288732'},{ts '2018-05-10 12:25:52.781166'});
INSERT INTO "GALADM"."GTS_NODE_TBX" (TRACKING_AREA,NODE_ID,NODE_NAME,STATUS,NODE_TYPE,IS_VISIBLE,IS_USER_SETTABLE,X,Y,CREATE_TIMESTAMP,UPDATE_TIMESTAMP) VALUES ('P1TBS',62,null,0,0,0,0,2670,300,{ts '2018-04-20 08:30:53.297205'},{ts '2018-05-10 12:25:44.936172'});
INSERT INTO "GALADM"."GTS_NODE_TBX" (TRACKING_AREA,NODE_ID,NODE_NAME,STATUS,NODE_TYPE,IS_VISIBLE,IS_USER_SETTABLE,X,Y,CREATE_TIMESTAMP,UPDATE_TIMESTAMP) VALUES ('P1TBS',64,null,0,0,0,0,2240,300,{ts '2018-04-20 08:35:02.137129'},{ts '2018-05-10 12:13:09.655036'});
INSERT INTO "GALADM"."GTS_NODE_TBX" (TRACKING_AREA,NODE_ID,NODE_NAME,STATUS,NODE_TYPE,IS_VISIBLE,IS_USER_SETTABLE,X,Y,CREATE_TIMESTAMP,UPDATE_TIMESTAMP) VALUES ('P1TBS',65,null,0,0,0,0,2170,470,{ts '2018-04-20 08:38:49.717176'},{ts '2018-04-20 08:41:51.670101'});
INSERT INTO "GALADM"."GTS_NODE_TBX" (TRACKING_AREA,NODE_ID,NODE_NAME,STATUS,NODE_TYPE,IS_VISIBLE,IS_USER_SETTABLE,X,Y,CREATE_TIMESTAMP,UPDATE_TIMESTAMP) VALUES ('P1TBS',67,null,0,0,0,0,2170,340,{ts '2018-04-20 08:39:23.196380'},{ts '2018-04-20 08:41:19.725325'});
INSERT INTO "GALADM"."GTS_NODE_TBX" (TRACKING_AREA,NODE_ID,NODE_NAME,STATUS,NODE_TYPE,IS_VISIBLE,IS_USER_SETTABLE,X,Y,CREATE_TIMESTAMP,UPDATE_TIMESTAMP) VALUES ('P1TBS',68,null,0,0,0,0,2100,550,{ts '2018-04-20 08:43:05.241874'},{ts '2018-04-20 08:43:40.156675'});
INSERT INTO "GALADM"."GTS_NODE_TBX" (TRACKING_AREA,NODE_ID,NODE_NAME,STATUS,NODE_TYPE,IS_VISIBLE,IS_USER_SETTABLE,X,Y,CREATE_TIMESTAMP,UPDATE_TIMESTAMP) VALUES ('P1TBS',69,'',0,0,0,0,1760,550,{ts '2018-04-20 08:43:05.251591'},{ts '2018-04-25 07:46:24.847016'});
INSERT INTO "GALADM"."GTS_NODE_TBX" (TRACKING_AREA,NODE_ID,NODE_NAME,STATUS,NODE_TYPE,IS_VISIBLE,IS_USER_SETTABLE,X,Y,CREATE_TIMESTAMP,UPDATE_TIMESTAMP) VALUES ('P1TBS',70,null,0,0,0,0,2593,1260,{ts '2018-04-20 09:53:18.313679'},{ts '2018-05-31 09:23:04.496397'});
INSERT INTO "GALADM"."GTS_NODE_TBX" (TRACKING_AREA,NODE_ID,NODE_NAME,STATUS,NODE_TYPE,IS_VISIBLE,IS_USER_SETTABLE,X,Y,CREATE_TIMESTAMP,UPDATE_TIMESTAMP) VALUES ('P1TBS',71,null,0,0,0,0,2693,1260,{ts '2018-04-20 09:56:04.813199'},{ts '2018-05-31 09:23:04.496505'});
INSERT INTO "GALADM"."GTS_NODE_TBX" (TRACKING_AREA,NODE_ID,NODE_NAME,STATUS,NODE_TYPE,IS_VISIBLE,IS_USER_SETTABLE,X,Y,CREATE_TIMESTAMP,UPDATE_TIMESTAMP) VALUES ('P1TBS',72,null,0,0,0,0,2753,1300,{ts '2018-04-20 09:56:46.416426'},{ts '2018-05-31 09:23:04.496529'});
INSERT INTO "GALADM"."GTS_NODE_TBX" (TRACKING_AREA,NODE_ID,NODE_NAME,STATUS,NODE_TYPE,IS_VISIBLE,IS_USER_SETTABLE,X,Y,CREATE_TIMESTAMP,UPDATE_TIMESTAMP) VALUES ('P1TBS',73,null,0,0,0,0,2753,1640,{ts '2018-04-20 10:03:19.334833'},{ts '2018-05-31 09:23:04.496550'});
INSERT INTO "GALADM"."GTS_NODE_TBX" (TRACKING_AREA,NODE_ID,NODE_NAME,STATUS,NODE_TYPE,IS_VISIBLE,IS_USER_SETTABLE,X,Y,CREATE_TIMESTAMP,UPDATE_TIMESTAMP) VALUES ('P1TBS',74,null,0,0,0,0,2823,1700,{ts '2018-04-20 10:10:35.027373'},{ts '2018-05-31 09:23:04.496572'});
INSERT INTO "GALADM"."GTS_NODE_TBX" (TRACKING_AREA,NODE_ID,NODE_NAME,STATUS,NODE_TYPE,IS_VISIBLE,IS_USER_SETTABLE,X,Y,CREATE_TIMESTAMP,UPDATE_TIMESTAMP) VALUES ('P1TBS',75,null,0,0,0,0,2880,1670,{ts '2018-07-12 14:54:08.243220'},{ts '2018-07-12 14:56:51.148380'});
INSERT INTO "GALADM"."GTS_NODE_TBX" (TRACKING_AREA,NODE_ID,NODE_NAME,STATUS,NODE_TYPE,IS_VISIBLE,IS_USER_SETTABLE,X,Y,CREATE_TIMESTAMP,UPDATE_TIMESTAMP) VALUES ('P1TBS',76,null,0,0,0,0,2880,1500,{ts '2018-04-20 10:13:09.142271'},{ts '2018-07-12 13:52:34.934026'});
INSERT INTO "GALADM"."GTS_NODE_TBX" (TRACKING_AREA,NODE_ID,NODE_NAME,STATUS,NODE_TYPE,IS_VISIBLE,IS_USER_SETTABLE,X,Y,CREATE_TIMESTAMP,UPDATE_TIMESTAMP) VALUES ('P1TBS',77,'',0,0,0,0,3380,190,{ts '2018-04-20 10:52:41.309259'},{ts '2018-05-13 13:52:05.085767'});
INSERT INTO "GALADM"."GTS_NODE_TBX" (TRACKING_AREA,NODE_ID,NODE_NAME,STATUS,NODE_TYPE,IS_VISIBLE,IS_USER_SETTABLE,X,Y,CREATE_TIMESTAMP,UPDATE_TIMESTAMP) VALUES ('P1TBS',78,'',0,0,0,0,260,931,{ts '2018-04-20 12:35:47.998191'},{ts '2019-04-08 12:17:28.380448'});
INSERT INTO "GALADM"."GTS_NODE_TBX" (TRACKING_AREA,NODE_ID,NODE_NAME,STATUS,NODE_TYPE,IS_VISIBLE,IS_USER_SETTABLE,X,Y,CREATE_TIMESTAMP,UPDATE_TIMESTAMP) VALUES ('P1TBS',79,null,0,0,0,0,897,930,{ts '2018-04-20 12:35:48.007595'},{ts '2019-04-08 12:17:28.380458'});
INSERT INTO "GALADM"."GTS_NODE_TBX" (TRACKING_AREA,NODE_ID,NODE_NAME,STATUS,NODE_TYPE,IS_VISIBLE,IS_USER_SETTABLE,X,Y,CREATE_TIMESTAMP,UPDATE_TIMESTAMP) VALUES ('P1TBS',80,'ENTRY-tsM',0,0,1,0,233,931,{ts '2018-04-20 12:38:47.780438'},{ts '2019-04-08 12:17:28.380468'});
INSERT INTO "GALADM"."GTS_NODE_TBX" (TRACKING_AREA,NODE_ID,NODE_NAME,STATUS,NODE_TYPE,IS_VISIBLE,IS_USER_SETTABLE,X,Y,CREATE_TIMESTAMP,UPDATE_TIMESTAMP) VALUES ('P1TBS',82,null,0,0,0,0,920,930,{ts '2018-04-20 13:29:21.773544'},{ts '2019-04-08 12:17:28.380478'});
INSERT INTO "GALADM"."GTS_NODE_TBX" (TRACKING_AREA,NODE_ID,NODE_NAME,STATUS,NODE_TYPE,IS_VISIBLE,IS_USER_SETTABLE,X,Y,CREATE_TIMESTAMP,UPDATE_TIMESTAMP) VALUES ('P1TBS',84,null,0,0,0,0,1440,930,{ts '2018-04-20 13:30:33.624350'},{ts '2019-04-08 12:17:28.380488'});
INSERT INTO "GALADM"."GTS_NODE_TBX" (TRACKING_AREA,NODE_ID,NODE_NAME,STATUS,NODE_TYPE,IS_VISIBLE,IS_USER_SETTABLE,X,Y,CREATE_TIMESTAMP,UPDATE_TIMESTAMP) VALUES ('P1TBS',85,null,0,0,0,0,200,1060,{ts '2018-04-20 13:54:40.696240'},{ts '2019-04-08 12:17:28.380500'});
INSERT INTO "GALADM"."GTS_NODE_TBX" (TRACKING_AREA,NODE_ID,NODE_NAME,STATUS,NODE_TYPE,IS_VISIBLE,IS_USER_SETTABLE,X,Y,CREATE_TIMESTAMP,UPDATE_TIMESTAMP) VALUES ('P1TBS',86,null,0,0,0,0,1440,930,{ts '2018-04-20 14:34:06.899679'},{ts '2019-04-08 12:17:28.380521'});
INSERT INTO "GALADM"."GTS_NODE_TBX" (TRACKING_AREA,NODE_ID,NODE_NAME,STATUS,NODE_TYPE,IS_VISIBLE,IS_USER_SETTABLE,X,Y,CREATE_TIMESTAMP,UPDATE_TIMESTAMP) VALUES ('P1TBS',87,'EXIT-tsO',1,0,1,0,1490,930,{ts '2018-04-20 14:34:06.908406'},{ts '2019-04-10 10:29:38.602490'});
INSERT INTO "GALADM"."GTS_NODE_TBX" (TRACKING_AREA,NODE_ID,NODE_NAME,STATUS,NODE_TYPE,IS_VISIBLE,IS_USER_SETTABLE,X,Y,CREATE_TIMESTAMP,UPDATE_TIMESTAMP) VALUES ('P1TBS',89,'ENTRY-tsQ',0,0,1,0,1590,930,{ts '2018-04-20 14:34:33.912961'},{ts '2019-04-08 12:17:28.380541'});
INSERT INTO "GALADM"."GTS_NODE_TBX" (TRACKING_AREA,NODE_ID,NODE_NAME,STATUS,NODE_TYPE,IS_VISIBLE,IS_USER_SETTABLE,X,Y,CREATE_TIMESTAMP,UPDATE_TIMESTAMP) VALUES ('P1TBS',90,null,0,0,0,0,1440,1030,{ts '2018-04-20 14:39:21.015975'},{ts '2019-04-08 12:17:28.380551'});
INSERT INTO "GALADM"."GTS_NODE_TBX" (TRACKING_AREA,NODE_ID,NODE_NAME,STATUS,NODE_TYPE,IS_VISIBLE,IS_USER_SETTABLE,X,Y,CREATE_TIMESTAMP,UPDATE_TIMESTAMP) VALUES ('P1TBS',92,null,0,0,0,0,920,1030,{ts '2018-04-20 14:40:04.437861'},{ts '2019-04-08 12:17:28.380561'});
INSERT INTO "GALADM"."GTS_NODE_TBX" (TRACKING_AREA,NODE_ID,NODE_NAME,STATUS,NODE_TYPE,IS_VISIBLE,IS_USER_SETTABLE,X,Y,CREATE_TIMESTAMP,UPDATE_TIMESTAMP) VALUES ('P1TBS',93,null,0,0,0,0,1440,1030,{ts '2018-04-20 14:40:04.445513'},{ts '2019-04-08 12:17:28.380571'});
INSERT INTO "GALADM"."GTS_NODE_TBX" (TRACKING_AREA,NODE_ID,NODE_NAME,STATUS,NODE_TYPE,IS_VISIBLE,IS_USER_SETTABLE,X,Y,CREATE_TIMESTAMP,UPDATE_TIMESTAMP) VALUES ('P1TBS',94,null,0,0,0,0,900,1030,{ts '2018-04-20 14:41:32.485450'},{ts '2019-04-08 12:17:28.380583'});
INSERT INTO "GALADM"."GTS_NODE_TBX" (TRACKING_AREA,NODE_ID,NODE_NAME,STATUS,NODE_TYPE,IS_VISIBLE,IS_USER_SETTABLE,X,Y,CREATE_TIMESTAMP,UPDATE_TIMESTAMP) VALUES ('P1TBS',96,'ENTRY-tsN',0,0,1,0,230,1030,{ts '2018-04-20 14:45:53.667038'},{ts '2019-04-08 12:17:28.380593'});
INSERT INTO "GALADM"."GTS_NODE_TBX" (TRACKING_AREA,NODE_ID,NODE_NAME,STATUS,NODE_TYPE,IS_VISIBLE,IS_USER_SETTABLE,X,Y,CREATE_TIMESTAMP,UPDATE_TIMESTAMP) VALUES ('P1TBS',97,null,0,0,0,0,260,1030,{ts '2018-04-20 14:45:53.678159'},{ts '2019-04-08 12:17:28.380603'});
INSERT INTO "GALADM"."GTS_NODE_TBX" (TRACKING_AREA,NODE_ID,NODE_NAME,STATUS,NODE_TYPE,IS_VISIBLE,IS_USER_SETTABLE,X,Y,CREATE_TIMESTAMP,UPDATE_TIMESTAMP) VALUES ('P1TBS',98,'EXIT-tsJ',0,0,1,0,240,1130,{ts '2018-04-20 15:25:43.172232'},{ts '2019-04-08 12:17:28.380613'});
INSERT INTO "GALADM"."GTS_NODE_TBX" (TRACKING_AREA,NODE_ID,NODE_NAME,STATUS,NODE_TYPE,IS_VISIBLE,IS_USER_SETTABLE,X,Y,CREATE_TIMESTAMP,UPDATE_TIMESTAMP) VALUES ('P1TBS',100,null,0,0,0,0,280,1130,{ts '2018-04-20 15:28:16.387550'},{ts '2019-04-08 12:17:28.380625'});
INSERT INTO "GALADM"."GTS_NODE_TBX" (TRACKING_AREA,NODE_ID,NODE_NAME,STATUS,NODE_TYPE,IS_VISIBLE,IS_USER_SETTABLE,X,Y,CREATE_TIMESTAMP,UPDATE_TIMESTAMP) VALUES ('P1TBS',101,null,0,0,0,0,810,1130,{ts '2018-04-23 10:22:03.237791'},{ts '2019-04-08 12:17:28.380635'});
INSERT INTO "GALADM"."GTS_NODE_TBX" (TRACKING_AREA,NODE_ID,NODE_NAME,STATUS,NODE_TYPE,IS_VISIBLE,IS_USER_SETTABLE,X,Y,CREATE_TIMESTAMP,UPDATE_TIMESTAMP) VALUES ('P1TBS',102,null,0,0,0,0,830,1130,{ts '2018-04-23 10:31:47.080919'},{ts '2019-04-08 12:17:28.380645'});
INSERT INTO "GALADM"."GTS_NODE_TBX" (TRACKING_AREA,NODE_ID,NODE_NAME,STATUS,NODE_TYPE,IS_VISIBLE,IS_USER_SETTABLE,X,Y,CREATE_TIMESTAMP,UPDATE_TIMESTAMP) VALUES ('P1TBS',103,null,0,0,0,0,1150,1130,{ts '2018-04-23 10:32:45.335778'},{ts '2019-04-08 12:17:28.380655'});
INSERT INTO "GALADM"."GTS_NODE_TBX" (TRACKING_AREA,NODE_ID,NODE_NAME,STATUS,NODE_TYPE,IS_VISIBLE,IS_USER_SETTABLE,X,Y,CREATE_TIMESTAMP,UPDATE_TIMESTAMP) VALUES ('P1TBS',104,null,0,0,0,0,1290,1130,{ts '2018-04-23 10:35:46.701904'},{ts '2019-04-08 12:17:28.380667'});
INSERT INTO "GALADM"."GTS_NODE_TBX" (TRACKING_AREA,NODE_ID,NODE_NAME,STATUS,NODE_TYPE,IS_VISIBLE,IS_USER_SETTABLE,X,Y,CREATE_TIMESTAMP,UPDATE_TIMESTAMP) VALUES ('P1TBS',105,'ENTRY-tsD',0,0,1,0,2050,1130,{ts '2018-04-23 10:36:37.654858'},{ts '2019-04-08 12:17:28.380677'});
INSERT INTO "GALADM"."GTS_NODE_TBX" (TRACKING_AREA,NODE_ID,NODE_NAME,STATUS,NODE_TYPE,IS_VISIBLE,IS_USER_SETTABLE,X,Y,CREATE_TIMESTAMP,UPDATE_TIMESTAMP) VALUES ('P1TBS',107,null,0,0,0,0,1740,930,{ts '2018-04-23 10:44:40.485389'},{ts '2019-04-08 12:17:28.380687'});
INSERT INTO "GALADM"."GTS_NODE_TBX" (TRACKING_AREA,NODE_ID,NODE_NAME,STATUS,NODE_TYPE,IS_VISIBLE,IS_USER_SETTABLE,X,Y,CREATE_TIMESTAMP,UPDATE_TIMESTAMP) VALUES ('P1TBS',109,'EXIT-tsK',0,0,1,0,240,1230,{ts '2018-04-23 10:56:45.577064'},{ts '2019-04-08 12:17:28.380697'});
INSERT INTO "GALADM"."GTS_NODE_TBX" (TRACKING_AREA,NODE_ID,NODE_NAME,STATUS,NODE_TYPE,IS_VISIBLE,IS_USER_SETTABLE,X,Y,CREATE_TIMESTAMP,UPDATE_TIMESTAMP) VALUES ('P1TBS',110,null,0,0,0,0,810,1230,{ts '2018-04-23 10:59:01.282578'},{ts '2019-04-08 12:17:28.380754'});
INSERT INTO "GALADM"."GTS_NODE_TBX" (TRACKING_AREA,NODE_ID,NODE_NAME,STATUS,NODE_TYPE,IS_VISIBLE,IS_USER_SETTABLE,X,Y,CREATE_TIMESTAMP,UPDATE_TIMESTAMP) VALUES ('P1TBS',111,null,0,0,0,0,280,1230,{ts '2018-04-23 10:59:01.292026'},{ts '2019-04-08 12:17:28.380765'});
INSERT INTO "GALADM"."GTS_NODE_TBX" (TRACKING_AREA,NODE_ID,NODE_NAME,STATUS,NODE_TYPE,IS_VISIBLE,IS_USER_SETTABLE,X,Y,CREATE_TIMESTAMP,UPDATE_TIMESTAMP) VALUES ('P1TBS',112,null,0,0,0,0,270,1400,{ts '2018-04-23 13:35:13.183222'},{ts '2019-04-08 12:17:28.380775'});
INSERT INTO "GALADM"."GTS_NODE_TBX" (TRACKING_AREA,NODE_ID,NODE_NAME,STATUS,NODE_TYPE,IS_VISIBLE,IS_USER_SETTABLE,X,Y,CREATE_TIMESTAMP,UPDATE_TIMESTAMP) VALUES ('P1TBS',113,'EXIT-tsL',0,0,1,0,240,1400,{ts '2018-04-23 13:35:13.195324'},{ts '2019-04-08 12:17:28.380788'});
INSERT INTO "GALADM"."GTS_NODE_TBX" (TRACKING_AREA,NODE_ID,NODE_NAME,STATUS,NODE_TYPE,IS_VISIBLE,IS_USER_SETTABLE,X,Y,CREATE_TIMESTAMP,UPDATE_TIMESTAMP) VALUES ('P1TBS',114,null,0,0,0,0,800,1400,{ts '2018-04-23 13:36:07.340089'},{ts '2019-04-08 12:17:28.380800'});
INSERT INTO "GALADM"."GTS_NODE_TBX" (TRACKING_AREA,NODE_ID,NODE_NAME,STATUS,NODE_TYPE,IS_VISIBLE,IS_USER_SETTABLE,X,Y,CREATE_TIMESTAMP,UPDATE_TIMESTAMP) VALUES ('P1TBS',115,null,0,0,0,0,270,1400,{ts '2018-04-23 13:36:07.351277'},{ts '2019-04-08 12:17:28.380810'});
INSERT INTO "GALADM"."GTS_NODE_TBX" (TRACKING_AREA,NODE_ID,NODE_NAME,STATUS,NODE_TYPE,IS_VISIBLE,IS_USER_SETTABLE,X,Y,CREATE_TIMESTAMP,UPDATE_TIMESTAMP) VALUES ('P1TBS',118,null,0,0,0,0,830,1230,{ts '2018-04-23 13:42:24.505862'},{ts '2019-04-08 12:17:28.380820'});
INSERT INTO "GALADM"."GTS_NODE_TBX" (TRACKING_AREA,NODE_ID,NODE_NAME,STATUS,NODE_TYPE,IS_VISIBLE,IS_USER_SETTABLE,X,Y,CREATE_TIMESTAMP,UPDATE_TIMESTAMP) VALUES ('P1TBS',119,null,0,0,0,0,1150,1230,{ts '2018-04-23 13:43:06.057660'},{ts '2019-04-08 12:17:28.380830'});
INSERT INTO "GALADM"."GTS_NODE_TBX" (TRACKING_AREA,NODE_ID,NODE_NAME,STATUS,NODE_TYPE,IS_VISIBLE,IS_USER_SETTABLE,X,Y,CREATE_TIMESTAMP,UPDATE_TIMESTAMP) VALUES ('P1TBS',120,null,0,0,0,0,830,1400,{ts '2018-04-23 13:45:38.417545'},{ts '2019-04-08 12:17:28.380840'});
INSERT INTO "GALADM"."GTS_NODE_TBX" (TRACKING_AREA,NODE_ID,NODE_NAME,STATUS,NODE_TYPE,IS_VISIBLE,IS_USER_SETTABLE,X,Y,CREATE_TIMESTAMP,UPDATE_TIMESTAMP) VALUES ('P1TBS',121,null,0,0,0,0,1040,1400,{ts '2018-04-23 13:46:37.579808'},{ts '2019-04-08 12:17:28.380850'});
INSERT INTO "GALADM"."GTS_NODE_TBX" (TRACKING_AREA,NODE_ID,NODE_NAME,STATUS,NODE_TYPE,IS_VISIBLE,IS_USER_SETTABLE,X,Y,CREATE_TIMESTAMP,UPDATE_TIMESTAMP) VALUES ('P1TBS',122,null,0,0,0,0,1290,1230,{ts '2018-04-23 13:49:54.187808'},{ts '2019-04-08 12:17:28.380860'});
INSERT INTO "GALADM"."GTS_NODE_TBX" (TRACKING_AREA,NODE_ID,NODE_NAME,STATUS,NODE_TYPE,IS_VISIBLE,IS_USER_SETTABLE,X,Y,CREATE_TIMESTAMP,UPDATE_TIMESTAMP) VALUES ('P1TBS',123,'',0,0,0,0,2020,1230,{ts '2018-04-23 13:50:41.535752'},{ts '2019-04-08 12:17:28.380870'});
INSERT INTO "GALADM"."GTS_NODE_TBX" (TRACKING_AREA,NODE_ID,NODE_NAME,STATUS,NODE_TYPE,IS_VISIBLE,IS_USER_SETTABLE,X,Y,CREATE_TIMESTAMP,UPDATE_TIMESTAMP) VALUES ('P1TBS',124,'EXIT-tsP',0,0,1,0,1490,1030,{ts '2018-04-23 13:53:59.313386'},{ts '2019-04-08 12:17:28.380882'});
INSERT INTO "GALADM"."GTS_NODE_TBX" (TRACKING_AREA,NODE_ID,NODE_NAME,STATUS,NODE_TYPE,IS_VISIBLE,IS_USER_SETTABLE,X,Y,CREATE_TIMESTAMP,UPDATE_TIMESTAMP) VALUES ('P1TBS',126,'EXIT-tsF',0,0,1,0,1200,1370,{ts '2018-04-23 14:46:55.597006'},{ts '2019-04-08 12:17:28.380892'});
INSERT INTO "GALADM"."GTS_NODE_TBX" (TRACKING_AREA,NODE_ID,NODE_NAME,STATUS,NODE_TYPE,IS_VISIBLE,IS_USER_SETTABLE,X,Y,CREATE_TIMESTAMP,UPDATE_TIMESTAMP) VALUES ('P1TBS',128,'ENTRY-tsH',0,0,1,0,1170,1230,{ts '2018-04-23 14:48:11.559075'},{ts '2019-04-08 12:17:28.380106'});
INSERT INTO "GALADM"."GTS_NODE_TBX" (TRACKING_AREA,NODE_ID,NODE_NAME,STATUS,NODE_TYPE,IS_VISIBLE,IS_USER_SETTABLE,X,Y,CREATE_TIMESTAMP,UPDATE_TIMESTAMP) VALUES ('P1TBS',129,'ENTRY-tsI',0,0,1,0,1080,1400,{ts '2018-04-23 14:57:38.309534'},{ts '2019-04-08 12:17:28.380183'});
INSERT INTO "GALADM"."GTS_NODE_TBX" (TRACKING_AREA,NODE_ID,NODE_NAME,STATUS,NODE_TYPE,IS_VISIBLE,IS_USER_SETTABLE,X,Y,CREATE_TIMESTAMP,UPDATE_TIMESTAMP) VALUES ('P1TBS',130,null,0,0,0,0,1040,1400,{ts '2018-04-23 14:57:38.317343'},{ts '2019-04-08 12:17:28.380196'});
INSERT INTO "GALADM"."GTS_NODE_TBX" (TRACKING_AREA,NODE_ID,NODE_NAME,STATUS,NODE_TYPE,IS_VISIBLE,IS_USER_SETTABLE,X,Y,CREATE_TIMESTAMP,UPDATE_TIMESTAMP) VALUES ('P1TBS',131,null,0,0,0,0,1170,1400,{ts '2018-05-10 08:53:30.809079'},{ts '2019-04-08 12:17:28.380207'});
INSERT INTO "GALADM"."GTS_NODE_TBX" (TRACKING_AREA,NODE_ID,NODE_NAME,STATUS,NODE_TYPE,IS_VISIBLE,IS_USER_SETTABLE,X,Y,CREATE_TIMESTAMP,UPDATE_TIMESTAMP) VALUES ('P1TBS',133,'EXIT-tsE',1,0,1,0,1260,1230,{ts '2018-04-23 15:01:14.346421'},{ts '2019-04-10 10:29:59.603279'});
INSERT INTO "GALADM"."GTS_NODE_TBX" (TRACKING_AREA,NODE_ID,NODE_NAME,STATUS,NODE_TYPE,IS_VISIBLE,IS_USER_SETTABLE,X,Y,CREATE_TIMESTAMP,UPDATE_TIMESTAMP) VALUES ('P1TBS',134,null,0,0,0,0,1220,1230,{ts '2018-04-23 15:02:30.118875'},{ts '2019-04-08 12:17:28.380236'});
INSERT INTO "GALADM"."GTS_NODE_TBX" (TRACKING_AREA,NODE_ID,NODE_NAME,STATUS,NODE_TYPE,IS_VISIBLE,IS_USER_SETTABLE,X,Y,CREATE_TIMESTAMP,UPDATE_TIMESTAMP) VALUES ('P1TBS',136,'ENTRY-tsF',0,0,1,0,1200,1270,{ts '2018-04-23 15:19:23.440446'},{ts '2019-04-08 12:17:28.380250'});
INSERT INTO "GALADM"."GTS_NODE_TBX" (TRACKING_AREA,NODE_ID,NODE_NAME,STATUS,NODE_TYPE,IS_VISIBLE,IS_USER_SETTABLE,X,Y,CREATE_TIMESTAMP,UPDATE_TIMESTAMP) VALUES ('P1TBS',139,'',0,0,0,0,1720,830,{ts '2018-04-24 08:51:17.114235'},{ts '2018-07-10 08:28:28.358632'});
INSERT INTO "GALADM"."GTS_NODE_TBX" (TRACKING_AREA,NODE_ID,NODE_NAME,STATUS,NODE_TYPE,IS_VISIBLE,IS_USER_SETTABLE,X,Y,CREATE_TIMESTAMP,UPDATE_TIMESTAMP) VALUES ('P1TBS',140,null,0,0,0,0,2440,830,{ts '2018-04-24 08:51:17.132814'},{ts '2018-05-31 10:49:55.041125'});
INSERT INTO "GALADM"."GTS_NODE_TBX" (TRACKING_AREA,NODE_ID,NODE_NAME,STATUS,NODE_TYPE,IS_VISIBLE,IS_USER_SETTABLE,X,Y,CREATE_TIMESTAMP,UPDATE_TIMESTAMP) VALUES ('P1TBS',141,null,0,0,0,0,1710,730,{ts '2018-04-24 09:00:34.635782'},{ts '2018-05-31 10:28:44.158958'});
INSERT INTO "GALADM"."GTS_NODE_TBX" (TRACKING_AREA,NODE_ID,NODE_NAME,STATUS,NODE_TYPE,IS_VISIBLE,IS_USER_SETTABLE,X,Y,CREATE_TIMESTAMP,UPDATE_TIMESTAMP) VALUES ('P1TBS',144,null,0,0,0,0,2550,830,{ts '2018-05-31 10:38:07.643722'},{ts '2018-05-31 10:44:57.676959'});
INSERT INTO "GALADM"."GTS_NODE_TBX" (TRACKING_AREA,NODE_ID,NODE_NAME,STATUS,NODE_TYPE,IS_VISIBLE,IS_USER_SETTABLE,X,Y,CREATE_TIMESTAMP,UPDATE_TIMESTAMP) VALUES ('P1TBS',146,null,0,0,0,0,2880,700,{ts '2018-04-24 10:13:53.909876'},{ts '2018-05-31 10:24:03.321954'});
INSERT INTO "GALADM"."GTS_NODE_TBX" (TRACKING_AREA,NODE_ID,NODE_NAME,STATUS,NODE_TYPE,IS_VISIBLE,IS_USER_SETTABLE,X,Y,CREATE_TIMESTAMP,UPDATE_TIMESTAMP) VALUES ('P1TBS',147,null,0,0,0,0,2880,915,{ts '2018-04-24 10:13:53.924699'},{ts '2018-05-31 10:24:03.321964'});
INSERT INTO "GALADM"."GTS_NODE_TBX" (TRACKING_AREA,NODE_ID,NODE_NAME,STATUS,NODE_TYPE,IS_VISIBLE,IS_USER_SETTABLE,X,Y,CREATE_TIMESTAMP,UPDATE_TIMESTAMP) VALUES ('P1TBS',148,null,0,0,0,0,2760,700,{ts '2018-04-24 10:15:24.285293'},{ts '2018-05-31 10:24:03.321973'});
INSERT INTO "GALADM"."GTS_NODE_TBX" (TRACKING_AREA,NODE_ID,NODE_NAME,STATUS,NODE_TYPE,IS_VISIBLE,IS_USER_SETTABLE,X,Y,CREATE_TIMESTAMP,UPDATE_TIMESTAMP) VALUES ('P1TBS',150,null,0,0,0,0,2724,830,{ts '2018-04-24 10:16:16.034215'},{ts '2018-05-31 10:41:55.571485'});
INSERT INTO "GALADM"."GTS_NODE_TBX" (TRACKING_AREA,NODE_ID,NODE_NAME,STATUS,NODE_TYPE,IS_VISIBLE,IS_USER_SETTABLE,X,Y,CREATE_TIMESTAMP,UPDATE_TIMESTAMP) VALUES ('P1TBS',152,null,0,0,0,0,2150,1230,{ts '2018-04-24 12:00:09.935335'},{ts '2019-04-08 12:17:28.380264'});
INSERT INTO "GALADM"."GTS_NODE_TBX" (TRACKING_AREA,NODE_ID,NODE_NAME,STATUS,NODE_TYPE,IS_VISIBLE,IS_USER_SETTABLE,X,Y,CREATE_TIMESTAMP,UPDATE_TIMESTAMP) VALUES ('P1TBS',153,'EXIT-tsC',0,0,1,0,2180,1230,{ts '2018-04-24 12:31:21.220732'},{ts '2019-04-08 12:17:28.380280'});
INSERT INTO "GALADM"."GTS_NODE_TBX" (TRACKING_AREA,NODE_ID,NODE_NAME,STATUS,NODE_TYPE,IS_VISIBLE,IS_USER_SETTABLE,X,Y,CREATE_TIMESTAMP,UPDATE_TIMESTAMP) VALUES ('P1TBS',154,null,0,0,0,0,2200,1230,{ts '2018-04-24 12:32:28.261671'},{ts '2019-04-08 12:17:28.380296'});
INSERT INTO "GALADM"."GTS_NODE_TBX" (TRACKING_AREA,NODE_ID,NODE_NAME,STATUS,NODE_TYPE,IS_VISIBLE,IS_USER_SETTABLE,X,Y,CREATE_TIMESTAMP,UPDATE_TIMESTAMP) VALUES ('P1TBS',155,null,0,0,0,0,2340,1230,{ts '2018-04-24 12:33:15.779716'},{ts '2019-04-08 12:17:28.380311'});
INSERT INTO "GALADM"."GTS_NODE_TBX" (TRACKING_AREA,NODE_ID,NODE_NAME,STATUS,NODE_TYPE,IS_VISIBLE,IS_USER_SETTABLE,X,Y,CREATE_TIMESTAMP,UPDATE_TIMESTAMP) VALUES ('P1TBS',156,null,0,0,0,0,2350,1090,{ts '2018-04-24 12:38:09.038751'},{ts '2019-04-08 12:17:28.380325'});
INSERT INTO "GALADM"."GTS_NODE_TBX" (TRACKING_AREA,NODE_ID,NODE_NAME,STATUS,NODE_TYPE,IS_VISIBLE,IS_USER_SETTABLE,X,Y,CREATE_TIMESTAMP,UPDATE_TIMESTAMP) VALUES ('P1TBS',157,null,0,0,0,0,2170,1090,{ts '2018-04-24 12:40:34.759459'},{ts '2019-04-08 12:17:28.380339'});
INSERT INTO "GALADM"."GTS_NODE_TBX" (TRACKING_AREA,NODE_ID,NODE_NAME,STATUS,NODE_TYPE,IS_VISIBLE,IS_USER_SETTABLE,X,Y,CREATE_TIMESTAMP,UPDATE_TIMESTAMP) VALUES ('P1TBS',158,null,0,0,0,0,1960,280,{ts '2018-04-24 13:20:43.073057'},{ts '2018-05-10 11:18:39.286349'});
INSERT INTO "GALADM"."GTS_NODE_TBX" (TRACKING_AREA,NODE_ID,NODE_NAME,STATUS,NODE_TYPE,IS_VISIBLE,IS_USER_SETTABLE,X,Y,CREATE_TIMESTAMP,UPDATE_TIMESTAMP) VALUES ('P1TBS',159,null,0,0,0,0,1960,1000,{ts '2018-04-24 13:20:43.124722'},{ts '2019-04-08 12:46:20.854702'});
INSERT INTO "GALADM"."GTS_NODE_TBX" (TRACKING_AREA,NODE_ID,NODE_NAME,STATUS,NODE_TYPE,IS_VISIBLE,IS_USER_SETTABLE,X,Y,CREATE_TIMESTAMP,UPDATE_TIMESTAMP) VALUES ('P1TBS',164,null,0,0,0,0,1960,1000,{ts '2018-04-24 13:27:28.226599'},{ts '2019-04-08 12:17:28.380354'});
INSERT INTO "GALADM"."GTS_NODE_TBX" (TRACKING_AREA,NODE_ID,NODE_NAME,STATUS,NODE_TYPE,IS_VISIBLE,IS_USER_SETTABLE,X,Y,CREATE_TIMESTAMP,UPDATE_TIMESTAMP) VALUES ('P1TBS',165,null,0,0,0,0,2170,1000,{ts '2018-04-24 13:27:28.235204'},{ts '2019-04-08 12:17:28.380366'});
INSERT INTO "GALADM"."GTS_NODE_TBX" (TRACKING_AREA,NODE_ID,NODE_NAME,STATUS,NODE_TYPE,IS_VISIBLE,IS_USER_SETTABLE,X,Y,CREATE_TIMESTAMP,UPDATE_TIMESTAMP) VALUES ('P1TBS',168,null,0,0,0,0,2050,930,{ts '2018-04-24 13:33:12.991051'},{ts '2019-04-08 12:17:28.380380'});
INSERT INTO "GALADM"."GTS_NODE_TBX" (TRACKING_AREA,NODE_ID,NODE_NAME,STATUS,NODE_TYPE,IS_VISIBLE,IS_USER_SETTABLE,X,Y,CREATE_TIMESTAMP,UPDATE_TIMESTAMP) VALUES ('P1TBS',169,null,0,0,0,0,2050,260,{ts '2018-04-24 13:33:12.998670'},{ts '2018-05-10 11:17:43.843566'});
INSERT INTO "GALADM"."GTS_NODE_TBX" (TRACKING_AREA,NODE_ID,NODE_NAME,STATUS,NODE_TYPE,IS_VISIBLE,IS_USER_SETTABLE,X,Y,CREATE_TIMESTAMP,UPDATE_TIMESTAMP) VALUES ('P1TBS',172,'ENTRY-tsA',1,0,1,0,1760,280,{ts '2018-04-24 13:50:46.302448'},{ts '2019-04-09 16:22:10.588488'});
INSERT INTO "GALADM"."GTS_NODE_TBX" (TRACKING_AREA,NODE_ID,NODE_NAME,STATUS,NODE_TYPE,IS_VISIBLE,IS_USER_SETTABLE,X,Y,CREATE_TIMESTAMP,UPDATE_TIMESTAMP) VALUES ('P1TBS',173,null,0,0,0,0,1960,280,{ts '2018-04-24 13:50:46.310279'},{ts '2018-05-13 15:00:12.521379'});
INSERT INTO "GALADM"."GTS_NODE_TBX" (TRACKING_AREA,NODE_ID,NODE_NAME,STATUS,NODE_TYPE,IS_VISIBLE,IS_USER_SETTABLE,X,Y,CREATE_TIMESTAMP,UPDATE_TIMESTAMP) VALUES ('P1TBS',176,null,0,0,0,0,2170,1000,{ts '2018-04-24 13:53:28.755244'},{ts '2019-04-08 12:17:28.380395'});
INSERT INTO "GALADM"."GTS_NODE_TBX" (TRACKING_AREA,NODE_ID,NODE_NAME,STATUS,NODE_TYPE,IS_VISIBLE,IS_USER_SETTABLE,X,Y,CREATE_TIMESTAMP,UPDATE_TIMESTAMP) VALUES ('P1TBS',177,null,0,0,0,0,2170,1090,{ts '2018-04-24 13:53:28.763300'},{ts '2019-04-08 12:17:28.380411'});
INSERT INTO "GALADM"."GTS_NODE_TBX" (TRACKING_AREA,NODE_ID,NODE_NAME,STATUS,NODE_TYPE,IS_VISIBLE,IS_USER_SETTABLE,X,Y,CREATE_TIMESTAMP,UPDATE_TIMESTAMP) VALUES ('P1TBS',178,null,0,0,0,0,1770,550,{ts '2018-04-25 07:47:04.110457'},{ts '2018-04-25 07:48:20.346458'});
INSERT INTO "GALADM"."GTS_NODE_TBX" (TRACKING_AREA,NODE_ID,NODE_NAME,STATUS,NODE_TYPE,IS_VISIBLE,IS_USER_SETTABLE,X,Y,CREATE_TIMESTAMP,UPDATE_TIMESTAMP) VALUES ('P1TBS',179,null,0,0,0,0,1740,550,{ts '2018-04-25 07:47:04.131670'},{ts '2018-05-31 10:51:36.445932'});
INSERT INTO "GALADM"."GTS_NODE_TBX" (TRACKING_AREA,NODE_ID,NODE_NAME,STATUS,NODE_TYPE,IS_VISIBLE,IS_USER_SETTABLE,X,Y,CREATE_TIMESTAMP,UPDATE_TIMESTAMP) VALUES ('P1TBS',180,'',0,0,0,0,2020,1130,{ts '2018-05-02 08:17:59.736716'},{ts '2019-04-08 12:17:28.380425'});
INSERT INTO "GALADM"."GTS_NODE_TBX" (TRACKING_AREA,NODE_ID,NODE_NAME,STATUS,NODE_TYPE,IS_VISIBLE,IS_USER_SETTABLE,X,Y,CREATE_TIMESTAMP,UPDATE_TIMESTAMP) VALUES ('P1TBS',181,'ENTRY-tsE',0,0,1,0,2050,1230,{ts '2018-05-02 11:39:49.937898'},{ts '2019-04-08 12:17:28.380438'});
INSERT INTO "GALADM"."GTS_NODE_TBX" (TRACKING_AREA,NODE_ID,NODE_NAME,STATUS,NODE_TYPE,IS_VISIBLE,IS_USER_SETTABLE,X,Y,CREATE_TIMESTAMP,UPDATE_TIMESTAMP) VALUES ('P1TBS',183,'EXIT-toG',0,0,1,0,3420,190,{ts '2018-05-03 08:16:17.027779'},{ts '2018-05-15 08:18:02.439726'});
INSERT INTO "GALADM"."GTS_NODE_TBX" (TRACKING_AREA,NODE_ID,NODE_NAME,STATUS,NODE_TYPE,IS_VISIBLE,IS_USER_SETTABLE,X,Y,CREATE_TIMESTAMP,UPDATE_TIMESTAMP) VALUES ('P1TBS',184,null,0,0,0,0,3370,300,{ts '2018-05-03 08:17:32.392449'},{ts '2018-05-10 12:26:14.606959'});
INSERT INTO "GALADM"."GTS_NODE_TBX" (TRACKING_AREA,NODE_ID,NODE_NAME,STATUS,NODE_TYPE,IS_VISIBLE,IS_USER_SETTABLE,X,Y,CREATE_TIMESTAMP,UPDATE_TIMESTAMP) VALUES ('P1TBS',185,'',0,0,0,0,1303,1496,{ts '2018-07-10 08:26:35.149609'},{ts '2018-07-10 08:27:22.958399'});
INSERT INTO "GALADM"."GTS_NODE_TBX" (TRACKING_AREA,NODE_ID,NODE_NAME,STATUS,NODE_TYPE,IS_VISIBLE,IS_USER_SETTABLE,X,Y,CREATE_TIMESTAMP,UPDATE_TIMESTAMP) VALUES ('P1TBS',187,'ENTRY-toH',0,0,1,0,3460,230,{ts '2018-05-10 12:07:58.483891'},{ts '2018-05-15 09:05:23.740462'});
INSERT INTO "GALADM"."GTS_NODE_TBX" (TRACKING_AREA,NODE_ID,NODE_NAME,STATUS,NODE_TYPE,IS_VISIBLE,IS_USER_SETTABLE,X,Y,CREATE_TIMESTAMP,UPDATE_TIMESTAMP) VALUES ('P1TBS',189,'',0,0,0,0,3460,280,{ts '2018-05-10 12:09:09.510542'},{ts '2018-05-15 09:05:30.401001'});
INSERT INTO "GALADM"."GTS_NODE_TBX" (TRACKING_AREA,NODE_ID,NODE_NAME,STATUS,NODE_TYPE,IS_VISIBLE,IS_USER_SETTABLE,X,Y,CREATE_TIMESTAMP,UPDATE_TIMESTAMP) VALUES ('P1TBS',191,'ENTRY-toJ',0,0,1,0,3590,240,{ts '2018-05-10 12:10:27.941413'},{ts '2018-05-15 09:05:09.309843'});
INSERT INTO "GALADM"."GTS_NODE_TBX" (TRACKING_AREA,NODE_ID,NODE_NAME,STATUS,NODE_TYPE,IS_VISIBLE,IS_USER_SETTABLE,X,Y,CREATE_TIMESTAMP,UPDATE_TIMESTAMP) VALUES ('P1TBS',193,null,0,0,0,0,3590,280,{ts '2018-05-10 12:15:26.083180'},{ts '2018-05-15 09:05:38.024977'});
INSERT INTO "GALADM"."GTS_NODE_TBX" (TRACKING_AREA,NODE_ID,NODE_NAME,STATUS,NODE_TYPE,IS_VISIBLE,IS_USER_SETTABLE,X,Y,CREATE_TIMESTAMP,UPDATE_TIMESTAMP) VALUES ('P1TBS',195,null,0,0,0,0,3470,1460,{ts '2018-05-10 12:18:28.840251'},{ts '2018-05-15 08:23:29.664612'});
INSERT INTO "GALADM"."GTS_NODE_TBX" (TRACKING_AREA,NODE_ID,NODE_NAME,STATUS,NODE_TYPE,IS_VISIBLE,IS_USER_SETTABLE,X,Y,CREATE_TIMESTAMP,UPDATE_TIMESTAMP) VALUES ('P1TBS',197,'',0,0,0,0,3590,1480,{ts '2018-05-10 12:21:34.920209'},{ts '2018-05-15 08:24:11.035682'});
INSERT INTO "GALADM"."GTS_NODE_TBX" (TRACKING_AREA,NODE_ID,NODE_NAME,STATUS,NODE_TYPE,IS_VISIBLE,IS_USER_SETTABLE,X,Y,CREATE_TIMESTAMP,UPDATE_TIMESTAMP) VALUES ('P1TBS',199,'EXIT-toH',0,0,1,0,3470,1520,{ts '2018-05-13 12:59:23.507682'},{ts '2018-05-15 08:28:23.468674'});
INSERT INTO "GALADM"."GTS_NODE_TBX" (TRACKING_AREA,NODE_ID,NODE_NAME,STATUS,NODE_TYPE,IS_VISIBLE,IS_USER_SETTABLE,X,Y,CREATE_TIMESTAMP,UPDATE_TIMESTAMP) VALUES ('P1TBS',201,null,0,0,0,0,3530,1640,{ts '2018-05-13 13:00:37.999844'},{ts '2018-05-15 08:26:24.295973'});
INSERT INTO "GALADM"."GTS_NODE_TBX" (TRACKING_AREA,NODE_ID,NODE_NAME,STATUS,NODE_TYPE,IS_VISIBLE,IS_USER_SETTABLE,X,Y,CREATE_TIMESTAMP,UPDATE_TIMESTAMP) VALUES ('P1TBS',203,'EXIT-toJ',0,0,1,0,3590,1530,{ts '2018-05-13 13:01:40.940969'},{ts '2018-05-15 08:24:19.885399'});
INSERT INTO "GALADM"."GTS_NODE_TBX" (TRACKING_AREA,NODE_ID,NODE_NAME,STATUS,NODE_TYPE,IS_VISIBLE,IS_USER_SETTABLE,X,Y,CREATE_TIMESTAMP,UPDATE_TIMESTAMP) VALUES ('P1TBS',207,'ENTRY-toK',0,0,1,0,3530,1660,{ts '2018-05-13 13:20:41.902625'},{ts '2018-05-31 10:01:42.888655'});
INSERT INTO "GALADM"."GTS_NODE_TBX" (TRACKING_AREA,NODE_ID,NODE_NAME,STATUS,NODE_TYPE,IS_VISIBLE,IS_USER_SETTABLE,X,Y,CREATE_TIMESTAMP,UPDATE_TIMESTAMP) VALUES ('P1TBS',208,null,0,0,0,0,1620,250,{ts '2018-05-15 09:49:58.967518'},{ts '2018-05-15 09:50:23.619116'});
INSERT INTO "GALADM"."GTS_NODE_TBX" (TRACKING_AREA,NODE_ID,NODE_NAME,STATUS,NODE_TYPE,IS_VISIBLE,IS_USER_SETTABLE,X,Y,CREATE_TIMESTAMP,UPDATE_TIMESTAMP) VALUES ('P1TBS',210,'ENTRY-toD',1,0,1,0,1750,190,{ts '2018-05-15 09:59:13.975685'},{ts '2019-04-10 10:25:08.487774'});
INSERT INTO "GALADM"."GTS_NODE_TBX" (TRACKING_AREA,NODE_ID,NODE_NAME,STATUS,NODE_TYPE,IS_VISIBLE,IS_USER_SETTABLE,X,Y,CREATE_TIMESTAMP,UPDATE_TIMESTAMP) VALUES ('P1TBS',212,null,0,0,0,0,3530,1750,{ts '2018-05-31 09:59:05.774885'},{ts '2018-05-31 10:00:23.978698'});
INSERT INTO "GALADM"."GTS_NODE_TBX" (TRACKING_AREA,NODE_ID,NODE_NAME,STATUS,NODE_TYPE,IS_VISIBLE,IS_USER_SETTABLE,X,Y,CREATE_TIMESTAMP,UPDATE_TIMESTAMP) VALUES ('P1TBS',213,null,0,0,0,0,1770,550,{ts '2018-05-31 10:29:41.644166'},{ts '2018-05-31 10:29:56.961750'});
INSERT INTO "GALADM"."GTS_NODE_TBX" (TRACKING_AREA,NODE_ID,NODE_NAME,STATUS,NODE_TYPE,IS_VISIBLE,IS_USER_SETTABLE,X,Y,CREATE_TIMESTAMP,UPDATE_TIMESTAMP) VALUES ('P1TBS',214,'',0,0,0,0,1290,1580,{ts '2018-07-09 14:36:26.850437'},{ts '2019-04-08 12:37:11.909519'});
INSERT INTO "GALADM"."GTS_NODE_TBX" (TRACKING_AREA,NODE_ID,NODE_NAME,STATUS,NODE_TYPE,IS_VISIBLE,IS_USER_SETTABLE,X,Y,CREATE_TIMESTAMP,UPDATE_TIMESTAMP) VALUES ('P1TBS',215,null,0,0,0,0,290,1490,{ts '2019-04-08 12:12:35.071091'},{ts '2019-04-08 12:18:09.758281'});
INSERT INTO "GALADM"."GTS_NODE_TBX" (TRACKING_AREA,NODE_ID,NODE_NAME,STATUS,NODE_TYPE,IS_VISIBLE,IS_USER_SETTABLE,X,Y,CREATE_TIMESTAMP,UPDATE_TIMESTAMP) VALUES ('P1TBS',216,'EXIT-tsR',0,0,1,0,240,1490,{ts '2019-04-08 12:12:35.095574'},{ts '2019-04-08 12:26:34.877596'});
INSERT INTO "GALADM"."GTS_NODE_TBX" (TRACKING_AREA,NODE_ID,NODE_NAME,STATUS,NODE_TYPE,IS_VISIBLE,IS_USER_SETTABLE,X,Y,CREATE_TIMESTAMP,UPDATE_TIMESTAMP) VALUES ('P1TBS',217,null,0,0,0,0,1010,1490,{ts '2019-04-08 12:20:31.733363'},{ts '2019-04-08 12:44:26.154165'});
INSERT INTO "GALADM"."GTS_NODE_TBX" (TRACKING_AREA,NODE_ID,NODE_NAME,STATUS,NODE_TYPE,IS_VISIBLE,IS_USER_SETTABLE,X,Y,CREATE_TIMESTAMP,UPDATE_TIMESTAMP) VALUES ('P1TBS',218,null,0,0,0,0,270,1490,{ts '2019-04-08 12:20:31.751822'},{ts '2019-04-08 12:44:26.154239'});
INSERT INTO "GALADM"."GTS_NODE_TBX" (TRACKING_AREA,NODE_ID,NODE_NAME,STATUS,NODE_TYPE,IS_VISIBLE,IS_USER_SETTABLE,X,Y,CREATE_TIMESTAMP,UPDATE_TIMESTAMP) VALUES ('P1TBS',219,'ENTRY-tsR',0,0,1,0,1060,1490,{ts '2019-04-08 12:22:20.057766'},{ts '2019-04-08 12:39:23.761707'});
INSERT INTO "GALADM"."GTS_NODE_TBX" (TRACKING_AREA,NODE_ID,NODE_NAME,STATUS,NODE_TYPE,IS_VISIBLE,IS_USER_SETTABLE,X,Y,CREATE_TIMESTAMP,UPDATE_TIMESTAMP) VALUES ('P1TBS',220,null,0,0,0,0,270,1580,{ts '2019-04-08 12:28:21.445348'},{ts '2019-04-08 12:40:52.191395'});
INSERT INTO "GALADM"."GTS_NODE_TBX" (TRACKING_AREA,NODE_ID,NODE_NAME,STATUS,NODE_TYPE,IS_VISIBLE,IS_USER_SETTABLE,X,Y,CREATE_TIMESTAMP,UPDATE_TIMESTAMP) VALUES ('P1TBS',221,'EXIT-tsS',0,0,1,0,240,1580,{ts '2019-04-08 12:28:21.455832'},{ts '2019-04-08 12:33:24.097554'});
INSERT INTO "GALADM"."GTS_NODE_TBX" (TRACKING_AREA,NODE_ID,NODE_NAME,STATUS,NODE_TYPE,IS_VISIBLE,IS_USER_SETTABLE,X,Y,CREATE_TIMESTAMP,UPDATE_TIMESTAMP) VALUES ('P1TBS',222,null,0,0,0,0,1010,1580,{ts '2019-04-08 12:28:55.798739'},{ts '2019-04-08 12:40:52.191458'});
INSERT INTO "GALADM"."GTS_NODE_TBX" (TRACKING_AREA,NODE_ID,NODE_NAME,STATUS,NODE_TYPE,IS_VISIBLE,IS_USER_SETTABLE,X,Y,CREATE_TIMESTAMP,UPDATE_TIMESTAMP) VALUES ('P1TBS',223,'ENTRY-tsS',0,0,1,0,1040,1580,{ts '2019-04-08 12:29:44.083775'},{ts '2019-04-08 12:40:58.228448'});

INSERT INTO "GALADM"."GAL489TBX" (COMPONENT_ID,PROPERTY_KEY,PROPERTY_VALUE,DESCRIPTION,CHANGE_USER_ID,CREATE_TIMESTAMP,UPDATE_TIMESTAMP) VALUES ('1PA1T5551','EMPTY_CARRIER','0000','','IS08925',{ts '2018-09-02 08:26:43.164201'},null);
INSERT INTO "GALADM"."GAL489TBX" (COMPONENT_ID,PROPERTY_KEY,PROPERTY_VALUE,DESCRIPTION,CHANGE_USER_ID,CREATE_TIMESTAMP,UPDATE_TIMESTAMP) VALUES ('1PA1T5551','ENABLE_CLIENT_MONITOR','FALSE','','IS08925',{ts '2018-10-15 07:23:32.118209'},null);
INSERT INTO "GALADM"."GAL489TBX" (COMPONENT_ID,PROPERTY_KEY,PROPERTY_VALUE,DESCRIPTION,CHANGE_USER_ID,CREATE_TIMESTAMP,UPDATE_TIMESTAMP) VALUES ('1PA1T5551','CARRIER_AREA','PA_CARRIER','','GALCAdmin1',{ts '2018-12-05 13:06:54.047429'},null);
INSERT INTO "GALADM"."GAL489TBX" (COMPONENT_ID,PROPERTY_KEY,PROPERTY_VALUE,DESCRIPTION,CHANGE_USER_ID,CREATE_TIMESTAMP,UPDATE_TIMESTAMP) VALUES ('1PA1T5551','CARRIER_FONT_SIZE','16','','IS08054',{ts '2018-08-03 13:33:51.751913'},null);
INSERT INTO "GALADM"."GAL489TBX" (COMPONENT_ID,PROPERTY_KEY,PROPERTY_VALUE,DESCRIPTION,CHANGE_USER_ID,CREATE_TIMESTAMP,UPDATE_TIMESTAMP) VALUES ('1PA1T5551','IMAGE_HEIGHT','35','','IS08054',{ts '2018-08-03 13:34:08.335613'},null);
INSERT INTO "GALADM"."GAL489TBX" (COMPONENT_ID,PROPERTY_KEY,PROPERTY_VALUE,DESCRIPTION,CHANGE_USER_ID,CREATE_TIMESTAMP,UPDATE_TIMESTAMP) VALUES ('1PA1T5551','IMAGE_WIDTH','100','','IS08054',{ts '2018-08-03 13:34:23.103617'},null);
INSERT INTO "GALADM"."GAL489TBX" (COMPONENT_ID,PROPERTY_KEY,PROPERTY_VALUE,DESCRIPTION,CHANGE_USER_ID,CREATE_TIMESTAMP,UPDATE_TIMESTAMP) VALUES ('1PA1T5551','LABEL_HEIGHT','22','','IS08054',{ts '2018-08-03 13:34:34.695100'},null);
INSERT INTO "GALADM"."GAL489TBX" (COMPONENT_ID,PROPERTY_KEY,PROPERTY_VALUE,DESCRIPTION,CHANGE_USER_ID,CREATE_TIMESTAMP,UPDATE_TIMESTAMP) VALUES ('1PA1T5551','LABEL_WIDTH','100','','IS08054',{ts '2018-08-03 13:34:45.600267'},null);
INSERT INTO "GALADM"."GAL489TBX" (COMPONENT_ID,PROPERTY_KEY,PROPERTY_VALUE,DESCRIPTION,CHANGE_USER_ID,CREATE_TIMESTAMP,UPDATE_TIMESTAMP) VALUES ('1PA1T5551','OPTIONAL_USER_ACTIONS','SEARCH,REFRESH_INDICATORS','','IS08925',{ts '2018-08-03 13:35:28.268699'},{ts '2018-11-13 08:44:56.772968'});
INSERT INTO "GALADM"."GAL489TBX" (COMPONENT_ID,PROPERTY_KEY,PROPERTY_VALUE,DESCRIPTION,CHANGE_USER_ID,CREATE_TIMESTAMP,UPDATE_TIMESTAMP) VALUES ('1PA1T5551','PANEL_CLASS_NAME',' com.honda.galc.client.gts.view.GtsTrackingViewPanel','','IS08054',{ts '2018-08-03 13:35:51.345202'},null);
INSERT INTO "GALADM"."GAL489TBX" (COMPONENT_ID,PROPERTY_KEY,PROPERTY_VALUE,DESCRIPTION,CHANGE_USER_ID,CREATE_TIMESTAMP,UPDATE_TIMESTAMP) VALUES ('1PA1T5551','TRACKING CONTROL SECURITY GROUP NAME',' com.honda.galc.client.gts.view.GtsTrackingViewPanel','AM_HCM_GG_QA0_OM_SU,AM_HCM_GG_QA0_IS_WE','IS08054',{ts '2018-08-03 13:36:51.709991'},null);
INSERT INTO "GALADM"."GAL489TBX" (COMPONENT_ID,PROPERTY_KEY,PROPERTY_VALUE,DESCRIPTION,CHANGE_USER_ID,CREATE_TIMESTAMP,UPDATE_TIMESTAMP) VALUES ('1PA1T5551','TRACKING_AREA','P1PBS','','IS08054',{ts '2018-08-03 13:37:15.129316'},null);
INSERT INTO "GALADM"."GAL489TBX" (COMPONENT_ID,PROPERTY_KEY,PROPERTY_VALUE,DESCRIPTION,CHANGE_USER_ID,CREATE_TIMESTAMP,UPDATE_TIMESTAMP) VALUES ('1PA1T5551','UNSOLICITED_DATA_LIST','P1TBS.UNSOLICITED_DATA','','IS08054',{ts '2018-08-03 13:37:48.987457'},null);
INSERT INTO "GALADM"."GAL489TBX" (COMPONENT_ID,PROPERTY_KEY,PROPERTY_VALUE,DESCRIPTION,CHANGE_USER_ID,CREATE_TIMESTAMP,UPDATE_TIMESTAMP) VALUES ('System_Info','PRODUCT_TYPE','FRAME','','GALCAdmin1',{ts '2017-07-13 15:10:07.477593'},null);
INSERT INTO "GALADM"."GAL489TBX" (COMPONENT_ID,PROPERTY_KEY,PROPERTY_VALUE,DESCRIPTION,CHANGE_USER_ID,CREATE_TIMESTAMP,UPDATE_TIMESTAMP) VALUES ('1PA1T5551','PAINT_ON_PPID','1PA1T1001','','IS08925',{ts '2019-04-09 15:25:18.121528'},{ts '2019-04-09 15:25:39.221109'});


