ID,carrierNumber,tagID,dieNumber,quantity,updateDate,currentLocation,destination,status,originationLocation,buffer,productionRunNumber,productionRunTimestamp,source
1,1,0,999,0,2011-12-02 16:05:58.584,2012,2003,0,10900,0,999,2011-11-22 20:22:37.225,NOT_SET
3,3,0,66,7,2011-12-02 23:12:50.181,15400,10100,0,506,1,20111223,2011-12-02 20:51:52.600,NOT_SET
4,4,0,67,12,2011-12-02 23:01:22.332,1230,1230,0,502,0,20111224,2011-12-02 23:01:22.332,NOT_SET
5,5,0,66,12,2011-12-02 19:54:55.487,1232,1232,0,502,0,20111223,2011-12-02 19:54:55.487,NOT_SET
7,7,0,999,0,2011-12-02 11:27:42.816,1217,1217,0,2003,0,999,2011-12-02 11:27:42.816,NOT_SET
9,9,0,999,0,2011-11-01 10:06:45.447,2017,2003,3,0,0,999,1970-01-22 07:00:00.000,NOT_SET
10,10,0,999,0,2011-12-02 18:33:35.219,13400,2003,0,1800,0,999,2011-12-02 18:29:12.501,NOT_SET
11,11,0,999,0,2011-12-02 10:17:51.500,1205,1205,0,2003,0,999,2011-12-02 10:17:51.500,NOT_SET
12,12,0,96,11,2011-12-02 15:16:45.117,1229,1229,0,506,0,201111286,2011-12-02 15:16:45.117,NOT_SET
15,15,0,66,12,2011-12-02 20:05:01.328,1232,1232,0,506,0,20111223,2011-12-02 20:05:01.328,NOT_SET
17,17,0,999,0,2011-12-02 00:03:38.948,1226,1226,0,10900,0,999,2011-12-02 00:03:38.948,NOT_SET
18,18,0,7,13,2011-11-21 16:12:41.465,1225,1225,0,506,0,201111214,2011-11-21 16:12:41.465,NOT_SET
19,19,0,2,13,2011-11-29 16:30:41.996,1208,1208,0,502,0,201111294,2011-11-29 16:30:41.996,NOT_SET
20,20,0,66,12,2011-12-02 13:13:58.504,1200,500,0,506,1,20111213,2011-12-01 02:12:59.350,NOT_SET
21,21,0,67,12,2011-12-02 21:55:33.725,1230,1230,0,506,0,20111224,2011-12-02 21:55:33.725,NOT_SET
22,22,0,999,0,2011-11-30 23:17:36.779,5200,5200,0,2003,0,999,2011-11-30 22:59:15.376,NOT_SET
23,23,0,999,0,2011-12-02 11:01:21.633,1217,1217,0,2003,0,999,2011-12-02 11:01:21.633,NOT_SET
24,24,0,999,0,2011-12-01 21:47:34.979,13400,2003,0,10900,0,999,2011-12-01 21:43:17.529,NOT_SET
25,25,0,67,12,2011-12-02 18:19:51.545,2500,500,0,502,0,20111215,2011-12-01 18:02:49.578,NOT_SET
26,26,0,72,12,2011-12-02 23:15:58.582,1223,1223,0,506,0,20111224,2011-12-02 23:15:58.582,NOT_SET
27,27,0,66,12,2011-12-02 16:32:27.709,1231,1231,0,506,0,20111223,2011-12-02 16:32:27.709,NOT_SET
28,28,0,67,12,2011-12-02 23:03:11.680,1230,1230,0,506,0,20111224,2011-12-02 23:03:11.680,NOT_SET
29,29,0,66,12,2011-12-02 13:13:57.793,1200,500,0,502,0,20111213,2011-12-01 02:14:56.048,NOT_SET
30,30,0,67,11,2011-12-02 23:28:22.432,15500,10100,0,506,1,20111224,2011-12-02 21:49:00.920,NOT_SET
32,32,0,999,0,2011-12-01 18:13:52.822,5200,5200,0,2003,0,999,2011-12-01 16:10:53.601,NOT_SET
33,33,0,67,12,2011-12-02 22:37:50.152,1230,1230,0,506,0,20111224,2011-12-02 22:37:50.152,NOT_SET
34,34,0,66,12,2011-12-02 20:19:43.186,1232,1232,0,502,0,20111223,2011-12-02 20:19:43.186,NOT_SET
35,35,0,66,12,2011-12-02 23:13:36.879,15600,10100,0,502,0,20111223,2011-12-02 17:56:22.589,NOT_SET
36,36,0,72,12,2011-12-02 21:47:23.410,1223,1223,0,502,0,20111224,2011-12-02 21:47:23.410,NOT_SET
37,37,0,999,0,2011-12-02 09:52:22.581,1205,1205,0,2003,0,999,2011-12-02 09:52:22.581,NOT_SET
38,38,0,2,13,2011-12-01 13:57:19.407,1224,1224,0,502,0,201111172,2011-12-01 13:57:19.407,NOT_SET
39,39,0,999,0,2011-12-01 00:15:11.247,1221,1221,0,2003,0,999,2011-12-01 00:15:11.247,NOT_SET
40,40,0,72,12,2011-12-01 19:28:58.581,1223,1223,0,506,0,20111215,2011-12-01 19:28:58.581,NOT_SET
41,41,0,96,11,2011-11-28 17:23:29.103,1229,1229,0,502,0,201111286,2011-11-28 17:23:29.103,NOT_SET
42,42,0,999,0,2011-11-30 22:55:35.780,5200,5200,0,2003,0,999,2011-11-30 22:36:59.304,NOT_SET
43,43,0,999,0,2011-12-02 07:36:46.342,1206,1206,0,2003,0,999,2011-12-02 07:36:46.342,NOT_SET
44,44,0,999,0,2011-12-02 09:05:21.835,1213,1213,0,2003,0,999,2011-12-02 09:05:21.835,NOT_SET
45,45,0,8,13,2011-12-01 11:40:32.266,1222,1222,0,502,0,201111301,2011-12-01 11:40:32.266,NOT_SET
46,46,0,999,0,2011-12-02 15:35:05.720,1204,1204,0,502,0,20111215,2011-12-02 15:35:05.720,NOT_SET
47,47,0,999,0,2011-12-01 09:50:12.677,2008,2003,0,1800,0,999,2011-11-22 20:29:53.642,NOT_SET
48,48,0,97,11,2011-11-30 14:30:09.232,706,700,0,502,0,201111223,2011-11-22 14:37:19.204,NOT_SET
50,50,0,66,12,2011-12-02 17:05:36.088,1231,1231,0,506,0,20111223,2011-12-02 17:05:36.088,NOT_SET
51,51,0,66,12,2011-12-02 23:30:33.230,14600,10100,0,502,1,20111223,2011-12-02 18:44:47.065,NOT_SET
52,52,0,999,0,2011-12-02 09:16:54.952,1213,1213,0,506,0,20111221,2011-12-02 09:16:54.952,NOT_SET
53,53,0,8,13,2011-11-30 08:47:00.828,1216,1216,0,502,0,201111301,2011-11-30 08:47:00.828,NOT_SET
56,56,0,8,13,2011-12-02 12:10:06.895,1222,1222,0,506,0,201111301,2011-12-02 12:10:06.895,NOT_SET
58,58,0,67,12,2011-11-30 14:53:08.486,702,700,0,405,0,0,2011-11-30 12:59:45.083,NOT_SET
59,59,0,999,0,2011-12-02 15:57:52.855,502,403,0,1800,0,999,2011-12-01 18:27:02.477,NOT_SET
60,60,0,67,12,2011-12-02 23:22:09.025,15900,10100,0,502,1,20111215,2011-12-01 17:19:34.937,NOT_SET
61,61,0,999,0,2011-12-01 21:27:17.008,13400,2003,0,3700,0,999,2011-12-01 21:22:39.268,NOT_SET
62,62,0,2,13,2011-12-01 21:55:05.176,1224,1224,0,502,1,201111294,2011-12-01 13:09:28.869,NOT_SET
63,63,0,96,11,2011-11-28 17:39:06.821,1229,1229,0,502,0,201111286,2011-11-28 17:39:06.821,NOT_SET
65,65,0,8,9,2011-12-01 11:11:14.668,1222,1222,0,502,0,201111301,2011-12-01 11:11:14.668,NOT_SET
67,67,0,999,0,2011-12-01 20:36:47.822,13400,2003,0,11900,0,999,2011-12-01 20:32:59.123,NOT_SET
68,68,0,999,0,2011-12-02 11:28:55.521,1217,1217,0,2003,0,999,2011-12-02 11:28:55.521,NOT_SET
69,69,0,999,0,2011-12-02 07:41:07.547,1206,1206,0,10900,0,999,2011-12-02 07:41:07.547,NOT_SET
70,70,0,999,0,2011-12-02 08:23:53.387,1211,1211,0,2003,1,999,2011-12-02 08:22:53.090,NOT_SET
71,71,0,66,12,2011-12-02 20:06:14.353,1232,1232,0,502,0,20111223,2011-12-02 20:06:14.353,NOT_SET
72,72,0,999,0,2011-12-02 08:03:36.217,1210,1210,0,2003,0,999,2011-12-02 08:03:36.217,NOT_SET
73,73,0,2,13,2011-11-29 15:02:08.485,1218,1218,0,506,0,201111294,2011-11-29 15:02:08.485,NOT_SET
74,74,0,96,11,2011-12-01 10:10:19.453,1227,1227,0,502,0,201111286,2011-12-01 10:10:19.453,NOT_SET
75,75,0,8,13,2011-11-30 08:40:51.727,1216,1216,0,502,0,201111301,2011-11-30 08:40:51.727,NOT_SET
76,76,0,999,0,2011-12-02 12:39:42.588,1207,1207,0,2003,0,999,2011-12-02 12:39:42.588,NOT_SET
77,77,0,999,0,2011-12-02 12:15:40.805,1215,1215,0,2003,0,999,2011-12-02 12:15:40.805,NOT_SET
78,78,0,999,0,2011-12-02 16:06:40.404,2006,2003,0,10900,1,999,2011-12-01 08:50:46.179,NOT_SET
79,79,0,999,0,2011-11-30 22:08:51.538,5200,5200,0,2003,0,999,2011-11-30 19:55:17.334,NOT_SET
81,81,0,96,11,2011-11-28 17:09:10.228,1229,1229,0,506,0,201111286,2011-11-28 17:09:10.228,NOT_SET
82,82,0,2,13,2011-12-01 13:48:32.099,1224,1224,0,502,0,201111172,2011-12-01 13:48:32.099,NOT_SET
83,83,0,2,13,2011-12-01 13:12:38.472,1224,1224,0,502,0,201111294,2011-12-01 13:12:38.472,NOT_SET
85,85,0,999,0,2011-12-02 00:39:44.452,1226,1226,0,2003,0,999,2011-12-02 00:39:44.452,NOT_SET
86,86,0,66,12,2011-12-02 20:00:59.640,1232,1232,0,506,0,20111223,2011-12-02 20:00:59.640,NOT_SET
90,90,0,66,12,2011-12-02 19:26:55.010,1233,1233,0,506,0,20111223,2011-12-02 19:26:55.010,NOT_SET
91,91,0,72,12,2011-12-02 21:43:38.186,1223,1223,0,506,0,20111224,2011-12-02 21:43:38.186,NOT_SET
92,92,0,1,1,2011-11-17 07:04:03.977,1500,3700,0,3700,0,201110187,2011-11-09 10:32:40.724,NOT_SET
93,93,0,67,12,2011-12-02 21:58:57.718,1230,1230,0,502,0,20111224,2011-12-02 21:58:57.718,NOT_SET
94,94,0,999,0,2011-12-02 07:35:41.138,1206,1206,0,2003,0,999,2011-12-02 07:35:41.138,NOT_SET
95,95,0,999,0,2011-12-02 08:07:42.331,13400,2003,0,3700,0,999,2011-12-02 07:38:39.645,NOT_SET
96,96,0,66,12,2011-12-02 20:08:47.553,1232,1232,0,502,0,20111223,2011-12-02 20:08:47.553,NOT_SET
97,97,0,999,0,2011-12-02 07:15:24.659,1206,1206,0,2003,0,999,2011-12-02 07:15:24.659,NOT_SET
98,98,0,72,12,2011-12-02 21:50:50.407,1223,1223,0,506,0,20111224,2011-12-02 21:50:50.407,NOT_SET
99,99,0,8,13,2011-12-02 12:08:25.058,1222,1222,0,502,0,201111301,2011-12-02 12:08:25.058,NOT_SET
100,100,0,8,13,2011-11-30 08:25:31.624,1216,1216,0,502,0,201111301,2011-11-30 08:25:31.624,NOT_SET
101,101,0,7,13,2011-11-21 16:21:11.578,1225,1225,0,506,0,201111214,2011-11-21 16:21:11.578,NOT_SET
102,102,0,999,0,2011-12-02 16:06:41.996,2007,403,0,3700,1,999,2011-12-01 08:46:04.834,NOT_SET
103,103,0,96,11,2011-11-28 17:20:04.889,1229,1229,0,502,0,201111286,2011-11-28 17:20:04.889,NOT_SET
104,104,0,67,12,2011-12-02 22:38:41.165,1230,1230,0,502,0,20111224,2011-12-02 22:38:41.165,NOT_SET
108,108,0,999,0,2011-12-02 16:06:01.388,2011,2003,0,3700,1,999,2011-11-22 20:30:55.241,NOT_SET
109,109,0,66,12,2011-12-02 16:20:19.932,1231,1231,0,502,0,20111223,2011-12-02 16:20:19.932,NOT_SET
110,110,0,999,0,2011-12-02 08:09:06.732,1210,1210,0,2003,0,999,2011-12-02 08:09:06.732,NOT_SET
111,111,0,999,0,2011-12-02 18:20:49.999,13400,2003,0,11900,0,999,2011-12-02 18:16:38.347,NOT_SET
112,112,0,8,13,2011-12-01 12:22:21.995,1222,1222,0,506,0,201111301,2011-12-01 12:22:21.995,NOT_SET
113,113,0,97,11,2011-11-22 14:32:45.200,1209,1209,0,506,0,201111223,2011-11-22 14:32:45.200,NOT_SET
114,114,0,96,11,2011-11-28 17:10:43.231,1229,1229,0,502,0,201111286,2011-11-28 17:10:43.231,NOT_SET
115,115,0,72,12,2011-12-02 21:45:05.381,1223,1223,0,502,0,20111224,2011-12-02 21:45:05.381,NOT_SET
116,116,0,999,0,2011-12-02 06:44:59.725,1226,1226,0,2003,0,999,2011-12-02 06:44:59.725,NOT_SET
117,117,0,999,0,2011-11-30 22:29:47.373,5200,5200,0,2003,0,999,2011-11-30 22:06:41.911,NOT_SET
118,118,0,96,11,2011-11-28 16:46:46.936,1229,1229,0,502,0,201111286,2011-11-28 16:46:46.936,NOT_SET
119,119,0,999,0,2011-12-02 11:35:15.147,1215,1215,0,2003,0,999,2011-12-02 11:35:15.147,NOT_SET
120,120,0,67,12,2011-12-02 22:33:19.563,1230,1230,0,502,0,20111224,2011-12-02 22:33:19.563,NOT_SET
121,121,0,66,12,2011-12-02 20:02:49.037,1232,1232,0,506,0,20111223,2011-12-02 20:02:49.037,NOT_SET
122,122,0,66,12,2011-12-02 16:34:24.307,1231,1231,0,506,0,20111223,2011-12-02 16:34:24.307,NOT_SET
123,123,0,66,12,2011-12-02 21:02:41.443,1100,500,0,502,1,20111223,2011-12-02 17:19:18.471,NOT_SET
124,124,0,999,0,2011-12-02 11:05:51.281,1217,1217,0,2003,0,999,2011-12-02 11:05:51.281,NOT_SET
126,126,0,999,0,2011-12-02 12:11:05.779,1215,1215,0,2003,0,999,2011-12-02 12:11:05.779,NOT_SET
127,127,0,999,0,2011-12-02 12:50:11.833,1214,1214,0,1800,1,999,2011-12-02 12:49:11.636,NOT_SET
128,128,0,999,0,2011-12-02 16:06:42.697,2004,2003,0,3700,0,999,2011-12-02 13:45:59.907,NOT_SET
129,129,0,999,0,2011-11-30 23:02:54.691,5200,5200,0,2003,0,999,2011-11-30 22:56:03.279,NOT_SET
130,130,0,999,0,2011-12-02 07:14:19.365,1206,1206,0,2003,0,999,2011-12-02 07:14:19.365,NOT_SET
131,131,0,999,0,2011-12-02 09:43:50.375,1213,1213,0,2003,0,999,2011-12-02 09:43:50.375,NOT_SET
132,132,0,999,1,2011-12-01 18:17:26.940,5200,5200,0,506,0,20111215,2011-12-01 15:27:18.230,NOT_SET
133,133,0,999,0,2011-12-02 09:50:07.277,1205,1205,0,2003,1,999,2011-12-02 09:49:06.579,NOT_SET
134,134,0,999,0,2011-12-02 00:02:33.434,1226,1226,0,2003,0,999,2011-12-02 00:02:33.434,NOT_SET
135,135,0,999,0,2011-12-02 06:45:50.968,1204,1204,0,2003,0,999,2011-12-02 06:45:50.968,NOT_SET
137,137,0,999,0,2011-12-02 06:43:43.435,1204,1204,0,2003,0,999,2011-12-02 06:43:43.435,NOT_SET
138,138,0,8,13,2011-12-02 11:56:47.936,1212,1212,0,502,1,201111301,2011-11-30 07:51:13.835,NOT_SET
139,139,0,2,13,2011-12-02 09:41:37.774,1218,1218,0,502,1,201111294,2011-11-29 14:54:16.296,NOT_SET
140,140,0,67,12,2011-12-02 23:21:52.822,10100,10100,0,502,1,20111215,2011-12-01 17:07:58.075,NOT_SET
141,141,0,999,0,2011-12-02 22:58:09.225,402,403,0,11900,0,999,2011-12-02 21:38:35.671,NOT_SET
144,144,0,96,11,2011-12-01 10:12:05.064,1227,1227,0,506,0,201111286,2011-12-01 10:12:05.064,NOT_SET
145,145,0,72,12,2011-12-02 21:24:38.817,1223,1223,0,502,0,20111224,2011-12-02 21:24:38.817,NOT_SET
146,146,0,66,12,2011-12-02 20:14:19.090,1232,1232,0,506,0,20111223,2011-12-02 20:14:19.090,NOT_SET
147,147,0,7,13,2011-11-21 16:18:06.282,1225,1225,0,502,0,201111214,2011-11-21 16:18:06.282,NOT_SET
148,148,0,2,13,2011-11-29 16:23:54.179,1208,1208,0,506,0,201111294,2011-11-29 16:23:54.179,NOT_SET
149,149,0,7,13,2011-11-21 15:58:48.617,1225,1225,0,502,0,20111192,2011-11-21 15:58:48.617,NOT_SET
150,150,0,999,0,2011-12-02 23:49:51.926,13500,2003,0,11900,0,999,2011-12-02 23:46:03.828,NOT_SET
151,151,0,999,0,2011-12-02 08:12:23.235,1210,1210,0,2003,0,999,2011-12-02 08:12:23.235,NOT_SET
152,152,0,999,0,2011-11-30 23:19:25.776,5200,5200,0,2003,0,999,2011-11-30 23:04:06.434,NOT_SET
153,153,0,8,13,2011-11-30 08:22:29.322,1216,1216,0,506,0,201111301,2011-11-30 08:22:29.322,NOT_SET
154,154,0,999,0,2011-11-30 23:05:50.824,5200,5200,0,2003,0,999,2011-11-30 22:44:31.214,NOT_SET
155,155,0,7,13,2011-11-23 08:24:31.948,1225,1225,0,506,1,201111214,2011-11-21 10:41:08.480,NOT_SET
156,156,0,999,0,2011-11-30 23:18:57.776,1221,1221,0,3700,0,999,2011-11-30 23:18:57.776,NOT_SET
157,157,0,999,0,2011-11-30 22:32:54.182,5200,5200,0,2003,0,999,2011-11-30 22:09:46.997,NOT_SET
158,158,0,999,0,2011-12-02 01:20:50.228,1226,1226,0,2003,0,999,2011-12-02 01:20:50.228,NOT_SET
159,159,0,96,11,2011-11-30 14:28:32.724,706,700,0,506,0,688,2011-11-28 12:00:00.0,NOT_SET
160,160,0,72,12,2011-12-02 23:05:03.480,1223,1223,0,405,0,0,2011-12-02 23:05:03.480,NOT_SET
161,161,0,999,0,2011-12-02 09:49:17.976,1213,1213,0,2003,0,999,2011-12-02 09:49:17.976,NOT_SET
162,162,0,66,12,2011-12-02 16:35:07.999,1231,1231,0,502,0,20111223,2011-12-02 16:35:07.999,NOT_SET
165,165,0,999,0,2011-12-02 21:48:41.011,1201,1201,0,502,1,20111224,2011-12-02 21:47:35.427,NOT_SET
167,167,0,999,0,2011-12-02 18:12:46.243,13400,2003,0,2003,0,999,2011-12-02 18:08:52.447,NOT_SET
168,168,0,66,12,2011-12-02 17:12:47.048,1231,1231,0,506,0,20111223,2011-12-02 17:12:47.048,NOT_SET
170,170,0,8,13,2011-11-30 08:31:29.639,1216,1216,0,506,0,201111301,2011-11-30 08:31:29.639,NOT_SET
171,171,0,67,0,2011-11-28 12:18:11.002,1500,3700,0,3700,0,999,2011-11-28 11:47:23.225,NOT_SET
173,173,0,66,12,2011-12-02 17:12:10.545,1231,1231,0,502,0,20111223,2011-12-02 17:12:10.545,NOT_SET
175,175,0,999,0,2011-12-02 08:04:41.621,1210,1210,0,2003,0,999,2011-12-02 08:04:41.621,NOT_SET
178,178,0,999,0,2011-12-02 08:03:55.925,13400,2003,0,10900,0,999,2011-12-02 07:34:16.446,NOT_SET
179,179,0,66,11,2011-12-02 17:43:03.249,1231,1231,0,506,0,20111223,2011-12-02 17:43:03.249,NOT_SET
180,180,0,999,0,2011-12-02 09:05:16.347,1213,1213,0,2003,1,999,2011-12-02 09:04:16.231,NOT_SET
181,181,0,66,12,2011-12-02 17:47:48.359,1231,1231,0,506,0,20111223,2011-12-02 17:47:48.359,NOT_SET
182,182,0,66,12,2011-12-02 16:08:34.007,1231,1231,0,502,0,20111223,2011-12-02 16:08:34.007,NOT_SET
183,183,0,66,12,2011-12-02 17:44:38.056,1231,1231,0,502,0,20111223,2011-12-02 17:44:38.056,NOT_SET
185,185,0,999,0,2011-12-02 08:58:27.019,1211,1211,0,2003,0,999,2011-12-02 08:58:27.019,NOT_SET
186,186,0,67,12,2011-12-02 20:14:30.686,2500,500,0,502,0,20111215,2011-12-01 18:05:00.086,NOT_SET
187,187,0,66,12,2011-12-02 23:30:07.473,14600,10100,0,506,0,20111223,2011-12-02 18:45:38.058,NOT_SET
188,188,0,66,12,2011-12-02 20:21:31.592,1232,1232,0,506,0,20111223,2011-12-02 20:21:31.592,NOT_SET
189,189,0,66,12,2011-12-02 13:14:55.707,1200,500,0,502,0,20111213,2011-12-01 02:16:52.996,NOT_SET
190,190,0,999,0,2011-12-01 21:24:50.878,13400,2003,0,10900,0,999,2011-12-01 21:20:35.370,NOT_SET
192,192,0,999,0,2011-12-02 13:14:55.797,1214,1214,0,2003,0,999,2011-12-02 13:14:55.797,NOT_SET
193,193,0,66,12,2011-12-02 23:22:37.125,15300,10100,0,506,1,20111223,2011-12-02 18:00:55.731,NOT_SET
194,194,0,8,13,2011-11-30 08:23:27.516,1216,1216,0,502,0,201111301,2011-11-30 08:23:27.516,NOT_SET
195,195,0,999,0,2011-12-02 23:35:38.679,13500,2003,0,11900,0,999,2011-12-02 23:31:50.181,NOT_SET
197,197,0,999,0,2011-12-01 00:11:21.566,1221,1221,0,2003,0,999,2011-12-01 00:11:21.566,NOT_SET
198,198,0,999,0,2011-12-02 11:34:09.452,1215,1215,0,2003,0,999,2011-12-02 11:34:09.452,NOT_SET
199,199,0,999,0,2011-11-30 22:14:03.957,5200,5200,0,2003,0,999,2011-11-30 20:03:12.177,NOT_SET
202,202,0,66,12,2011-12-02 17:16:44.038,1231,1231,0,502,0,20111223,2011-12-02 17:16:44.038,NOT_SET
203,203,0,7,13,2011-11-21 16:14:08.980,1225,1225,0,502,0,201111214,2011-11-21 16:14:08.980,NOT_SET
206,206,0,999,0,2011-12-01 21:26:03.873,13400,2003,0,1800,0,999,2011-12-01 21:21:16.870,NOT_SET
207,207,0,999,0,2011-11-30 22:11:30.136,5200,5200,0,2003,0,999,2011-11-30 20:01:37.380,NOT_SET
208,208,0,999,0,2011-12-02 10:15:33.681,1205,1205,0,2003,0,999,2011-12-02 10:15:33.681,NOT_SET
209,209,0,999,0,2011-12-03 00:47:43.708,13600,2003,0,11900,1,999,2011-12-02 23:08:42.876,NOT_SET
210,210,0,999,0,2011-12-03 00:47:24.611,403,403,0,2003,0,999,2011-12-02 21:34:46.932,NOT_SET
211,211,0,999,0,2011-12-01 20:38:00.827,13400,2003,0,3700,0,999,2011-12-01 20:33:38.920,NOT_SET
212,212,0,999,0,2011-11-30 23:35:40.528,5200,5200,0,2003,0,999,2011-11-30 23:08:51.324,NOT_SET
213,213,0,8,13,2011-11-30 08:44:49.930,1216,1216,0,502,0,201111301,2011-11-30 08:44:49.930,NOT_SET
214,214,0,7,13,2011-11-21 16:19:37.483,1225,1225,0,502,0,201111214,2011-11-21 16:19:37.483,NOT_SET
215,215,0,999,0,2011-11-30 22:39:06.007,5200,5200,0,2003,0,999,2011-11-30 22:20:34.278,NOT_SET
216,216,0,66,12,2011-12-02 17:04:30.484,1231,1231,0,502,0,20111223,2011-12-02 17:04:30.484,NOT_SET
217,217,0,8,13,2011-11-30 07:52:55.822,1212,1212,0,506,0,201111301,2011-11-30 07:52:55.822,NOT_SET
219,219,0,999,0,2011-12-02 09:41:32.276,1213,1213,0,2003,0,999,2011-12-02 09:41:32.276,NOT_SET
220,220,0,999,0,2011-12-02 07:17:42.777,1206,1206,0,2003,0,999,2011-12-02 07:17:42.777,NOT_SET
221,221,0,8,13,2011-12-01 12:29:06.506,1222,1222,0,502,0,201111301,2011-12-01 12:29:06.506,NOT_SET
222,222,0,999,0,2011-12-02 12:23:03.121,1207,1207,0,2003,1,999,2011-12-02 12:15:34.406,NOT_SET
223,223,0,66,12,2011-12-02 19:57:21.186,1232,1232,0,502,0,20111223,2011-12-02 19:57:21.186,NOT_SET
225,225,0,999,0,2011-12-02 23:37:20.676,13500,2003,0,10900,0,999,2011-12-02 23:33:32.478,NOT_SET
226,226,0,999,0,2011-11-30 23:15:48.033,1221,1221,0,2003,0,999,2011-11-30 23:15:48.033,NOT_SET
230,230,0,66,12,2011-12-02 20:22:22.695,1232,1232,0,502,0,20111223,2011-12-02 20:22:22.695,NOT_SET
232,232,0,67,12,2011-12-02 22:17:11.280,1230,1230,0,502,0,20111224,2011-12-02 22:17:11.280,NOT_SET
233,233,0,999,0,2011-12-02 08:59:32.513,1211,1211,0,2003,0,999,2011-12-02 08:59:32.513,NOT_SET
234,234,0,999,0,2011-12-02 12:40:56.985,13400,2003,0,1800,0,999,2011-12-02 12:14:27.289,NOT_SET
235,235,0,67,12,2011-12-02 22:28:42.735,1230,1230,0,506,0,20111224,2011-12-02 22:28:42.735,NOT_SET
237,237,0,67,12,2011-12-02 22:41:21.576,1230,1230,0,502,0,20111224,2011-12-02 22:41:21.576,NOT_SET
238,238,0,66,12,2011-12-02 16:33:11.902,1231,1231,0,502,0,20111223,2011-12-02 16:33:11.902,NOT_SET
239,239,0,8,13,2011-11-30 08:24:33.230,1216,1216,0,506,0,201111301,2011-11-30 08:24:33.230,NOT_SET
240,240,0,999,0,2011-12-01 21:13:09.980,13400,2003,0,10900,0,999,2011-12-01 21:09:21.321,NOT_SET
241,241,0,999,0,2011-12-02 07:08:43.232,1204,1204,0,2003,0,999,2011-12-02 07:08:43.232,NOT_SET
242,242,0,67,12,2011-12-02 21:58:21.225,1230,1230,0,506,0,20111224,2011-12-02 21:58:21.225,NOT_SET
243,243,0,97,11,2011-11-30 14:36:24.222,706,700,0,502,0,201111223,2011-11-22 15:33:03.402,NOT_SET
244,244,0,96,11,2011-12-01 14:08:33.767,1227,1227,0,506,0,201111286,2011-12-01 14:08:33.767,NOT_SET
245,245,0,96,11,2011-11-28 17:16:11.353,1229,1229,0,502,0,201111286,2011-11-28 17:16:11.353,NOT_SET
246,246,0,999,0,2011-12-01 22:06:04.725,13400,2003,0,10900,0,999,2011-12-01 22:02:16.427,NOT_SET
247,247,0,999,0,2011-12-02 11:36:20.651,1215,1215,0,2003,0,999,2011-12-02 11:36:20.651,NOT_SET
248,248,0,8,13,2011-12-01 11:30:57.119,1222,1222,0,405,0,0,2011-12-01 11:30:57.119,NOT_SET
249,249,0,999,0,2011-11-30 22:58:16.992,5200,5200,0,2003,0,999,2011-11-30 22:42:49.909,NOT_SET
250,250,0,72,12,2011-12-01 19:31:09.289,1223,1223,0,506,0,20111215,2011-12-01 19:31:09.289,NOT_SET
251,251,0,999,0,2011-10-19 11:26:14.091,2300,2300,0,3700,0,999,2011-10-19 11:11:45.061,NOT_SET
252,252,0,999,0,2011-12-03 00:48:23.415,401,403,0,10900,1,999,2011-12-02 21:57:27.318,NOT_SET
253,253,0,67,12,2011-12-02 22:35:52.643,1230,1230,0,506,0,20111224,2011-12-02 22:35:52.643,NOT_SET
254,254,0,66,11,2011-12-02 22:19:24.292,500,500,0,502,1,20111223,2011-12-02 20:53:50.690,NOT_SET
255,255,0,999,0,2011-12-02 09:42:44.870,1213,1213,0,2003,0,999,2011-12-02 09:42:44.870,NOT_SET
256,256,0,66,12,2011-12-02 20:04:09.433,1232,1232,0,502,0,20111223,2011-12-02 20:04:09.433,NOT_SET
257,257,0,999,0,2011-12-03 00:47:39.212,2001,2003,0,10900,0,999,2011-12-02 23:00:14.024,NOT_SET
258,258,0,999,0,2011-12-02 22:57:19.233,402,403,0,2003,0,999,2011-12-02 21:36:44.040,NOT_SET
259,259,0,97,11,2011-11-22 14:29:21.497,1209,1209,0,502,0,201111223,2011-11-22 14:29:21.497,NOT_SET
261,261,0,999,0,2011-12-02 09:46:01.573,1213,1213,0,2003,0,999,2011-12-02 09:46:01.573,NOT_SET
262,262,0,66,7,2011-12-02 21:06:00.329,1800,1800,0,1800,1,20111223,2011-12-02 21:06:00.329,NOT_SET
264,264,0,66,12,2011-12-02 18:48:56.173,1233,1233,0,502,0,20111223,2011-12-02 18:48:56.173,NOT_SET
265,265,0,999,0,2011-12-02 16:15:01.835,2005,2003,0,1800,1,999,2011-12-02 13:43:07.199,NOT_SET
266,266,0,999,0,2011-12-02 08:57:21.414,1211,1211,0,2003,0,999,2011-12-02 08:57:21.414,NOT_SET
267,267,0,67,12,2011-12-02 22:33:55.945,1230,1230,0,506,0,20111224,2011-12-02 22:33:55.945,NOT_SET
268,268,0,999,0,2011-12-02 08:52:52.187,1211,1211,0,2003,0,999,2011-12-02 08:52:52.187,NOT_SET
269,269,0,66,12,2011-12-02 20:41:27.361,1100,500,0,506,1,20111223,2011-12-02 17:17:43.744,NOT_SET
271,271,0,999,0,2011-12-02 06:46:16.425,1226,1226,0,2003,0,999,2011-12-02 06:46:16.425,NOT_SET
272,272,0,7,13,2011-11-21 16:22:46.274,1225,1225,0,506,0,201111214,2011-11-21 16:22:46.274,NOT_SET
273,273,0,999,0,2011-12-02 11:02:34.428,1217,1217,0,2003,0,999,2011-12-02 11:02:34.428,NOT_SET
274,274,0,67,12,2011-11-30 14:51:33.689,702,700,0,502,0,201111302,2011-11-30 12:58:40.380,NOT_SET
275,275,0,67,12,2011-12-02 21:02:43.246,2500,500,0,506,0,20111215,2011-12-01 18:31:46.876,NOT_SET
276,276,0,66,12,2011-12-02 17:41:30.816,1231,1231,0,502,1,20111223,2011-12-02 16:06:08.087,NOT_SET
277,277,0,2,11,2011-12-02 13:13:35.391,1228,1228,0,10900,1,999,2011-12-02 10:21:55.400,NOT_SET
278,278,0,2,13,2011-11-29 16:21:14.089,1208,1208,0,506,0,201111294,2011-11-29 16:21:14.089,NOT_SET
279,279,0,2,13,2011-11-30 14:13:20.442,1208,1208,1,502,1,201111294,2011-11-29 16:19:50.799,NOT_SET
280,280,0,96,11,2011-11-28 17:21:32.405,1229,1229,0,506,0,201111286,2011-11-28 17:21:32.405,NOT_SET
281,281,0,7,13,2011-11-21 10:49:31.734,1225,1225,0,506,0,201111214,2011-11-21 10:49:31.734,NOT_SET
283,283,0,999,0,2011-12-02 18:18:22.547,13400,2003,0,3700,0,999,2011-12-02 18:14:34.058,NOT_SET
284,284,0,999,0,2011-12-02 07:06:39.834,1204,1204,0,2003,0,999,2011-12-02 07:06:39.834,NOT_SET
285,285,0,999,0,2011-11-30 22:59:15.376,5200,5200,0,2003,0,999,2011-11-30 22:49:41.961,NOT_SET
286,286,0,67,12,2011-12-02 23:00:24.229,1230,1230,0,506,0,20111224,2011-12-02 23:00:24.229,NOT_SET
287,287,0,999,0,2011-12-01 21:57:55.591,13400,2003,0,10900,0,999,2011-12-01 21:53:40.675,NOT_SET
289,289,0,999,0,2011-12-02 10:18:49.493,1205,1205,0,2003,0,999,2011-12-02 10:18:49.493,NOT_SET
290,290,0,7,13,2011-11-21 10:44:44.080,1225,1225,0,502,0,201111214,2011-11-21 10:44:44.080,NOT_SET
291,291,0,66,12,2011-12-02 16:49:06.635,1231,1231,0,502,0,20111223,2011-12-02 16:49:06.635,NOT_SET
292,292,0,67,12,2011-12-02 23:07:47.176,1234,1234,0,502,1,20111224,2011-12-02 23:05:11.682,NOT_SET
293,293,0,66,12,2011-12-02 17:09:08.343,1231,1231,0,502,0,20111223,2011-12-02 17:09:08.343,NOT_SET
295,295,0,999,0,2011-12-02 21:34:49.936,13400,2003,0,2003,0,999,2011-12-02 21:29:35.724,NOT_SET
297,297,0,999,0,2011-12-02 09:50:04.673,1205,1205,0,2003,0,999,2011-12-02 09:50:04.673,NOT_SET
298,298,0,66,12,2011-12-02 16:37:19.999,1231,1231,0,502,0,20111223,2011-12-02 16:37:19.999,NOT_SET
299,299,0,2,13,2011-11-29 16:22:34.094,1208,1208,0,502,0,201111294,2011-11-29 16:22:34.094,NOT_SET
300,300,0,999,0,2011-12-02 12:16:47.020,1207,1207,0,1800,0,999,2011-12-02 12:16:47.020,NOT_SET
301,301,0,8,13,2011-11-30 08:41:42.710,1216,1216,0,506,0,201111301,2011-11-30 08:41:42.710,NOT_SET
302,302,0,96,11,2011-11-28 17:18:44.694,1229,1229,0,506,0,201111286,2011-11-28 17:18:44.694,NOT_SET
303,303,0,97,11,2011-11-22 14:28:15.692,1209,1209,0,506,0,201111223,2011-11-22 14:28:15.692,NOT_SET
304,304,0,2,13,2011-11-29 15:01:03.181,1218,1218,0,502,0,201111294,2011-11-29 15:01:03.181,NOT_SET
306,306,0,67,12,2011-11-30 14:59:40.900,700,700,0,502,0,201111302,2011-11-30 12:23:15.454,NOT_SET
307,307,0,999,0,2011-12-01 10:43:57.945,2005,2005,0,10900,1,999,2011-11-30 17:28:40.815,NOT_SET
310,310,0,67,12,2011-12-02 22:31:52.167,1230,1230,0,502,0,20111224,2011-12-02 22:31:52.167,NOT_SET
311,311,0,7,13,2011-11-21 16:00:18.917,1225,1225,0,502,0,201111214,2011-11-21 16:00:18.917,NOT_SET
312,312,0,999,0,2011-12-02 08:05:50.320,1210,1210,0,2003,0,999,2011-12-02 08:05:50.320,NOT_SET
314,314,0,999,0,2011-12-02 20:35:45.650,13400,2003,0,10900,0,999,2011-12-02 20:31:20.548,NOT_SET
315,315,0,97,11,2011-11-30 14:31:39.422,706,700,0,506,0,201111223,2011-11-22 14:38:44.015,NOT_SET
316,316,0,2,13,2011-11-29 14:56:42.897,1218,1218,0,502,0,201111294,2011-11-29 14:56:42.897,NOT_SET
317,317,0,67,10,2011-12-02 23:45:04.723,10900,10900,0,10900,1,20111215,2011-12-02 23:45:04.723,NOT_SET
318,318,0,999,0,2011-12-02 12:42:07.787,1207,1207,0,2003,0,999,2011-12-02 12:42:07.787,NOT_SET
319,319,0,66,12,2011-12-02 23:22:25.238,15800,10100,0,506,1,20111223,2011-12-02 20:50:54.386,NOT_SET
320,320,0,66,10,2011-12-02 23:52:55.530,12200,11900,0,11900,1,20111223,2011-12-02 23:46:26.230,NOT_SET
322,322,0,999,0,2011-12-03 00:46:10.024,506,403,0,2003,1,999,2011-12-02 21:26:15.326,NOT_SET
324,324,0,999,0,2011-12-02 08:53:54.287,13400,2003,0,11900,0,999,2011-12-02 08:22:40.382,NOT_SET
325,325,0,999,0,2011-12-01 00:06:34.704,1221,1221,0,2003,0,999,2011-12-01 00:06:34.704,NOT_SET
326,326,0,999,0,2011-12-01 21:23:37.772,13400,2003,0,11900,0,999,2011-12-01 21:19:48.973,NOT_SET
328,328,0,999,0,2011-12-02 05:30:14.305,2005,2003,0,11900,1,999,2011-11-30 17:49:03.733,NOT_SET
329,329,0,999,0,2011-12-02 00:04:44.332,1226,1226,0,2003,0,999,2011-12-02 00:04:44.332,NOT_SET
330,330,0,999,0,2011-11-30 22:07:08.319,5200,5200,0,2003,0,999,2011-11-30 19:52:36.723,NOT_SET
331,331,0,97,4,2011-12-02 16:59:17.223,12400,10900,0,10900,0,201111223,2011-12-02 16:21:13.379,NOT_SET
332,332,0,67,12,2011-12-02 22:39:46.870,1230,1230,0,506,0,20111224,2011-12-02 22:39:46.870,NOT_SET
333,333,0,2,13,2011-12-01 13:52:53.134,1224,1224,0,506,0,201111172,2011-12-01 13:52:53.134,NOT_SET
335,335,0,999,0,2011-11-30 23:17:22.869,1221,1221,0,2003,0,999,2011-11-30 23:17:22.869,NOT_SET
337,337,0,8,13,2011-12-01 11:38:43.219,1222,1222,0,506,0,201111301,2011-12-01 11:38:43.219,NOT_SET
338,338,0,999,0,2011-11-30 22:39:57.911,5200,5200,0,2003,0,999,2011-11-30 22:24:56.054,NOT_SET
339,339,0,67,12,2011-12-02 19:52:40.883,2500,500,0,506,0,20111215,2011-12-01 18:03:40.682,NOT_SET
340,340,0,66,12,2011-12-02 20:23:14.119,1233,1233,0,506,0,20111223,2011-12-02 20:23:14.119,NOT_SET
341,341,0,999,0,2011-11-30 23:37:38.918,1221,1221,0,2003,1,999,2011-11-30 23:13:36.434,NOT_SET
343,343,0,999,0,2011-11-30 22:57:25.678,5200,5200,0,2003,0,999,2011-11-30 22:41:14.852,NOT_SET
345,345,0,999,0,2011-12-02 12:52:30.042,1214,1214,0,10900,0,999,2011-12-02 12:52:30.042,NOT_SET
346,346,0,66,12,2011-12-02 23:24:26.733,15200,10100,0,506,1,20111223,2011-12-02 18:26:50.397,NOT_SET
347,347,0,999,0,2011-12-02 13:16:01.401,1214,1214,0,2003,0,999,2011-12-02 13:16:01.401,NOT_SET
353,353,0,96,11,2011-12-02 14:09:25.108,1227,1227,0,506,1,201111286,2011-12-01 10:08:45.147,NOT_SET
354,354,0,999,0,2011-12-03 00:46:45.304,300,403,0,10900,0,999,2011-12-02 22:08:19.666,NOT_SET
356,356,0,7,13,2011-11-21 16:07:25.020,1225,1225,0,502,0,201111214,2011-11-21 16:07:25.020,NOT_SET
357,357,0,999,0,2011-12-02 16:06:38.401,2008,403,0,2003,0,999,2011-12-01 07:48:37.127,NOT_SET
358,358,0,2,13,2011-11-29 16:27:54.294,1208,1208,0,502,0,201111294,2011-11-29 16:27:54.294,NOT_SET
360,360,0,96,3,2011-11-29 18:53:58.126,12400,11900,0,11900,0,201111286,2011-11-29 18:42:03.549,NOT_SET
361,361,0,66,12,2011-12-02 19:55:46.600,1232,1232,0,506,0,20111223,2011-12-02 19:55:46.600,NOT_SET
362,362,0,67,12,2011-12-02 22:50:00.332,10100,10100,0,502,0,20111215,2011-12-01 17:10:16.795,NOT_SET
363,363,0,999,0,2011-12-02 12:43:20.381,1207,1207,0,11900,0,999,2011-12-02 12:43:20.381,NOT_SET
366,366,0,999,0,2011-11-30 21:58:48.370,5200,2003,0,2003,0,999,2011-11-30 19:45:27.325,NOT_SET
367,367,0,66,12,2011-12-02 19:53:38.586,1232,1232,0,506,0,20111223,2011-12-02 19:53:38.586,NOT_SET
368,368,0,2,13,2011-12-01 13:55:52.232,1224,1224,0,506,0,201111172,2011-12-01 13:55:52.232,NOT_SET
369,369,0,999,0,2011-12-02 13:13:50.693,1214,1214,0,2003,0,999,2011-12-02 13:13:50.693,NOT_SET
370,370,0,67,12,2011-12-02 21:56:10.217,1230,1230,0,502,0,20111224,2011-12-02 21:56:10.217,NOT_SET
371,371,0,999,0,2011-12-01 21:39:22.821,13400,2003,0,1800,0,999,2011-12-01 21:35:34.323,NOT_SET
372,372,0,999,0,2011-11-30 18:42:48.891,13400,2003,0,11900,0,999,2011-11-30 18:02:34.770,NOT_SET
373,373,0,96,11,2011-11-28 16:50:11.460,1229,1229,0,506,0,201111286,2011-11-28 16:50:11.460,NOT_SET
374,374,0,66,9,2011-11-30 09:00:18.284,12400,10100,0,405,0,0,2011-11-29 22:21:31.834,NOT_SET
375,375,0,96,11,2011-11-28 17:17:24.358,1229,1229,0,506,0,201111286,2011-11-28 17:17:24.358,NOT_SET
376,376,0,999,0,2011-12-01 23:56:40.837,1226,1226,0,2003,0,999,2011-12-01 23:56:40.837,NOT_SET
377,377,0,999,0,2011-12-02 12:53:35.436,1214,1214,0,2003,0,999,2011-12-02 12:53:35.436,NOT_SET
378,378,0,999,0,2011-12-02 21:32:23.135,13400,2003,0,11900,0,999,2011-12-02 21:28:20.025,NOT_SET
380,380,0,66,12,2011-12-02 19:54:17.882,1100,500,0,506,0,20111223,2011-12-02 17:20:09.374,NOT_SET
381,381,0,999,0,2011-12-03 00:46:55.008,13600,2003,0,10900,0,999,2011-12-02 23:13:25.482,NOT_SET
383,383,0,999,0,2011-11-30 22:09:50.542,5200,5200,0,2003,0,999,2011-11-30 19:58:27.277,NOT_SET
384,384,0,8,13,2011-11-30 08:42:43.418,1216,1216,0,502,0,201111301,2011-11-30 08:42:43.418,NOT_SET
385,385,0,999,0,2011-12-03 00:47:46.112,13600,2003,0,11900,0,999,2011-12-02 23:21:37.129,NOT_SET
386,386,0,66,12,2011-12-02 23:21:34.125,1233,1233,0,502,1,20111223,2011-12-02 18:47:14.267,NOT_SET
388,388,0,66,12,2011-12-02 13:16:02.513,1200,500,0,506,0,20111213,2011-12-01 02:17:32.803,NOT_SET
389,389,0,999,0,2011-12-02 11:33:03.948,1215,1215,0,2003,0,999,2011-12-02 11:33:03.948,NOT_SET
390,390,0,67,12,2011-12-02 23:07:30.752,1234,1234,0,502,0,20111224,2011-12-02 23:07:30.752,NOT_SET
391,391,0,999,0,2011-12-02 12:14:35.190,1215,1215,0,2003,0,999,2011-12-02 12:14:35.190,NOT_SET
392,392,0,66,12,2011-12-02 19:23:16.706,1233,1233,0,502,0,20111223,2011-12-02 19:23:16.706,NOT_SET
393,393,0,7,13,2011-11-21 16:01:46.022,1225,1225,0,502,0,201111214,2011-11-21 16:01:46.022,NOT_SET
394,394,0,66,12,2011-12-02 23:29:13.736,14600,10100,0,502,1,20111223,2011-12-02 18:42:43.237,NOT_SET
395,395,0,8,13,2011-12-01 11:36:54.473,1222,1222,0,405,0,0,2011-12-01 11:36:54.473,NOT_SET
396,396,0,999,0,2011-12-02 22:57:07.025,2003,2003,0,10900,0,999,2011-12-02 22:28:54.852,NOT_SET
397,397,0,999,0,2011-11-30 22:05:14.686,5200,5200,0,2003,0,999,2011-11-30 19:50:03.412,NOT_SET
398,398,0,2,9,2011-12-01 13:15:47.274,1224,1224,0,506,0,201111294,2011-12-01 13:15:47.274,NOT_SET
399,399,0,999,0,2011-12-02 12:12:24.182,1215,1215,0,2003,0,999,2011-12-02 12:12:24.182,NOT_SET
400,400,0,66,12,2011-12-02 17:02:12.075,1231,1231,0,506,0,20111223,2011-12-02 17:02:12.075,NOT_SET
401,401,0,999,0,2011-12-02 09:06:27.329,1213,1213,0,2003,0,999,2011-12-02 09:06:27.329,NOT_SET
402,402,0,999,0,2011-12-02 11:04:45.576,1217,1217,0,2003,0,999,2011-12-02 11:04:45.576,NOT_SET
403,403,0,999,0,2011-11-30 23:16:37.664,5200,5200,0,2003,0,999,2011-11-30 22:57:38.176,NOT_SET
404,404,0,67,12,2011-11-30 14:49:58.783,702,700,0,506,0,201111302,2011-11-30 12:57:34.786,NOT_SET
405,405,0,66,12,2011-12-02 17:08:23.839,1231,1231,0,506,0,20111223,2011-12-02 17:08:23.839,NOT_SET
407,407,0,66,12,2011-12-02 20:02:05.234,1232,1232,0,502,0,20111223,2011-12-02 20:02:05.234,NOT_SET
408,408,0,999,0,2011-12-02 12:38:29.893,1207,1207,0,2003,0,999,2011-12-02 12:38:29.893,NOT_SET
411,411,0,999,0,2011-12-01 22:18:25.180,13400,2003,0,11900,0,999,2011-12-01 22:14:36.881,NOT_SET
412,412,0,999,0,2011-11-30 23:23:57.377,1221,1221,0,2003,0,999,2011-11-30 23:23:57.377,NOT_SET
413,413,0,67,12,2011-12-02 23:22:05.129,15400,10100,0,502,1,20111215,2011-12-01 17:17:51.128,NOT_SET
415,415,0,999,0,2011-12-01 00:01:47.020,1221,1221,0,2003,0,999,2011-12-01 00:01:47.020,NOT_SET
416,416,0,999,0,2011-11-30 21:53:31.875,5200,2003,0,2003,0,999,2011-11-30 19:39:34.017,NOT_SET
417,417,0,999,0,2011-12-03 00:47:19.914,403,403,0,2003,1,999,2011-12-02 21:33:41.337,NOT_SET
418,418,0,999,0,2011-11-30 21:51:59.132,5200,2003,0,2003,0,999,2011-11-30 19:30:29.444,NOT_SET
420,420,0,999,0,2011-11-30 23:21:11.578,5200,5200,0,2003,0,999,2011-11-30 23:07:16.427,NOT_SET
423,423,0,999,0,2011-12-02 09:00:38.117,1211,1211,0,2003,0,999,2011-12-02 09:00:38.117,NOT_SET
424,424,0,8,13,2011-12-01 12:15:54.047,1222,1222,0,506,0,201111301,2011-12-01 12:15:54.047,NOT_SET
425,425,0,97,0,2011-12-01 16:56:47.341,12400,10900,0,10900,0,999,2011-11-28 19:19:13.488,NOT_SET
426,426,0,66,12,2011-12-02 20:18:59.383,1232,1232,0,506,0,20111223,2011-12-02 20:18:59.383,NOT_SET
427,427,0,999,0,2011-12-02 12:37:17.299,1207,1207,0,2003,0,999,2011-12-02 12:37:17.299,NOT_SET
429,429,0,999,0,2011-12-01 09:17:36.865,2005,403,0,3700,1,999,2011-12-01 07:49:48.570,NOT_SET
430,430,0,97,11,2011-11-22 14:27:10.298,1209,1209,0,502,0,201111223,2011-11-22 14:27:10.298,NOT_SET
431,431,0,999,0,2011-12-03 00:47:03.501,502,403,0,10900,1,999,2011-12-02 21:30:40.127,NOT_SET
432,432,0,97,11,2011-11-30 14:33:13.818,706,700,0,502,0,201111223,2011-11-22 15:23:36.217,NOT_SET
433,433,0,999,0,2011-12-01 00:09:46.560,1221,1221,0,2003,0,999,2011-12-01 00:09:46.560,NOT_SET
434,434,0,999,0,2011-12-02 06:44:41.519,1204,1204,0,2003,0,999,2011-12-02 06:44:41.519,NOT_SET
438,438,0,999,0,2011-12-02 07:42:12.841,1206,1206,0,2003,0,999,2011-12-02 07:42:12.841,NOT_SET
439,439,0,2,13,2011-12-02 15:14:47.618,1228,1228,0,11900,0,999,2011-12-02 15:14:47.618,NOT_SET
440,440,0,999,0,2011-12-01 00:12:56.543,1221,1221,0,2003,0,999,2011-12-01 00:12:56.543,NOT_SET
442,442,0,999,0,2011-12-01 20:45:34.049,13400,2003,0,10900,0,999,2011-12-01 20:41:44.749,NOT_SET
444,444,0,67,12,2011-12-02 18:19:55.450,1000,500,0,506,0,20111215,2011-12-01 18:36:08.492,NOT_SET
448,448,0,999,0,2011-12-02 10:16:38.885,1205,1205,0,2003,0,999,2011-12-02 10:16:38.885,NOT_SET
449,449,0,96,8,2011-12-02 15:16:01.214,1229,1229,0,405,0,0,2011-12-02 15:16:01.214,NOT_SET
450,450,0,999,0,2011-12-02 08:03:28.325,1210,1210,0,2003,1,999,2011-12-02 08:02:27.999,NOT_SET
451,451,0,999,0,2011-12-02 12:51:24.638,1214,1214,0,11900,0,999,2011-12-02 12:51:24.638,NOT_SET
452,452,0,999,0,2011-12-02 08:55:54.019,1211,1211,0,2003,0,999,2011-12-02 08:55:54.019,NOT_SET
453,453,0,8,13,2011-11-30 08:21:11.320,1216,1216,0,506,1,201111301,2011-11-30 08:20:11.213,NOT_SET
454,454,0,67,12,2011-12-02 18:17:59.443,1000,500,0,506,0,20111215,2011-12-01 18:33:57.774,NOT_SET
455,455,0,999,0,2011-12-01 21:37:18.613,13400,2003,0,3700,0,999,2011-12-01 21:32:49.015,NOT_SET
456,456,0,8,13,2011-11-30 07:58:05.177,1212,1212,0,506,0,201111301,2011-11-30 07:58:05.177,NOT_SET
457,457,0,999,0,2011-12-01 20:57:10.110,13400,2003,0,11900,0,999,2011-12-01 20:53:21.791,NOT_SET
458,458,0,67,12,2011-12-02 18:18:57.146,1000,500,0,502,0,20111215,2011-12-01 18:35:10.389,NOT_SET
459,459,0,8,13,2011-12-01 11:34:25.228,1222,1222,0,502,0,201111301,2011-12-01 11:34:25.228,NOT_SET
460,460,0,999,0,2011-12-02 07:09:55.936,1204,1204,0,2003,0,999,2011-12-02 07:09:55.936,NOT_SET
461,461,0,999,0,2011-12-02 10:13:15.773,1205,1205,0,2003,0,999,2011-12-02 10:13:15.773,NOT_SET
462,462,0,72,12,2011-12-01 19:33:57.320,1223,1223,0,502,0,20111215,2011-12-01 19:33:57.320,NOT_SET
463,463,0,67,12,2011-12-02 23:13:28.477,15600,10100,0,506,1,20111215,2011-12-01 17:20:21.033,NOT_SET
464,464,0,66,12,2011-12-02 22:18:11.787,1100,500,0,502,0,20111223,2011-12-02 20:52:52.386,NOT_SET
465,465,0,67,12,2011-12-02 22:16:06.187,1000,500,0,502,0,20111215,2011-12-01 17:14:53.522,NOT_SET
467,467,0,97,11,2011-11-22 14:30:27.001,1209,1209,0,506,0,201111223,2011-11-22 14:30:27.001,NOT_SET
468,468,0,8,13,2011-11-30 07:56:57.359,1212,1212,0,502,0,201111301,2011-11-30 07:56:57.359,NOT_SET
469,469,0,999,0,2011-12-03 00:46:36.602,402,403,0,10900,0,999,2011-12-02 21:47:26.003,NOT_SET
470,470,0,999,0,2011-11-30 23:04:22.928,5200,5200,0,11900,0,999,2011-11-30 22:43:40.411,NOT_SET
471,471,0,999,0,2011-12-02 21:33:36.130,13400,2003,0,2003,0,999,2011-12-02 21:28:58.521,NOT_SET
472,472,0,999,0,2011-12-03 00:47:29.508,402,403,0,11900,0,999,2011-12-02 21:53:56.124,NOT_SET
473,473,0,999,0,2011-11-30 23:07:11.210,5200,5200,0,2003,0,999,2011-11-30 22:45:26.964,NOT_SET
474,474,0,999,0,2011-12-01 15:18:38.132,2012,2003,0,11900,0,999,2011-11-22 19:47:14.632,NOT_SET
475,475,0,999,0,2011-12-01 08:18:43.935,1221,1221,0,11900,0,999,2011-12-01 08:18:43.935,NOT_SET
476,476,0,999,0,2011-11-30 23:37:32.519,1300,1221,0,2003,0,999,2011-11-30 23:12:01.327,NOT_SET
477,477,0,8,13,2011-12-01 11:27:29.610,1222,1222,0,502,0,201111301,2011-12-01 11:27:29.610,NOT_SET
478,478,0,66,12,2011-12-02 16:36:14.415,1231,1231,0,506,0,20111223,2011-12-02 16:36:14.415,NOT_SET
479,479,0,67,12,2011-12-02 22:12:13.482,1000,500,0,506,0,20111215,2011-12-01 17:11:07.828,NOT_SET
480,480,0,999,0,2011-12-03 00:49:34.818,2030,403,0,11900,0,999,2011-12-02 22:23:54.040,NOT_SET
481,481,0,999,0,2011-12-03 00:47:47.223,2030,403,0,10900,1,999,2011-12-02 22:18:10.886,NOT_SET
482,482,0,999,0,2011-12-02 12:54:41.240,1214,1214,0,2003,0,999,2011-12-02 12:54:41.240,NOT_SET
483,483,0,67,12,2011-12-02 23:16:24.790,1230,1230,0,502,1,20111224,2011-12-02 21:53:51.718,NOT_SET
485,485,0,999,0,2011-12-02 13:11:32.394,1214,1214,0,2003,0,999,2011-12-02 13:11:32.394,NOT_SET
486,486,0,999,0,2011-12-02 15:57:30.173,506,403,0,2003,0,999,2011-12-01 18:25:42.162,NOT_SET
487,487,0,67,4,2011-12-02 21:07:58.529,3700,3700,0,3700,1,20111215,2011-12-02 21:07:58.529,NOT_SET
488,488,0,999,0,2011-11-30 21:41:31.930,5200,2003,0,2003,0,999,2011-11-30 18:35:38.903,NOT_SET
489,489,0,96,11,2011-12-01 14:10:08.283,1227,1227,0,502,0,201111286,2011-12-01 14:10:08.283,NOT_SET
490,490,0,999,0,2011-12-01 19:35:15.192,1204,1204,0,506,1,20111215,2011-12-01 19:34:14.615,NOT_SET
491,491,0,2,13,2011-11-29 16:26:34.319,1208,1208,0,506,0,201111294,2011-11-29 16:26:34.319,NOT_SET
492,492,0,8,13,2011-12-01 12:26:55.808,1222,1222,0,502,0,201111301,2011-12-01 12:26:55.808,NOT_SET
493,493,0,999,0,2011-11-30 23:01:05.073,5200,5200,0,2003,0,999,2011-11-30 22:52:53.376,NOT_SET
494,494,0,72,12,2011-12-02 21:14:20.879,1223,1223,0,502,0,20111224,2011-12-02 21:14:20.879,NOT_SET
495,495,0,999,0,2011-12-03 00:47:30.219,402,403,0,2003,1,999,2011-12-02 21:35:45.636,NOT_SET
496,496,0,999,0,2011-12-01 23:56:51.232,1226,1226,0,2003,1,999,2011-12-01 23:55:01.534,NOT_SET
497,497,0,2,13,2011-12-01 13:11:04.066,1224,1224,0,506,0,201111294,2011-12-01 13:11:04.066,NOT_SET
498,498,0,999,0,2011-12-02 00:45:07.096,1226,1226,0,2003,0,999,2011-12-02 00:45:07.096,NOT_SET
499,499,0,67,12,2011-12-02 22:36:36.446,1230,1230,0,502,0,20111224,2011-12-02 22:36:36.446,NOT_SET
500,500,0,999,0,2011-12-02 09:42:50.869,13400,2003,0,1800,0,999,2011-12-02 09:02:26.133,NOT_SET
502,502,0,999,0,2011-12-02 21:31:09.329,13400,2003,0,2003,0,999,2011-12-02 21:27:20.920,NOT_SET
504,504,0,66,12,2011-12-02 20:09:31.256,1232,1232,0,506,0,20111223,2011-12-02 20:09:31.256,NOT_SET
505,505,0,67,12,2011-12-02 21:02:11.851,2500,500,0,502,1,20111215,2011-12-01 18:23:34.759,NOT_SET
507,507,0,999,0,2011-11-30 22:24:47.052,5200,5200,0,2003,0,999,2011-11-30 20:12:22.618,NOT_SET
509,509,0,8,13,2011-12-01 12:31:28.510,1222,1222,0,502,0,201111301,2011-12-01 12:31:28.510,NOT_SET
510,510,0,999,0,2011-11-30 23:18:27.382,5200,5200,0,2003,0,999,2011-11-30 23:02:31.478,NOT_SET
511,511,0,96,11,2011-12-01 10:15:21.046,1227,1227,0,506,0,201111286,2011-12-01 10:15:21.046,NOT_SET
512,512,0,999,0,2011-12-02 08:51:46.593,1211,1211,0,2003,0,999,2011-12-02 08:51:46.593,NOT_SET
513,513,0,72,12,2011-12-02 16:07:39.699,1223,1223,0,405,1,0,2011-12-01 16:12:43.799,NOT_SET
514,514,0,999,0,2011-11-30 23:10:11.729,5200,5200,0,2003,0,999,2011-11-30 22:47:15.861,NOT_SET
516,516,0,2,13,2011-12-01 13:14:12.968,1224,1224,0,506,0,201111294,2011-12-01 13:14:12.968,NOT_SET
517,517,0,67,12,2011-11-30 14:57:52.885,702,700,0,502,0,201111302,2011-11-30 12:07:47.520,NOT_SET
519,519,0,999,0,2011-12-01 20:46:46.543,13400,2003,0,11900,0,999,2011-12-01 20:42:50.644,NOT_SET
520,520,0,2,13,2011-12-01 13:54:25.106,1224,1224,0,502,0,201111172,2011-12-01 13:54:25.106,NOT_SET
521,521,0,999,0,2011-11-30 23:00:13.780,5200,5200,0,2003,0,999,2011-11-30 22:51:18.390,NOT_SET
522,522,0,999,0,2011-12-02 12:40:55.192,1207,1207,0,2003,0,999,2011-12-02 12:40:55.192,NOT_SET
523,523,0,999,0,2011-11-30 22:21:36.778,5200,5200,0,2003,0,999,2011-11-30 20:04:47.183,NOT_SET
524,524,0,72,8,2011-12-01 19:39:27.395,1223,1223,0,502,0,20111215,2011-12-01 19:39:27.395,NOT_SET
527,527,0,66,12,2011-12-02 19:52:03.579,1232,1232,0,506,1,20111223,2011-12-02 19:49:28.206,NOT_SET
528,528,0,999,0,2011-12-01 15:20:48.129,2005,2003,0,10900,1,999,2011-12-01 09:27:57.878,NOT_SET
529,529,0,97,11,2011-11-30 14:47:45.181,706,700,0,506,0,201111223,2011-11-22 15:37:07.153,NOT_SET
531,531,0,7,13,2011-11-21 08:17:20.283,1219,1219,0,502,0,201111214,2011-11-21 08:17:20.283,NOT_SET
534,534,0,2,0,2011-11-22 11:23:07.159,1500,1800,0,1800,0,999,2011-11-22 10:06:29.167,NOT_SET
536,536,0,2,12,2011-12-01 13:18:59.470,1224,1224,0,502,0,201111294,2011-12-01 13:18:59.470,NOT_SET
537,537,0,7,13,2011-11-21 10:43:31.385,1225,1225,0,506,0,201111214,2011-11-21 10:43:31.385,NOT_SET
538,538,0,8,13,2011-12-01 11:25:47.684,1222,1222,0,502,0,201111301,2011-12-01 11:25:47.684,NOT_SET
539,539,0,66,12,2011-12-02 20:17:24.687,1232,1232,0,502,0,20111223,2011-12-02 20:17:24.687,NOT_SET
540,540,0,97,11,2011-11-30 14:34:48.824,706,700,0,506,0,201111223,2011-11-22 15:24:56.112,NOT_SET
541,541,0,999,0,2011-11-30 22:41:50.353,5200,5200,0,2003,0,999,2011-11-30 22:29:04.382,NOT_SET
542,542,0,7,13,2011-11-21 10:45:56.694,1225,1225,0,506,0,201111214,2011-11-21 10:45:56.694,NOT_SET
543,543,0,66,12,2011-12-02 17:10:13.857,1231,1231,0,506,0,20111223,2011-12-02 17:10:13.857,NOT_SET
544,544,0,67,12,2011-11-30 14:59:27.601,702,700,0,506,0,201111302,2011-11-30 12:19:58.972,NOT_SET
545,545,0,999,0,2011-12-02 01:24:54.619,1226,1226,0,2003,0,999,2011-12-02 01:24:54.619,NOT_SET
547,547,0,66,12,2011-12-02 17:06:56.343,1231,1231,0,502,0,20111223,2011-12-02 17:06:56.343,NOT_SET
548,548,0,999,0,2011-12-02 11:03:39.932,1217,1217,0,11900,0,999,2011-12-02 11:03:39.932,NOT_SET
549,549,0,66,12,2011-12-02 18:49:47.157,1233,1233,0,506,0,20111223,2011-12-02 18:49:47.157,NOT_SET
550,550,0,999,0,2011-12-03 00:46:23.934,2003,2003,0,11900,0,999,2011-12-02 22:37:33.979,NOT_SET
551,551,0,66,12,2011-12-02 20:15:49.790,1100,500,0,502,0,20111223,2011-12-02 17:24:56.376,NOT_SET
552,552,0,999,0,2011-12-02 11:30:01.035,1217,1217,0,2003,0,999,2011-12-02 11:30:01.035,NOT_SET
553,553,0,8,13,2011-12-01 11:29:15.413,1222,1222,0,506,0,201111301,2011-12-01 11:29:15.413,NOT_SET
554,554,0,999,0,2011-11-30 22:28:49.080,5200,5200,0,2003,0,999,2011-11-30 22:04:37.582,NOT_SET
555,555,0,999,0,2011-12-02 07:12:06.634,1204,1204,0,2003,0,999,2011-12-02 07:12:06.634,NOT_SET
556,556,0,67,12,2011-11-30 14:54:43.392,702,700,0,506,0,201111302,2011-11-30 12:05:07.310,NOT_SET
557,557,0,67,12,2011-12-02 23:28:25.326,15500,10100,0,506,0,20111224,2011-12-02 21:51:36.413,NOT_SET
558,558,0,999,0,2011-12-01 20:26:11.367,13400,2003,0,11900,0,999,2011-12-01 20:22:08.067,NOT_SET
561,561,0,66,12,2011-12-02 20:34:20.547,1233,1233,0,506,0,20111223,2011-12-02 20:34:20.547,NOT_SET
562,562,0,96,11,2011-11-30 14:27:55.520,706,700,0,502,1,688,2011-11-28 12:00:00.0,NOT_SET
563,563,0,96,0,2011-12-02 16:29:03.175,12400,11900,0,11900,0,999,2011-12-02 16:16:19.737,NOT_SET
565,565,0,67,12,2011-12-02 22:13:12.677,1000,500,0,502,1,20111215,2011-12-01 18:32:52.370,NOT_SET
567,567,0,999,0,2011-12-01 21:46:28.373,13400,2003,0,11900,0,999,2011-12-01 21:42:32.574,NOT_SET
568,568,0,72,9,2011-12-01 19:36:58.991,1223,1223,0,506,0,20111215,2011-12-01 19:36:58.991,NOT_SET
569,569,0,66,12,2011-12-02 19:58:41.241,1232,1232,0,506,0,20111223,2011-12-02 19:58:41.241,NOT_SET
570,570,0,999,0,2011-12-01 21:36:13.018,13400,2003,0,10900,0,999,2011-12-01 21:31:58.112,NOT_SET
571,571,0,999,0,2011-11-30 22:40:48.804,5200,5200,0,2003,0,999,2011-11-30 22:26:30.761,NOT_SET
572,572,0,66,12,2011-12-02 22:20:52.889,500,500,0,502,0,20111223,2011-12-02 17:54:11.590,NOT_SET
573,573,0,999,0,2011-12-02 11:31:53.257,1215,1215,0,2003,1,999,2011-12-02 11:30:53.250,NOT_SET
574,574,0,999,0,2011-12-01 11:12:28.174,2005,2003,0,11900,1,999,2011-12-01 09:27:06.985,NOT_SET
575,575,0,7,13,2011-12-02 11:42:38.705,1219,1219,0,502,1,201111214,2011-11-21 08:15:07.282,NOT_SET
576,576,0,999,0,2011-12-02 08:21:40.376,1210,1210,0,2003,0,999,2011-12-02 08:21:40.376,NOT_SET
577,577,0,7,13,2011-11-21 10:48:19.029,1225,1225,0,502,0,201111214,2011-11-21 10:48:19.029,NOT_SET
578,578,0,999,0,2011-11-30 22:26:22.258,5200,5200,0,2003,0,999,2011-11-30 20:14:04.715,NOT_SET
579,579,0,66,12,2011-12-02 17:45:21.768,1231,1231,0,506,0,20111223,2011-12-02 17:45:21.768,NOT_SET
580,580,0,66,12,2011-12-02 20:41:38.167,1100,500,0,506,0,20111223,2011-12-02 17:25:47.370,NOT_SET
581,581,0,999,0,2011-12-02 11:31:58.654,1215,1215,0,2003,0,999,2011-12-02 11:31:58.654,NOT_SET
582,582,0,999,0,2011-12-01 21:56:42.687,13400,2003,0,11900,0,999,2011-12-01 21:52:54.378,NOT_SET
583,583,0,999,0,2011-12-02 12:44:33.086,1207,1207,0,2003,0,999,2011-12-02 12:44:33.086,NOT_SET
584,584,0,999,0,2011-12-02 07:14:14.568,1206,1206,0,2003,1,999,2011-12-02 07:13:14.071,NOT_SET
585,585,0,999,0,2011-12-01 23:57:46.141,1226,1226,0,2003,0,999,2011-12-01 23:57:46.141,NOT_SET
586,586,0,66,12,2011-12-02 23:00:34.974,15500,10100,0,506,1,20111223,2011-12-02 17:57:15.885,NOT_SET
587,587,0,999,0,2011-12-01 21:35:00.114,13400,2003,0,11900,0,999,2011-12-01 21:31:11.805,NOT_SET
588,588,0,999,0,2011-12-01 22:08:38.236,13400,2003,0,11900,0,999,2011-12-01 22:04:49.727,NOT_SET
589,589,0,999,0,2011-12-02 07:11:01.230,1204,1204,0,2003,0,999,2011-12-02 07:11:01.230,NOT_SET
590,590,0,66,12,2011-12-02 23:22:10.427,15400,10100,0,502,0,20111223,2011-12-02 17:58:43.181,NOT_SET
592,592,0,999,0,2011-12-01 00:03:22.107,1221,1221,0,2003,0,999,2011-12-01 00:03:22.107,NOT_SET
593,593,0,999,0,2011-12-01 14:45:49.211,5200,5200,0,2003,1,999,2011-11-30 18:32:50.941,NOT_SET
595,595,0,8,13,2011-12-01 11:32:43.612,1222,1222,0,506,0,201111301,2011-12-01 11:32:43.612,NOT_SET
596,596,0,67,12,2011-12-02 23:24:26.032,15200,10100,0,506,0,20111215,2011-12-01 17:23:23.235,NOT_SET
597,597,0,8,4,2011-11-21 18:33:59.826,1500,1800,0,1800,0,999,2011-11-21 17:49:53.501,NOT_SET
598,598,0,999,0,2011-11-30 22:56:34.384,5200,5200,0,2003,0,999,2011-11-30 22:39:39.905,NOT_SET
599,599,0,999,0,2011-11-30 22:22:28.182,5200,5200,0,2003,0,999,2011-11-30 20:06:21.999,NOT_SET
600,600,0,999,0,2011-12-02 18:34:48.104,13400,2003,0,10900,0,999,2011-12-02 18:30:10.715,NOT_SET
601,601,0,999,0,2011-12-02 11:37:26.446,1215,1215,0,2003,0,999,2011-12-02 11:37:26.446,NOT_SET
602,602,0,2,13,2011-11-29 16:25:14.274,1208,1208,0,502,0,201111294,2011-11-29 16:25:14.274,NOT_SET
603,603,0,999,0,2011-12-02 09:51:17.277,1205,1205,0,2003,0,999,2011-12-02 09:51:17.277,NOT_SET
604,604,0,999,0,2011-11-30 23:25:41.977,1221,1221,0,2003,0,999,2011-11-30 23:25:41.977,NOT_SET
605,605,0,999,0,2011-12-02 07:38:56.940,1206,1206,0,2003,0,999,2011-12-02 07:38:56.940,NOT_SET
606,606,0,999,0,2011-12-02 10:14:28.378,1205,1205,0,2003,0,999,2011-12-02 10:14:28.378,NOT_SET
607,607,0,999,0,2011-12-02 12:13:29.686,1215,1215,0,2003,0,999,2011-12-02 12:13:29.686,NOT_SET
608,608,0,999,0,2011-11-30 22:42:41.607,5200,5200,0,2003,0,999,2011-11-30 22:31:08.380,NOT_SET
609,609,0,999,0,2011-12-02 09:48:12.472,1213,1213,0,2003,0,999,2011-12-02 09:48:12.472,NOT_SET
610,610,0,999,0,2011-12-02 09:47:06.977,1213,1213,0,2003,0,999,2011-12-02 09:47:06.977,NOT_SET
611,611,0,999,0,2011-11-30 23:27:24.274,1221,1221,0,2003,0,999,2011-11-30 23:27:24.274,NOT_SET
612,612,0,999,0,2011-12-02 08:53:57.681,1211,1211,0,2003,0,999,2011-12-02 08:53:57.681,NOT_SET
613,613,0,2,7,2011-11-07 08:53:29.552,1500,1800,0,1800,0,999,2011-11-07 06:28:48.730,NOT_SET
614,614,0,999,0,2011-12-02 09:44:55.979,1213,1213,0,2003,0,999,2011-12-02 09:44:55.979,NOT_SET
615,615,0,999,0,2011-12-01 20:55:14.293,13400,2003,0,10900,0,999,2011-12-01 20:51:25.194,NOT_SET
616,616,0,67,12,2011-12-02 21:54:28.220,1230,1230,0,506,0,20111224,2011-12-02 21:54:28.220,NOT_SET
617,617,0,66,12,2011-12-02 20:46:16.377,1233,1233,0,506,0,20111223,2011-12-02 20:46:16.377,NOT_SET
618,618,0,999,0,2011-11-30 22:02:04.292,5200,5200,0,2003,0,999,2011-11-30 19:48:28.416,NOT_SET
619,619,0,999,0,2011-12-01 20:39:14.323,13400,2003,0,1800,0,999,2011-12-01 20:34:15.022,NOT_SET
620,620,0,67,12,2011-12-02 22:39:14.263,10100,10100,0,506,0,20111215,2011-12-01 17:08:56.479,NOT_SET
621,621,0,999,0,2011-12-02 00:41:04.287,1226,1226,0,2003,0,999,2011-12-02 00:41:04.287,NOT_SET
622,622,0,999,0,2011-12-02 08:06:55.724,1210,1210,0,2003,0,999,2011-12-02 08:06:55.724,NOT_SET
623,623,0,72,12,2011-12-02 21:38:03.364,1223,1223,0,506,0,20111224,2011-12-02 21:38:03.364,NOT_SET
624,624,0,999,0,2011-12-01 21:07:03.823,13400,2003,0,11900,0,999,2011-12-01 21:03:14.924,NOT_SET
626,626,0,999,0,2011-12-02 20:52:07.892,13400,2003,0,3700,0,999,2011-12-02 20:48:00.086,NOT_SET
627,627,0,67,12,2011-12-02 22:34:39.648,1230,1230,0,502,0,20111224,2011-12-02 22:34:39.648,NOT_SET
629,629,0,7,13,2011-11-21 10:47:09.229,1225,1225,0,502,0,201111214,2011-11-21 10:47:09.229,NOT_SET
630,630,0,999,0,2011-12-03 00:47:43.017,300,403,0,11900,0,999,2011-12-02 22:14:02.789,NOT_SET
631,631,0,66,12,2011-12-02 18:48:05.160,1233,1233,0,506,0,20111223,2011-12-02 18:48:05.160,NOT_SET
633,633,0,67,12,2011-11-30 15:02:37.314,702,700,0,506,0,201111302,2011-11-30 12:22:17.251,NOT_SET
634,634,0,66,12,2011-12-02 21:02:59.149,1400,500,0,506,1,20111223,2011-12-02 16:00:17.373,NOT_SET
635,635,0,999,0,2011-12-02 20:33:41.161,13400,2003,0,1800,0,999,2011-12-02 20:29:40.234,NOT_SET
636,636,0,96,11,2011-11-28 17:12:10.727,1229,1229,0,506,0,201111286,2011-11-28 17:12:10.727,NOT_SET
638,638,0,999,0,2011-12-02 10:12:10.479,1205,1205,0,2003,0,999,2011-12-02 10:12:10.479,NOT_SET
639,639,0,999,0,2011-12-03 00:47:13.906,2003,2003,0,1800,1,999,2011-12-01 20:21:10.564,NOT_SET
640,640,0,2,13,2011-11-29 15:03:21.300,1218,1218,0,502,0,201111294,2011-11-29 15:03:21.300,NOT_SET
641,641,0,999,0,2011-12-02 07:16:37.363,1206,1206,0,2003,0,999,2011-12-02 07:16:37.363,NOT_SET
642,642,0,8,13,2011-11-30 07:54:24.019,1212,1212,0,502,0,201111301,2011-11-30 07:54:24.019,NOT_SET
645,645,0,999,0,2011-12-02 05:29:41.157,2012,2003,0,10900,0,999,2011-11-22 20:07:58.171,NOT_SET
646,646,0,96,11,2011-12-02 14:02:41.998,1229,1229,0,502,1,201111286,2011-11-28 16:42:38.949,NOT_SET
647,647,0,999,0,2011-12-01 15:21:17.321,2005,2003,0,11900,1,999,2011-11-30 17:29:26.330,NOT_SET
649,649,0,66,12,2011-12-02 20:15:17.484,1232,1232,0,502,0,20111223,2011-12-02 20:15:17.484,NOT_SET
650,650,0,999,0,1970-01-22 07:00:00.000,14100,14100,0,0,0,999,1970-01-22 07:00:00.000,NOT_SET
652,652,0,2,13,2011-12-01 13:58:43.408,1224,1224,0,506,0,201111172,2011-12-01 13:58:43.408,NOT_SET
653,653,0,999,0,2011-12-03 00:47:31.010,2001,2003,0,11900,1,999,2011-12-02 22:58:46.438,NOT_SET
654,654,0,66,12,2011-12-02 17:13:45.432,1231,1231,0,502,0,20111223,2011-12-02 17:13:45.432,NOT_SET
655,655,0,97,11,2011-11-22 14:31:32.505,1209,1209,0,502,0,201111223,2011-11-22 14:31:32.505,NOT_SET
656,656,0,67,12,2011-12-02 22:18:53.487,1230,1230,0,506,0,20111224,2011-12-02 22:18:53.487,NOT_SET
657,657,0,999,0,2011-12-01 15:33:28.142,1221,1221,0,2003,0,999,2011-12-01 15:33:28.142,NOT_SET
658,658,0,66,12,2011-12-02 17:46:57.256,1231,1231,0,502,0,20111223,2011-12-02 17:46:57.256,NOT_SET
659,659,0,999,0,2011-12-02 01:23:34.724,1226,1226,0,2003,0,999,2011-12-02 01:23:34.724,NOT_SET
660,660,0,999,0,2011-11-30 23:13:12.830,5200,5200,0,2003,0,999,2011-11-30 23:00:04.076,NOT_SET
661,661,0,999,0,2011-12-02 09:01:43.411,1211,1211,0,2003,0,999,2011-12-02 09:01:43.411,NOT_SET
662,662,0,999,0,2011-12-02 00:46:26.891,1226,1226,0,11900,0,999,2011-12-02 00:46:26.891,NOT_SET
664,664,0,999,0,2011-12-02 11:06:56.685,1217,1217,0,2003,0,999,2011-12-02 11:06:56.685,NOT_SET
665,665,0,2,13,2011-11-29 14:57:48.401,1218,1218,0,506,0,201111294,2011-11-29 14:57:48.401,NOT_SET
666,666,0,999,0,2011-12-02 12:50:18.933,1214,1214,0,2003,0,999,2011-12-02 12:50:18.933,NOT_SET
667,667,0,999,0,2011-12-02 07:07:45.629,1204,1204,0,2003,0,999,2011-12-02 07:07:45.629,NOT_SET
668,668,0,67,12,2011-12-02 18:07:27.244,2500,500,0,506,0,20111215,2011-12-01 18:01:08.192,NOT_SET
669,669,0,8,12,2011-12-02 11:21:51.031,1222,1222,0,506,1,201111301,2011-12-01 11:09:32.922,NOT_SET
670,670,0,66,12,2011-12-02 19:52:47.583,1232,1232,0,502,0,20111223,2011-12-02 19:52:47.583,NOT_SET
673,673,0,7,13,2011-11-21 08:19:38.682,1219,1219,0,502,0,201111214,2011-11-21 08:19:38.682,NOT_SET
675,675,0,67,12,2011-12-03 00:47:54.814,509,1230,0,502,1,20111231,2011-01-03 12:57:42.0,NOT_SET
676,676,0,2,13,2011-11-29 14:55:29.892,1218,1218,0,506,0,201111294,2011-11-29 14:55:29.892,NOT_SET
677,677,0,2,13,2011-12-02 15:13:42.214,1228,1228,0,11900,0,999,2011-12-02 15:13:42.214,NOT_SET
679,679,0,8,13,2011-12-02 07:30:21.508,1222,1222,0,506,0,201111301,2011-12-02 07:30:21.508,NOT_SET
680,680,0,999,0,2011-12-02 13:12:45.009,1214,1214,0,2003,0,999,2011-12-02 13:12:45.009,NOT_SET
681,681,0,999,0,2011-11-30 23:01:56.628,5200,5200,0,2003,0,999,2011-11-30 22:54:28.273,NOT_SET
683,683,0,66,12,2011-12-02 19:50:13.261,1233,1233,0,502,0,20111223,2011-12-02 19:50:13.261,NOT_SET
684,684,0,999,0,2011-11-30 23:08:46.427,5200,5200,0,2003,0,999,2011-11-30 22:46:25.068,NOT_SET
685,685,0,999,0,2011-12-02 08:10:12.336,1210,1210,0,2003,0,999,2011-12-02 08:10:12.336,NOT_SET
686,686,0,67,12,2011-12-02 22:19:29.990,1230,1230,0,502,0,20111224,2011-12-02 22:19:29.990,NOT_SET
687,687,0,67,12,2011-12-02 23:00:30.328,15600,10100,0,502,0,20111215,2011-12-01 17:21:41.329,NOT_SET
688,688,0,66,12,2011-12-02 20:32:45.851,1233,1233,0,502,0,20111223,2011-12-02 20:32:45.851,NOT_SET
689,689,0,999,0,2011-12-02 16:14:23.410,2005,2003,0,10900,1,999,2011-11-30 17:52:57.720,NOT_SET
690,690,0,999,0,2011-11-30 23:38:50.831,5200,5200,0,10900,0,999,2011-11-30 23:10:26.421,NOT_SET
691,691,0,999,0,2011-12-02 00:01:28.040,1226,1226,0,2003,0,999,2011-12-02 00:01:28.040,NOT_SET
693,693,0,66,12,2011-12-02 20:59:04.822,1233,1233,0,405,0,0,2011-12-02 20:59:04.822,NOT_SET
694,694,0,999,0,2011-12-02 08:01:11.288,13400,2003,0,11900,0,999,2011-12-02 07:18:32.579,NOT_SET
695,695,0,999,0,2011-11-30 23:20:17.581,5200,5200,0,2003,0,999,2011-11-30 23:05:41.331,NOT_SET
696,696,0,67,12,2011-12-02 22:17:40.883,1230,1230,0,506,0,20111224,2011-12-02 22:17:40.883,NOT_SET
697,697,0,2,13,2011-12-01 13:17:24.974,1224,1224,0,502,0,201111294,2011-12-01 13:17:24.974,NOT_SET
698,698,0,2,13,2011-12-01 13:49:58.783,1224,1224,0,506,0,201111172,2011-12-01 13:49:58.783,NOT_SET
700,700,0,96,11,2011-12-01 10:13:39.761,1227,1227,0,502,0,201111286,2011-12-01 10:13:39.761,NOT_SET
701,701,0,999,0,2011-12-02 07:37:51.646,1206,1206,0,2003,0,999,2011-12-02 07:37:51.646,NOT_SET
702,702,0,999,0,2011-12-01 20:33:23.318,13400,2003,0,10900,0,999,2011-12-01 20:29:34.569,NOT_SET
703,703,0,67,12,2011-12-02 22:31:08.464,1230,1230,0,506,0,20111224,2011-12-02 22:31:08.464,NOT_SET
704,704,0,999,0,2011-12-02 08:08:01.238,1210,1210,0,2003,0,999,2011-12-02 08:08:01.238,NOT_SET
705,705,0,66,12,2011-12-02 23:29:52.532,15500,10100,0,502,0,20111223,2011-12-02 18:27:43.794,NOT_SET
706,706,0,999,0,2011-12-03 00:48:44.316,2030,403,0,3700,0,999,2011-12-01 20:19:57.679,NOT_SET
708,708,0,999,0,2011-12-01 23:59:20.647,1226,1226,0,2003,0,999,2011-12-01 23:59:20.647,NOT_SET
709,709,0,999,0,2011-11-30 22:35:19.491,5200,5200,0,2003,0,999,2011-11-30 22:11:23.035,NOT_SET
711,711,0,66,12,2011-12-02 16:21:03.635,1231,1231,0,506,0,20111223,2011-12-02 16:21:03.635,NOT_SET
712,712,0,96,11,2011-11-28 17:06:31.399,1229,1229,0,506,0,201111286,2011-11-28 17:06:31.399,NOT_SET
713,713,0,66,12,2011-12-02 20:45:18.073,1233,1233,0,502,0,20111223,2011-12-02 20:45:18.073,NOT_SET
714,714,0,66,12,2011-12-02 20:10:51.371,1232,1232,0,502,0,20111223,2011-12-02 20:10:51.371,NOT_SET
715,715,0,999,0,2011-11-30 23:14:40.626,5200,5200,0,2003,0,999,2011-11-30 23:00:54.879,NOT_SET
716,716,0,999,0,2011-12-01 15:36:21.491,1221,1221,0,2003,0,999,2011-12-01 15:36:21.491,NOT_SET
717,717,0,999,0,2011-12-02 23:48:39.132,13500,2003,0,10900,0,999,2011-12-02 23:44:50.923,NOT_SET
718,718,0,999,0,2011-12-01 00:04:59.517,1221,1221,0,2003,0,999,2011-12-01 00:04:59.517,NOT_SET
719,719,0,96,11,2011-11-28 17:37:46.616,1229,1229,0,502,0,201111286,2011-11-28 17:37:46.616,NOT_SET
720,720,0,67,12,2011-12-02 22:17:12.783,1000,500,0,506,0,20111215,2011-12-01 17:15:59.227,NOT_SET
721,721,0,999,0,2011-12-02 18:19:35.992,13400,2003,0,1800,0,999,2011-12-02 18:15:47.243,NOT_SET
722,722,0,66,12,2011-12-02 16:07:57.505,1231,1231,0,506,0,20111223,2011-12-02 16:07:57.505,NOT_SET
723,723,0,999,0,2011-12-02 06:42:38.021,1204,1204,0,2003,0,999,2011-12-02 06:42:38.021,NOT_SET
724,724,0,999,0,2011-12-02 00:43:44.087,1226,1226,0,2003,0,999,2011-12-02 00:43:44.087,NOT_SET
725,725,0,67,12,2011-11-30 15:01:02.397,702,700,0,502,0,201111302,2011-11-30 12:20:57.246,NOT_SET
726,726,0,999,0,2011-11-30 22:38:07.613,5200,5200,0,2003,0,999,2011-11-30 22:17:14.731,NOT_SET
727,727,0,999,0,2011-12-03 00:47:14.607,2003,2003,0,10900,0,999,2011-12-02 22:39:30.566,NOT_SET
728,728,0,999,0,2011-11-30 23:22:15.080,1221,1221,0,2003,0,999,2011-11-30 23:22:15.080,NOT_SET
729,729,0,999,0,2011-11-30 14:26:50.817,800,2003,0,800,1,0000,2011-11-30 14:26:50.817,NOT_SET
730,730,0,999,0,2011-12-03 00:47:17.731,2002,2003,0,11900,1,999,2011-12-02 22:47:27.883,NOT_SET
731,731,0,999,0,2011-12-01 09:19:10.279,2005,2003,0,11900,1,999,2011-12-01 08:48:48.540,NOT_SET
732,732,0,2,13,2011-11-29 14:59:01.276,1218,1218,0,506,0,201111294,2011-11-29 14:59:01.276,NOT_SET
734,734,0,7,6,2011-11-21 10:50:44.328,1225,1225,0,405,0,0,2011-11-21 10:50:44.328,NOT_SET
735,735,0,72,11,2011-12-02 23:14:24.177,1223,1223,0,502,0,20111224,2011-12-02 23:14:24.177,NOT_SET
736,736,0,96,11,2011-11-28 17:07:55.009,1229,1229,0,502,0,201111286,2011-11-28 17:07:55.009,NOT_SET
737,737,0,66,12,2011-12-02 20:13:13.485,1232,1232,0,502,0,20111223,2011-12-02 20:13:13.485,NOT_SET
738,738,0,999,0,2011-11-30 22:36:18.105,5200,5200,0,2003,0,999,2011-11-30 22:12:58.943,NOT_SET
739,739,0,999,0,2011-12-02 12:17:59.725,1207,1207,0,2003,0,999,2011-12-02 12:17:59.725,NOT_SET
740,740,0,72,12,2011-12-01 19:32:36.514,1223,1223,0,502,0,20111215,2011-12-01 19:32:36.514,NOT_SET
741,741,0,66,12,2011-12-02 23:29:49.728,14600,10100,0,506,1,20111223,2011-12-02 18:43:34.250,NOT_SET
742,742,0,999,0,2011-12-02 22:58:19.229,300,403,0,11900,0,999,2011-12-02 22:03:45.572,NOT_SET
743,743,0,999,0,2011-12-02 09:53:20.715,1205,1205,0,2003,0,999,2011-12-02 09:53:20.715,NOT_SET
744,744,0,2,13,2011-11-29 16:29:14.400,1208,1208,0,506,0,201111294,2011-11-29 16:29:14.400,NOT_SET
745,745,0,66,12,2011-12-02 22:22:00.136,500,500,0,506,0,20111223,2011-12-02 17:55:02.483,NOT_SET
746,746,0,66,12,2011-12-02 13:44:19.513,1200,500,0,502,0,20111213,2011-12-01 02:21:22.203,NOT_SET
747,747,0,999,0,2011-12-02 11:08:02.289,1217,1217,0,2003,0,999,2011-12-02 11:08:02.289,NOT_SET
748,748,0,999,0,2011-12-01 00:08:11.113,1221,1221,0,2003,0,999,2011-12-01 00:08:11.113,NOT_SET
749,749,0,67,12,2011-12-02 22:13:54.277,1000,500,0,502,0,20111215,2011-12-01 17:12:21.284,NOT_SET
750,750,0,999,0,2011-12-02 10:22:45.893,1217,1217,0,2003,0,999,2011-12-02 10:22:45.893,NOT_SET
801,801,0,999,0,2011-12-02 12:46:58.385,1207,1207,0,2003,0,999,2011-12-02 12:46:58.385,NOT_SET
802,802,0,66,12,2011-12-02 17:14:51.136,1231,1231,0,506,0,20111223,2011-12-02 17:14:51.136,NOT_SET
804,804,0,72,12,2011-12-02 21:12:53.583,1223,1223,0,506,0,20111224,2011-12-02 21:12:53.583,NOT_SET
805,805,0,8,13,2011-12-01 12:24:47.394,1222,1222,0,506,0,201111301,2011-12-01 12:24:47.394,NOT_SET
806,806,0,7,13,2011-11-21 08:16:14.679,1219,1219,0,506,0,201111214,2011-11-21 08:16:14.679,NOT_SET
807,807,0,999,0,2011-12-02 08:50:41.199,1211,1211,0,2003,0,999,2011-12-02 08:50:41.199,NOT_SET
810,810,0,66,12,2011-12-02 22:19:46.383,500,500,0,506,0,20111223,2011-12-02 17:52:44.255,NOT_SET
811,811,0,7,13,2011-11-21 16:24:20.790,1225,1225,0,506,0,201111214,2011-11-21 16:24:20.790,NOT_SET
812,812,0,999,0,2011-12-02 12:45:46.121,1207,1207,0,2003,0,999,2011-12-02 12:45:46.121,NOT_SET
815,815,0,66,12,2011-12-02 19:59:32.134,1232,1232,0,502,0,20111223,2011-12-02 19:59:32.134,NOT_SET
816,816,0,999,0,2011-12-02 16:05:59.986,2010,2003,0,11900,1,999,2011-12-01 07:47:36.630,NOT_SET
818,818,0,67,12,2011-12-02 23:29:16.239,15500,10100,0,502,0,20111224,2011-12-02 21:52:12.916,NOT_SET
820,820,0,97,11,2011-11-30 14:49:19.286,702,700,0,502,1,201111223,2011-11-22 16:02:52.615,NOT_SET
821,821,0,8,13,2011-11-30 07:55:29.763,1212,1212,0,506,0,201111301,2011-11-30 07:55:29.763,NOT_SET
822,822,0,999,0,2011-12-02 09:02:48.835,1211,1211,0,2003,0,999,2011-12-02 09:02:48.835,NOT_SET
824,824,0,66,12,2011-12-02 20:16:40.964,1232,1232,0,506,0,20111223,2011-12-02 20:16:40.964,NOT_SET
827,827,0,2,13,2011-12-01 13:51:25.989,1224,1224,0,502,0,201111172,2011-12-01 13:51:25.989,NOT_SET
834,834,0,999,0,2011-11-30 23:11:50.031,5200,5200,0,2003,0,999,2011-11-30 22:48:06.664,NOT_SET
836,836,0,999,0,2011-11-30 21:56:05.456,5200,2003,0,2003,0,999,2011-11-30 19:42:14.798,NOT_SET
837,837,0,999,0,2011-12-02 08:13:28.839,1210,1210,0,2003,0,999,2011-12-02 08:13:28.839,NOT_SET
838,838,0,999,0,2011-12-02 00:42:24.292,1226,1226,0,2003,0,999,2011-12-02 00:42:24.292,NOT_SET
839,839,0,66,12,2011-12-02 19:51:09.512,1232,1232,0,502,0,20111223,2011-12-02 19:51:09.512,NOT_SET
840,840,0,96,0,2011-12-02 16:41:14.306,12400,11900,0,11900,0,999,2011-12-02 16:20:01.936,NOT_SET
841,841,0,999,0,2011-12-02 01:22:07.719,1226,1226,0,2003,0,999,2011-12-02 01:22:07.719,NOT_SET
842,842,0,66,12,2011-12-02 16:48:30.133,1231,1231,0,506,0,20111223,2011-12-02 16:48:30.133,NOT_SET
844,844,0,67,12,2011-12-02 22:14:59.982,1000,500,0,506,0,20111215,2011-12-01 17:13:18.736,NOT_SET
845,845,0,999,0,2011-12-02 11:26:22.821,13400,2003,0,3700,0,999,2011-12-02 10:59:46.126,NOT_SET
846,846,0,999,0,2011-12-03 00:47:52.711,13500,2003,0,10900,1,999,2011-12-02 23:22:34.622,NOT_SET
851,851,0,67,12,2011-12-02 23:25:31.126,15200,10100,0,502,0,20111215,2011-12-01 17:23:59.678,NOT_SET
852,852,0,96,11,2011-11-28 17:40:27.016,1229,1229,0,502,0,201111286,2011-11-28 17:40:27.016,NOT_SET
855,855,0,999,0,2011-11-30 22:37:16.509,5200,5200,0,2003,0,999,2011-11-30 22:14:33.950,NOT_SET
856,856,0,66,12,2011-12-02 20:06:58.146,1232,1232,0,506,0,20111223,2011-12-02 20:06:58.146,NOT_SET
857,857,0,999,0,2011-12-02 07:40:02.244,1206,1206,0,2003,0,999,2011-12-02 07:40:02.244,NOT_SET
858,858,0,7,13,2011-11-21 10:42:21.184,1225,1225,0,502,0,201111214,2011-11-21 10:42:21.184,NOT_SET
860,860,0,999,0,2011-11-30 21:50:41.030,5200,2003,0,2003,0,999,2011-11-30 18:42:13.490,NOT_SET
862,862,0,999,0,2011-12-02 10:22:40.395,1217,1217,0,2003,1,999,2011-12-02 10:21:40.199,NOT_SET
863,594,0,999,0,2011-12-01 18:15:43.431,5200,5200,0,506,0,20111215,2011-12-01 15:25:58.435,NOT_SET
864,88,0,67,12,2011-12-02 23:12:55.379,15400,10100,0,506,0,20111215,2011-12-01 17:18:27.530,NOT_SET
865,910,0,67,12,2011-11-30 14:56:17.988,702,700,0,506,0,201111302,2011-11-30 12:06:41.916,NOT_SET
866,911,0,999,0,2011-11-30 22:54:29.975,5200,5200,0,2003,0,999,2011-11-30 22:33:49.381,NOT_SET
867,918,0,999,0,2011-12-01 22:19:38.675,13400,2003,0,10900,0,999,2011-12-01 22:15:20.584,NOT_SET
868,913,0,66,12,2011-12-02 19:51:56.469,1232,1232,0,506,0,20111223,2011-12-02 19:51:56.469,NOT_SET
869,905,0,999,0,2011-12-03 00:47:26.113,2002,2003,0,10900,0,999,2011-12-02 22:50:15.834,NOT_SET
870,902,0,96,11,2011-11-28 17:14:51.048,1229,1229,0,506,0,201111286,2011-11-28 17:14:51.048,NOT_SET
871,901,0,999,0,2011-12-02 18:32:22.104,13400,2003,0,11900,0,999,2011-12-02 18:28:33.595,NOT_SET
872,900,0,66,12,2011-12-02 20:12:11.676,1232,1232,0,506,0,20111223,2011-12-02 20:12:11.676,NOT_SET
873,906,0,999,0,2011-12-02 00:47:46.696,1226,1226,0,2003,0,999,2011-12-02 00:47:46.696,NOT_SET
874,904,0,67,12,2011-12-02 20:40:30.750,2500,500,0,506,0,20111215,2011-12-01 18:05:47.183,NOT_SET
875,903,0,999,0,2011-12-02 21:41:45.674,13400,2003,0,2003,0,999,2011-12-02 21:37:56.765,NOT_SET
876,909,0,8,13,2011-11-30 08:43:56.012,1216,1216,0,506,0,201111301,2011-11-30 08:43:56.012,NOT_SET
877,907,0,97,11,2011-12-02 14:00:28.586,1209,1209,0,506,1,201111223,2011-11-22 14:26:04.774,NOT_SET
878,912,0,8,13,2011-12-02 12:06:43.352,1222,1222,0,506,0,201111301,2011-12-02 12:06:43.352,NOT_SET
879,917,0,999,0,2011-12-02 08:11:17.931,1210,1210,0,2003,0,999,2011-12-02 08:11:17.931,NOT_SET
880,919,0,96,11,2011-11-28 17:13:30.842,1229,1229,0,502,0,201111286,2011-11-28 17:13:30.842,NOT_SET
881,915,0,67,12,2011-12-03 00:51:30.114,1230,1230,0,506,0,20111231,2011-12-03 00:51:30.114,NOT_SET
882,908,0,999,0,2011-12-02 13:17:06.705,1214,1214,0,2003,0,999,2011-12-02 13:17:06.705,NOT_SET
883,914,0,999,0,2011-12-02 21:43:42.282,13400,2003,0,2003,0,999,2011-12-02 21:39:09.670,NOT_SET
