ID,carrierNumber,tagID,dieNumber,quantity,updateDate,currentLocation,destination,status,originationLocation,buffer,productionRunNumber,productionRunTimestamp
1,1,0,999,0,2011-12-02 16:05:58.584,2012,2003,0,10900,0,999,2011-11-22 20:22:37.225
3,3,0,66,7,2011-12-02 23:12:50.181,15400,10100,0,506,1,20111223,2011-12-02 20:51:52.600
4,4,0,67,12,2011-12-02 23:01:22.332,1230,1230,0,502,0,20111224,2011-12-02 23:01:22.332
5,5,0,66,12,2011-12-02 19:54:55.487,1232,1232,0,502,0,20111223,2011-12-02 19:54:55.487
7,7,0,999,0,2011-12-02 11:27:42.816,1217,1217,0,2003,0,999,2011-12-02 11:27:42.816
9,9,0,999,0,2011-11-01 10:06:45.447,2017,2003,3,0,0,999,1970-01-22 07:00:00.000
10,10,0,999,0,2011-12-02 18:33:35.219,13400,2003,0,1800,0,999,2011-12-02 18:29:12.501
11,11,0,999,0,2011-12-02 10:17:51.500,1205,1205,0,2003,0,999,2011-12-02 10:17:51.500
12,12,0,96,11,2011-12-02 15:16:45.117,1229,1229,0,506,0,201111286,2011-12-02 15:16:45.117
15,15,0,66,12,2011-12-02 20:05:01.328,1232,1232,0,506,0,20111223,2011-12-02 20:05:01.328
17,17,0,999,0,2011-12-02 00:03:38.948,1226,1226,0,10900,0,999,2011-12-02 00:03:38.948
18,18,0,7,13,2011-11-21 16:12:41.465,1225,1225,0,506,0,201111214,2011-11-21 16:12:41.465
19,19,0,2,13,2011-11-29 16:30:41.996,1208,1208,0,502,0,201111294,2011-11-29 16:30:41.996
20,20,0,66,12,2011-12-02 13:13:58.504,1200,500,0,506,1,20111213,2011-12-01 02:12:59.350
21,21,0,67,12,2011-12-02 21:55:33.725,1230,1230,0,506,0,20111224,2011-12-02 21:55:33.725
22,22,0,999,0,2011-11-30 23:17:36.779,5200,5200,0,2003,0,999,2011-11-30 22:59:15.376
23,23,0,999,0,2011-12-02 11:01:21.633,1217,1217,0,2003,0,999,2011-12-02 11:01:21.633
24,24,0,999,0,2011-12-01 21:47:34.979,13400,2003,0,10900,0,999,2011-12-01 21:43:17.529
25,25,0,67,12,2011-12-02 18:19:51.545,2500,500,0,502,0,20111215,2011-12-01 18:02:49.578
26,26,0,72,12,2011-12-02 23:15:58.582,1223,1223,0,506,0,20111224,2011-12-02 23:15:58.582
27,27,0,66,12,2011-12-02 16:32:27.709,1231,1231,0,506,0,20111223,2011-12-02 16:32:27.709
28,28,0,67,12,2011-12-02 23:03:11.680,1230,1230,0,506,0,20111224,2011-12-02 23:03:11.680
29,29,0,66,12,2011-12-02 13:13:57.793,1200,500,0,502,0,20111213,2011-12-01 02:14:56.048
30,30,0,67,11,2011-12-02 23:28:22.432,15500,10100,0,506,1,20111224,2011-12-02 21:49:00.920
32,32,0,999,0,2011-12-01 18:13:52.822,5200,5200,0,2003,0,999,2011-12-01 16:10:53.601
33,33,0,67,12,2011-12-02 22:37:50.152,1230,1230,0,506,0,20111224,2011-12-02 22:37:50.152
34,34,0,66,12,2011-12-02 20:19:43.186,1232,1232,0,502,0,20111223,2011-12-02 20:19:43.186
35,35,0,66,12,2011-12-02 23:13:36.879,15600,10100,0,502,0,20111223,2011-12-02 17:56:22.589
36,36,0,72,12,2011-12-02 21:47:23.410,1223,1223,0,502,0,20111224,2011-12-02 21:47:23.410
37,37,0,999,0,2011-12-02 09:52:22.581,1205,1205,0,2003,0,999,2011-12-02 09:52:22.581
38,38,0,2,13,2011-12-01 13:57:19.407,1224,1224,0,502,0,201111172,2011-12-01 13:57:19.407
39,39,0,999,0,2011-12-01 00:15:11.247,1221,1221,0,2003,0,999,2011-12-01 00:15:11.247
40,40,0,72,12,2011-12-01 19:28:58.581,1223,1223,0,506,0,20111215,2011-12-01 19:28:58.581
41,41,0,96,11,2011-11-28 17:23:29.103,1229,1229,0,502,0,201111286,2011-11-28 17:23:29.103
42,42,0,999,0,2011-11-30 22:55:35.780,5200,5200,0,2003,0,999,2011-11-30 22:36:59.304
43,43,0,999,0,2011-12-02 07:36:46.342,1206,1206,0,2003,0,999,2011-12-02 07:36:46.342
44,44,0,999,0,2011-12-02 09:05:21.835,1213,1213,0,2003,0,999,2011-12-02 09:05:21.835
45,45,0,8,13,2011-12-01 11:40:32.266,1222,1222,0,502,0,201111301,2011-12-01 11:40:32.266
46,46,0,999,0,2011-12-02 15:35:05.720,1204,1204,0,502,0,20111215,2011-12-02 15:35:05.720
47,47,0,999,0,2011-12-01 09:50:12.677,2008,2003,0,1800,0,999,2011-11-22 20:29:53.642
48,48,0,97,11,2011-11-30 14:30:09.232,706,700,0,502,0,201111223,2011-11-22 14:37:19.204
50,50,0,66,12,2011-12-02 17:05:36.088,1231,1231,0,506,0,20111223,2011-12-02 17:05:36.088
51,51,0,66,12,2011-12-02 23:30:33.230,14600,10100,0,502,1,20111223,2011-12-02 18:44:47.065
52,52,0,999,0,2011-12-02 09:16:54.952,1213,1213,0,506,0,20111221,2011-12-02 09:16:54.952
53,53,0,8,13,2011-11-30 08:47:00.828,1216,1216,0,502,0,201111301,2011-11-30 08:47:00.828
56,56,0,8,13,2011-12-02 12:10:06.895,1222,1222,0,506,0,201111301,2011-12-02 12:10:06.895
58,58,0,67,12,2011-11-30 14:53:08.486,702,700,0,405,0,0,2011-11-30 12:59:45.083
59,59,0,999,0,2011-12-02 15:57:52.855,502,403,0,1800,0,999,2011-12-01 18:27:02.477
60,60,0,67,12,2011-12-02 23:22:09.025,15900,10100,0,502,1,20111215,2011-12-01 17:19:34.937
61,61,0,999,0,2011-12-01 21:27:17.008,13400,2003,0,3700,0,999,2011-12-01 21:22:39.268
62,62,0,2,13,2011-12-01 21:55:05.176,1224,1224,0,502,1,201111294,2011-12-01 13:09:28.869
63,63,0,96,11,2011-11-28 17:39:06.821,1229,1229,0,502,0,201111286,2011-11-28 17:39:06.821
65,65,0,8,9,2011-12-01 11:11:14.668,1222,1222,0,502,0,201111301,2011-12-01 11:11:14.668
67,67,0,999,0,2011-12-01 20:36:47.822,13400,2003,0,11900,0,999,2011-12-01 20:32:59.123
68,68,0,999,0,2011-12-02 11:28:55.521,1217,1217,0,2003,0,999,2011-12-02 11:28:55.521
69,69,0,999,0,2011-12-02 07:41:07.547,1206,1206,0,10900,0,999,2011-12-02 07:41:07.547
70,70,0,999,0,2011-12-02 08:23:53.387,1211,1211,0,2003,1,999,2011-12-02 08:22:53.090
71,71,0,66,12,2011-12-02 20:06:14.353,1232,1232,0,502,0,20111223,2011-12-02 20:06:14.353
72,72,0,999,0,2011-12-02 08:03:36.217,1210,1210,0,2003,0,999,2011-12-02 08:03:36.217
73,73,0,2,13,2011-11-29 15:02:08.485,1218,1218,0,506,0,201111294,2011-11-29 15:02:08.485
74,74,0,96,11,2011-12-01 10:10:19.453,1227,1227,0,502,0,201111286,2011-12-01 10:10:19.453
75,75,0,8,13,2011-11-30 08:40:51.727,1216,1216,0,502,0,201111301,2011-11-30 08:40:51.727
76,76,0,999,0,2011-12-02 12:39:42.588,1207,1207,0,2003,0,999,2011-12-02 12:39:42.588
77,77,0,999,0,2011-12-02 12:15:40.805,1215,1215,0,2003,0,999,2011-12-02 12:15:40.805
78,78,0,999,0,2011-12-02 16:06:40.404,2006,2003,0,10900,1,999,2011-12-01 08:50:46.179
79,79,0,999,0,2011-11-30 22:08:51.538,5200,5200,0,2003,0,999,2011-11-30 19:55:17.334
81,81,0,96,11,2011-11-28 17:09:10.228,1229,1229,0,506,0,201111286,2011-11-28 17:09:10.228
82,82,0,2,13,2011-12-01 13:48:32.099,1224,1224,0,502,0,201111172,2011-12-01 13:48:32.099
83,83,0,2,13,2011-12-01 13:12:38.472,1224,1224,0,502,0,201111294,2011-12-01 13:12:38.472
85,85,0,999,0,2011-12-02 00:39:44.452,1226,1226,0,2003,0,999,2011-12-02 00:39:44.452
86,86,0,66,12,2011-12-02 20:00:59.640,1232,1232,0,506,0,20111223,2011-12-02 20:00:59.640
90,90,0,66,12,2011-12-02 19:26:55.010,1233,1233,0,506,0,20111223,2011-12-02 19:26:55.010
91,91,0,72,12,2011-12-02 21:43:38.186,1223,1223,0,506,0,20111224,2011-12-02 21:43:38.186
92,92,0,1,1,2011-11-17 07:04:03.977,1500,3700,0,3700,0,201110187,2011-11-09 10:32:40.724
93,93,0,67,12,2011-12-02 21:58:57.718,1230,1230,0,502,0,20111224,2011-12-02 21:58:57.718
94,94,0,999,0,2011-12-02 07:35:41.138,1206,1206,0,2003,0,999,2011-12-02 07:35:41.138
95,95,0,999,0,2011-12-02 08:07:42.331,13400,2003,0,3700,0,999,2011-12-02 07:38:39.645
96,96,0,66,12,2011-12-02 20:08:47.553,1232,1232,0,502,0,20111223,2011-12-02 20:08:47.553
97,97,0,999,0,2011-12-02 07:15:24.659,1206,1206,0,2003,0,999,2011-12-02 07:15:24.659
98,98,0,72,12,2011-12-02 21:50:50.407,1223,1223,0,506,0,20111224,2011-12-02 21:50:50.407
99,99,0,8,13,2011-12-02 12:08:25.058,1222,1222,0,502,0,201111301,2011-12-02 12:08:25.058
100,100,0,8,13,2011-11-30 08:25:31.624,1216,1216,0,502,0,201111301,2011-11-30 08:25:31.624
101,101,0,7,13,2011-11-21 16:21:11.578,1225,1225,0,506,0,201111214,2011-11-21 16:21:11.578
102,102,0,999,0,2011-12-02 16:06:41.996,2007,403,0,3700,1,999,2011-12-01 08:46:04.834
103,103,0,96,11,2011-11-28 17:20:04.889,1229,1229,0,502,0,201111286,2011-11-28 17:20:04.889
104,104,0,67,12,2011-12-02 22:38:41.165,1230,1230,0,502,0,20111224,2011-12-02 22:38:41.165
108,108,0,999,0,2011-12-02 16:06:01.388,2011,2003,0,3700,1,999,2011-11-22 20:30:55.241
109,109,0,66,12,2011-12-02 16:20:19.932,1231,1231,0,502,0,20111223,2011-12-02 16:20:19.932
110,110,0,999,0,2011-12-02 08:09:06.732,1210,1210,0,2003,0,999,2011-12-02 08:09:06.732
111,111,0,999,0,2011-12-02 18:20:49.999,13400,2003,0,11900,0,999,2011-12-02 18:16:38.347
112,112,0,8,13,2011-12-01 12:22:21.995,1222,1222,0,506,0,201111301,2011-12-01 12:22:21.995
113,113,0,97,11,2011-11-22 14:32:45.200,1209,1209,0,506,0,201111223,2011-11-22 14:32:45.200
114,114,0,96,11,2011-11-28 17:10:43.231,1229,1229,0,502,0,201111286,2011-11-28 17:10:43.231
115,115,0,72,12,2011-12-02 21:45:05.381,1223,1223,0,502,0,20111224,2011-12-02 21:45:05.381
116,116,0,999,0,2011-12-02 06:44:59.725,1226,1226,0,2003,0,999,2011-12-02 06:44:59.725
117,117,0,999,0,2011-11-30 22:29:47.373,5200,5200,0,2003,0,999,2011-11-30 22:06:41.911
118,118,0,96,11,2011-11-28 16:46:46.936,1229,1229,0,502,0,201111286,2011-11-28 16:46:46.936
119,119,0,999,0,2011-12-02 11:35:15.147,1215,1215,0,2003,0,999,2011-12-02 11:35:15.147
120,120,0,67,12,2011-12-02 22:33:19.563,1230,1230,0,502,0,20111224,2011-12-02 22:33:19.563
121,121,0,66,12,2011-12-02 20:02:49.037,1232,1232,0,506,0,20111223,2011-12-02 20:02:49.037
122,122,0,66,12,2011-12-02 16:34:24.307,1231,1231,0,506,0,20111223,2011-12-02 16:34:24.307
123,123,0,66,12,2011-12-02 21:02:41.443,1100,500,0,502,1,20111223,2011-12-02 17:19:18.471
124,124,0,999,0,2011-12-02 11:05:51.281,1217,1217,0,2003,0,999,2011-12-02 11:05:51.281
126,126,0,999,0,2011-12-02 12:11:05.779,1215,1215,0,2003,0,999,2011-12-02 12:11:05.779
127,127,0,999,0,2011-12-02 12:50:11.833,1214,1214,0,1800,1,999,2011-12-02 12:49:11.636
128,128,0,999,0,2011-12-02 16:06:42.697,2004,2003,0,3700,0,999,2011-12-02 13:45:59.907
129,129,0,999,0,2011-11-30 23:02:54.691,5200,5200,0,2003,0,999,2011-11-30 22:56:03.279
130,130,0,999,0,2011-12-02 07:14:19.365,1206,1206,0,2003,0,999,2011-12-02 07:14:19.365
131,131,0,999,0,2011-12-02 09:43:50.375,1213,1213,0,2003,0,999,2011-12-02 09:43:50.375
132,132,0,999,1,2011-12-01 18:17:26.940,5200,5200,0,506,0,20111215,2011-12-01 15:27:18.230
133,133,0,999,0,2011-12-02 09:50:07.277,1205,1205,0,2003,1,999,2011-12-02 09:49:06.579
134,134,0,999,0,2011-12-02 00:02:33.434,1226,1226,0,2003,0,999,2011-12-02 00:02:33.434
135,135,0,999,0,2011-12-02 06:45:50.968,1204,1204,0,2003,0,999,2011-12-02 06:45:50.968
137,137,0,999,0,2011-12-02 06:43:43.435,1204,1204,0,2003,0,999,2011-12-02 06:43:43.435
138,138,0,8,13,2011-12-02 11:56:47.936,1212,1212,0,502,1,201111301,2011-11-30 07:51:13.835
139,139,0,2,13,2011-12-02 09:41:37.774,1218,1218,0,502,1,201111294,2011-11-29 14:54:16.296
140,140,0,67,12,2011-12-02 23:21:52.822,10100,10100,0,502,1,20111215,2011-12-01 17:07:58.075
141,141,0,999,0,2011-12-02 22:58:09.225,402,403,0,11900,0,999,2011-12-02 21:38:35.671
144,144,0,96,11,2011-12-01 10:12:05.064,1227,1227,0,506,0,201111286,2011-12-01 10:12:05.064
145,145,0,72,12,2011-12-02 21:24:38.817,1223,1223,0,502,0,20111224,2011-12-02 21:24:38.817
146,146,0,66,12,2011-12-02 20:14:19.090,1232,1232,0,506,0,20111223,2011-12-02 20:14:19.090
147,147,0,7,13,2011-11-21 16:18:06.282,1225,1225,0,502,0,201111214,2011-11-21 16:18:06.282
148,148,0,2,13,2011-11-29 16:23:54.179,1208,1208,0,506,0,201111294,2011-11-29 16:23:54.179
149,149,0,7,13,2011-11-21 15:58:48.617,1225,1225,0,502,0,20111192,2011-11-21 15:58:48.617
150,150,0,999,0,2011-12-02 23:49:51.926,13500,2003,0,11900,0,999,2011-12-02 23:46:03.828
151,151,0,999,0,2011-12-02 08:12:23.235,1210,1210,0,2003,0,999,2011-12-02 08:12:23.235
152,152,0,999,0,2011-11-30 23:19:25.776,5200,5200,0,2003,0,999,2011-11-30 23:04:06.434
153,153,0,8,13,2011-11-30 08:22:29.322,1216,1216,0,506,0,201111301,2011-11-30 08:22:29.322
154,154,0,999,0,2011-11-30 23:05:50.824,5200,5200,0,2003,0,999,2011-11-30 22:44:31.214
155,155,0,7,13,2011-11-23 08:24:31.948,1225,1225,0,506,1,201111214,2011-11-21 10:41:08.480
156,156,0,999,0,2011-11-30 23:18:57.776,1221,1221,0,3700,0,999,2011-11-30 23:18:57.776
157,157,0,999,0,2011-11-30 22:32:54.182,5200,5200,0,2003,0,999,2011-11-30 22:09:46.997
158,158,0,999,0,2011-12-02 01:20:50.228,1226,1226,0,2003,0,999,2011-12-02 01:20:50.228
159,159,0,96,11,2011-11-30 14:28:32.724,706,700,0,506,0,688,2011-11-28 12:00:00.0
160,160,0,72,12,2011-12-02 23:05:03.480,1223,1223,0,405,0,0,2011-12-02 23:05:03.480
161,161,0,999,0,2011-12-02 09:49:17.976,1213,1213,0,2003,0,999,2011-12-02 09:49:17.976
162,162,0,66,12,2011-12-02 16:35:07.999,1231,1231,0,502,0,20111223,2011-12-02 16:35:07.999
165,165,0,999,0,2011-12-02 21:48:41.011,1201,1201,0,502,1,20111224,2011-12-02 21:47:35.427
167,167,0,999,0,2011-12-02 18:12:46.243,13400,2003,0,2003,0,999,2011-12-02 18:08:52.447
168,168,0,66,12,2011-12-02 17:12:47.048,1231,1231,0,506,0,20111223,2011-12-02 17:12:47.048
170,170,0,8,13,2011-11-30 08:31:29.639,1216,1216,0,506,0,201111301,2011-11-30 08:31:29.639
171,171,0,67,0,2011-11-28 12:18:11.002,1500,3700,0,3700,0,999,2011-11-28 11:47:23.225
173,173,0,66,12,2011-12-02 17:12:10.545,1231,1231,0,502,0,20111223,2011-12-02 17:12:10.545
175,175,0,999,0,2011-12-02 08:04:41.621,1210,1210,0,2003,0,999,2011-12-02 08:04:41.621
178,178,0,999,0,2011-12-02 08:03:55.925,13400,2003,0,10900,0,999,2011-12-02 07:34:16.446
179,179,0,66,11,2011-12-02 17:43:03.249,1231,1231,0,506,0,20111223,2011-12-02 17:43:03.249
180,180,0,999,0,2011-12-02 09:05:16.347,1213,1213,0,2003,1,999,2011-12-02 09:04:16.231
181,181,0,66,12,2011-12-02 17:47:48.359,1231,1231,0,506,0,20111223,2011-12-02 17:47:48.359
182,182,0,66,12,2011-12-02 16:08:34.007,1231,1231,0,502,0,20111223,2011-12-02 16:08:34.007
183,183,0,66,12,2011-12-02 17:44:38.056,1231,1231,0,502,0,20111223,2011-12-02 17:44:38.056
185,185,0,999,0,2011-12-02 08:58:27.019,1211,1211,0,2003,0,999,2011-12-02 08:58:27.019
186,186,0,67,12,2011-12-02 20:14:30.686,2500,500,0,502,0,20111215,2011-12-01 18:05:00.086
187,187,0,66,12,2011-12-02 23:30:07.473,14600,10100,0,506,0,20111223,2011-12-02 18:45:38.058
188,188,0,66,12,2011-12-02 20:21:31.592,1232,1232,0,506,0,20111223,2011-12-02 20:21:31.592
189,189,0,66,12,2011-12-02 13:14:55.707,1200,500,0,502,0,20111213,2011-12-01 02:16:52.996
190,190,0,999,0,2011-12-01 21:24:50.878,13400,2003,0,10900,0,999,2011-12-01 21:20:35.370
192,192,0,999,0,2011-12-02 13:14:55.797,1214,1214,0,2003,0,999,2011-12-02 13:14:55.797
193,193,0,66,12,2011-12-02 23:22:37.125,15300,10100,0,506,1,20111223,2011-12-02 18:00:55.731
194,194,0,8,13,2011-11-30 08:23:27.516,1216,1216,0,502,0,201111301,2011-11-30 08:23:27.516
195,195,0,999,0,2011-12-02 23:35:38.679,13500,2003,0,11900,0,999,2011-12-02 23:31:50.181
197,197,0,999,0,2011-12-01 00:11:21.566,1221,1221,0,2003,0,999,2011-12-01 00:11:21.566
198,198,0,999,0,2011-12-02 11:34:09.452,1215,1215,0,2003,0,999,2011-12-02 11:34:09.452
199,199,0,999,0,2011-11-30 22:14:03.957,5200,5200,0,2003,0,999,2011-11-30 20:03:12.177
202,202,0,66,12,2011-12-02 17:16:44.038,1231,1231,0,502,0,20111223,2011-12-02 17:16:44.038
203,203,0,7,13,2011-11-21 16:14:08.980,1225,1225,0,502,0,201111214,2011-11-21 16:14:08.980
206,206,0,999,0,2011-12-01 21:26:03.873,13400,2003,0,1800,0,999,2011-12-01 21:21:16.870
207,207,0,999,0,2011-11-30 22:11:30.136,5200,5200,0,2003,0,999,2011-11-30 20:01:37.380
208,208,0,999,0,2011-12-02 10:15:33.681,1205,1205,0,2003,0,999,2011-12-02 10:15:33.681
209,209,0,999,0,2011-12-03 00:47:43.708,13600,2003,0,11900,1,999,2011-12-02 23:08:42.876
210,210,0,999,0,2011-12-03 00:47:24.611,403,403,0,2003,0,999,2011-12-02 21:34:46.932
211,211,0,999,0,2011-12-01 20:38:00.827,13400,2003,0,3700,0,999,2011-12-01 20:33:38.920
212,212,0,999,0,2011-11-30 23:35:40.528,5200,5200,0,2003,0,999,2011-11-30 23:08:51.324
213,213,0,8,13,2011-11-30 08:44:49.930,1216,1216,0,502,0,201111301,2011-11-30 08:44:49.930
214,214,0,7,13,2011-11-21 16:19:37.483,1225,1225,0,502,0,201111214,2011-11-21 16:19:37.483
215,215,0,999,0,2011-11-30 22:39:06.007,5200,5200,0,2003,0,999,2011-11-30 22:20:34.278
216,216,0,66,12,2011-12-02 17:04:30.484,1231,1231,0,502,0,20111223,2011-12-02 17:04:30.484
217,217,0,8,13,2011-11-30 07:52:55.822,1212,1212,0,506,0,201111301,2011-11-30 07:52:55.822
219,219,0,999,0,2011-12-02 09:41:32.276,1213,1213,0,2003,0,999,2011-12-02 09:41:32.276
220,220,0,999,0,2011-12-02 07:17:42.777,1206,1206,0,2003,0,999,2011-12-02 07:17:42.777
221,221,0,8,13,2011-12-01 12:29:06.506,1222,1222,0,502,0,201111301,2011-12-01 12:29:06.506
222,222,0,999,0,2011-12-02 12:23:03.121,1207,1207,0,2003,1,999,2011-12-02 12:15:34.406
223,223,0,66,12,2011-12-02 19:57:21.186,1232,1232,0,502,0,20111223,2011-12-02 19:57:21.186
225,225,0,999,0,2011-12-02 23:37:20.676,13500,2003,0,10900,0,999,2011-12-02 23:33:32.478
226,226,0,999,0,2011-11-30 23:15:48.033,1221,1221,0,2003,0,999,2011-11-30 23:15:48.033
230,230,0,66,12,2011-12-02 20:22:22.695,1232,1232,0,502,0,20111223,2011-12-02 20:22:22.695
232,232,0,67,12,2011-12-02 22:17:11.280,1230,1230,0,502,0,20111224,2011-12-02 22:17:11.280
233,233,0,999,0,2011-12-02 08:59:32.513,1211,1211,0,2003,0,999,2011-12-02 08:59:32.513
234,234,0,999,0,2011-12-02 12:40:56.985,13400,2003,0,1800,0,999,2011-12-02 12:14:27.289
235,235,0,67,12,2011-12-02 22:28:42.735,1230,1230,0,506,0,20111224,2011-12-02 22:28:42.735
237,237,0,67,12,2011-12-02 22:41:21.576,1230,1230,0,502,0,20111224,2011-12-02 22:41:21.576
238,238,0,66,12,2011-12-02 16:33:11.902,1231,1231,0,502,0,20111223,2011-12-02 16:33:11.902
239,239,0,8,13,2011-11-30 08:24:33.230,1216,1216,0,506,0,201111301,2011-11-30 08:24:33.230
240,240,0,999,0,2011-12-01 21:13:09.980,13400,2003,0,10900,0,999,2011-12-01 21:09:21.321
241,241,0,999,0,2011-12-02 07:08:43.232,1204,1204,0,2003,0,999,2011-12-02 07:08:43.232
242,242,0,67,12,2011-12-02 21:58:21.225,1230,1230,0,506,0,20111224,2011-12-02 21:58:21.225
243,243,0,97,11,2011-11-30 14:36:24.222,706,700,0,502,0,201111223,2011-11-22 15:33:03.402
244,244,0,96,11,2011-12-01 14:08:33.767,1227,1227,0,506,0,201111286,2011-12-01 14:08:33.767
245,245,0,96,11,2011-11-28 17:16:11.353,1229,1229,0,502,0,201111286,2011-11-28 17:16:11.353
246,246,0,999,0,2011-12-01 22:06:04.725,13400,2003,0,10900,0,999,2011-12-01 22:02:16.427
247,247,0,999,0,2011-12-02 11:36:20.651,1215,1215,0,2003,0,999,2011-12-02 11:36:20.651
248,248,0,8,13,2011-12-01 11:30:57.119,1222,1222,0,405,0,0,2011-12-01 11:30:57.119
249,249,0,999,0,2011-11-30 22:58:16.992,5200,5200,0,2003,0,999,2011-11-30 22:42:49.909
250,250,0,72,12,2011-12-01 19:31:09.289,1223,1223,0,506,0,20111215,2011-12-01 19:31:09.289
251,251,0,999,0,2011-10-19 11:26:14.091,2300,2300,0,3700,0,999,2011-10-19 11:11:45.061
252,252,0,999,0,2011-12-03 00:48:23.415,401,403,0,10900,1,999,2011-12-02 21:57:27.318
253,253,0,67,12,2011-12-02 22:35:52.643,1230,1230,0,506,0,20111224,2011-12-02 22:35:52.643
254,254,0,66,11,2011-12-02 22:19:24.292,500,500,0,502,1,20111223,2011-12-02 20:53:50.690
255,255,0,999,0,2011-12-02 09:42:44.870,1213,1213,0,2003,0,999,2011-12-02 09:42:44.870
256,256,0,66,12,2011-12-02 20:04:09.433,1232,1232,0,502,0,20111223,2011-12-02 20:04:09.433
257,257,0,999,0,2011-12-03 00:47:39.212,2001,2003,0,10900,0,999,2011-12-02 23:00:14.024
258,258,0,999,0,2011-12-02 22:57:19.233,402,403,0,2003,0,999,2011-12-02 21:36:44.040
259,259,0,97,11,2011-11-22 14:29:21.497,1209,1209,0,502,0,201111223,2011-11-22 14:29:21.497
261,261,0,999,0,2011-12-02 09:46:01.573,1213,1213,0,2003,0,999,2011-12-02 09:46:01.573
262,262,0,66,7,2011-12-02 21:06:00.329,1800,1800,0,1800,1,20111223,2011-12-02 21:06:00.329
264,264,0,66,12,2011-12-02 18:48:56.173,1233,1233,0,502,0,20111223,2011-12-02 18:48:56.173
265,265,0,999,0,2011-12-02 16:15:01.835,2005,2003,0,1800,1,999,2011-12-02 13:43:07.199
266,266,0,999,0,2011-12-02 08:57:21.414,1211,1211,0,2003,0,999,2011-12-02 08:57:21.414
267,267,0,67,12,2011-12-02 22:33:55.945,1230,1230,0,506,0,20111224,2011-12-02 22:33:55.945
268,268,0,999,0,2011-12-02 08:52:52.187,1211,1211,0,2003,0,999,2011-12-02 08:52:52.187
269,269,0,66,12,2011-12-02 20:41:27.361,1100,500,0,506,1,20111223,2011-12-02 17:17:43.744
271,271,0,999,0,2011-12-02 06:46:16.425,1226,1226,0,2003,0,999,2011-12-02 06:46:16.425
272,272,0,7,13,2011-11-21 16:22:46.274,1225,1225,0,506,0,201111214,2011-11-21 16:22:46.274
273,273,0,999,0,2011-12-02 11:02:34.428,1217,1217,0,2003,0,999,2011-12-02 11:02:34.428
274,274,0,67,12,2011-11-30 14:51:33.689,702,700,0,502,0,201111302,2011-11-30 12:58:40.380
275,275,0,67,12,2011-12-02 21:02:43.246,2500,500,0,506,0,20111215,2011-12-01 18:31:46.876
276,276,0,66,12,2011-12-02 17:41:30.816,1231,1231,0,502,1,20111223,2011-12-02 16:06:08.087
277,277,0,2,11,2011-12-02 13:13:35.391,1228,1228,0,10900,1,999,2011-12-02 10:21:55.400
278,278,0,2,13,2011-11-29 16:21:14.089,1208,1208,0,506,0,201111294,2011-11-29 16:21:14.089
279,279,0,2,13,2011-11-30 14:13:20.442,1208,1208,1,502,1,201111294,2011-11-29 16:19:50.799
280,280,0,96,11,2011-11-28 17:21:32.405,1229,1229,0,506,0,201111286,2011-11-28 17:21:32.405
281,281,0,7,13,2011-11-21 10:49:31.734,1225,1225,0,506,0,201111214,2011-11-21 10:49:31.734
283,283,0,999,0,2011-12-02 18:18:22.547,13400,2003,0,3700,0,999,2011-12-02 18:14:34.058
284,284,0,999,0,2011-12-02 07:06:39.834,1204,1204,0,2003,0,999,2011-12-02 07:06:39.834
285,285,0,999,0,2011-11-30 22:59:15.376,5200,5200,0,2003,0,999,2011-11-30 22:49:41.961
286,286,0,67,12,2011-12-02 23:00:24.229,1230,1230,0,506,0,20111224,2011-12-02 23:00:24.229
287,287,0,999,0,2011-12-01 21:57:55.591,13400,2003,0,10900,0,999,2011-12-01 21:53:40.675
289,289,0,999,0,2011-12-02 10:18:49.493,1205,1205,0,2003,0,999,2011-12-02 10:18:49.493
290,290,0,7,13,2011-11-21 10:44:44.080,1225,1225,0,502,0,201111214,2011-11-21 10:44:44.080
291,291,0,66,12,2011-12-02 16:49:06.635,1231,1231,0,502,0,20111223,2011-12-02 16:49:06.635
292,292,0,67,12,2011-12-02 23:07:47.176,1234,1234,0,502,1,20111224,2011-12-02 23:05:11.682
293,293,0,66,12,2011-12-02 17:09:08.343,1231,1231,0,502,0,20111223,2011-12-02 17:09:08.343
295,295,0,999,0,2011-12-02 21:34:49.936,13400,2003,0,2003,0,999,2011-12-02 21:29:35.724
297,297,0,999,0,2011-12-02 09:50:04.673,1205,1205,0,2003,0,999,2011-12-02 09:50:04.673
298,298,0,66,12,2011-12-02 16:37:19.999,1231,1231,0,502,0,20111223,2011-12-02 16:37:19.999
299,299,0,2,13,2011-11-29 16:22:34.094,1208,1208,0,502,0,201111294,2011-11-29 16:22:34.094
300,300,0,999,0,2011-12-02 12:16:47.020,1207,1207,0,1800,0,999,2011-12-02 12:16:47.020
301,301,0,8,13,2011-11-30 08:41:42.710,1216,1216,0,506,0,201111301,2011-11-30 08:41:42.710
302,302,0,96,11,2011-11-28 17:18:44.694,1229,1229,0,506,0,201111286,2011-11-28 17:18:44.694
303,303,0,97,11,2011-11-22 14:28:15.692,1209,1209,0,506,0,201111223,2011-11-22 14:28:15.692
304,304,0,2,13,2011-11-29 15:01:03.181,1218,1218,0,502,0,201111294,2011-11-29 15:01:03.181
306,306,0,67,12,2011-11-30 14:59:40.900,700,700,0,502,0,201111302,2011-11-30 12:23:15.454
307,307,0,999,0,2011-12-01 10:43:57.945,2005,2005,0,10900,1,999,2011-11-30 17:28:40.815
310,310,0,67,12,2011-12-02 22:31:52.167,1230,1230,0,502,0,20111224,2011-12-02 22:31:52.167
311,311,0,7,13,2011-11-21 16:00:18.917,1225,1225,0,502,0,201111214,2011-11-21 16:00:18.917
312,312,0,999,0,2011-12-02 08:05:50.320,1210,1210,0,2003,0,999,2011-12-02 08:05:50.320
314,314,0,999,0,2011-12-02 20:35:45.650,13400,2003,0,10900,0,999,2011-12-02 20:31:20.548
315,315,0,97,11,2011-11-30 14:31:39.422,706,700,0,506,0,201111223,2011-11-22 14:38:44.015
316,316,0,2,13,2011-11-29 14:56:42.897,1218,1218,0,502,0,201111294,2011-11-29 14:56:42.897
317,317,0,67,10,2011-12-02 23:45:04.723,10900,10900,0,10900,1,20111215,2011-12-02 23:45:04.723
318,318,0,999,0,2011-12-02 12:42:07.787,1207,1207,0,2003,0,999,2011-12-02 12:42:07.787
319,319,0,66,12,2011-12-02 23:22:25.238,15800,10100,0,506,1,20111223,2011-12-02 20:50:54.386
320,320,0,66,10,2011-12-02 23:52:55.530,12200,11900,0,11900,1,20111223,2011-12-02 23:46:26.230
322,322,0,999,0,2011-12-03 00:46:10.024,506,403,0,2003,1,999,2011-12-02 21:26:15.326
324,324,0,999,0,2011-12-02 08:53:54.287,13400,2003,0,11900,0,999,2011-12-02 08:22:40.382
325,325,0,999,0,2011-12-01 00:06:34.704,1221,1221,0,2003,0,999,2011-12-01 00:06:34.704
326,326,0,999,0,2011-12-01 21:23:37.772,13400,2003,0,11900,0,999,2011-12-01 21:19:48.973
328,328,0,999,0,2011-12-02 05:30:14.305,2005,2003,0,11900,1,999,2011-11-30 17:49:03.733
329,329,0,999,0,2011-12-02 00:04:44.332,1226,1226,0,2003,0,999,2011-12-02 00:04:44.332
330,330,0,999,0,2011-11-30 22:07:08.319,5200,5200,0,2003,0,999,2011-11-30 19:52:36.723
331,331,0,97,4,2011-12-02 16:59:17.223,12400,10900,0,10900,0,201111223,2011-12-02 16:21:13.379
332,332,0,67,12,2011-12-02 22:39:46.870,1230,1230,0,506,0,20111224,2011-12-02 22:39:46.870
333,333,0,2,13,2011-12-01 13:52:53.134,1224,1224,0,506,0,201111172,2011-12-01 13:52:53.134
335,335,0,999,0,2011-11-30 23:17:22.869,1221,1221,0,2003,0,999,2011-11-30 23:17:22.869
337,337,0,8,13,2011-12-01 11:38:43.219,1222,1222,0,506,0,201111301,2011-12-01 11:38:43.219
338,338,0,999,0,2011-11-30 22:39:57.911,5200,5200,0,2003,0,999,2011-11-30 22:24:56.054
339,339,0,67,12,2011-12-02 19:52:40.883,2500,500,0,506,0,20111215,2011-12-01 18:03:40.682
340,340,0,66,12,2011-12-02 20:23:14.119,1233,1233,0,506,0,20111223,2011-12-02 20:23:14.119
341,341,0,999,0,2011-11-30 23:37:38.918,1221,1221,0,2003,1,999,2011-11-30 23:13:36.434
343,343,0,999,0,2011-11-30 22:57:25.678,5200,5200,0,2003,0,999,2011-11-30 22:41:14.852
345,345,0,999,0,2011-12-02 12:52:30.042,1214,1214,0,10900,0,999,2011-12-02 12:52:30.042
346,346,0,66,12,2011-12-02 23:24:26.733,15200,10100,0,506,1,20111223,2011-12-02 18:26:50.397
347,347,0,999,0,2011-12-02 13:16:01.401,1214,1214,0,2003,0,999,2011-12-02 13:16:01.401
353,353,0,96,11,2011-12-02 14:09:25.108,1227,1227,0,506,1,201111286,2011-12-01 10:08:45.147
354,354,0,999,0,2011-12-03 00:46:45.304,300,403,0,10900,0,999,2011-12-02 22:08:19.666
356,356,0,7,13,2011-11-21 16:07:25.020,1225,1225,0,502,0,201111214,2011-11-21 16:07:25.020
357,357,0,999,0,2011-12-02 16:06:38.401,2008,403,0,2003,0,999,2011-12-01 07:48:37.127
358,358,0,2,13,2011-11-29 16:27:54.294,1208,1208,0,502,0,201111294,2011-11-29 16:27:54.294
360,360,0,96,3,2011-11-29 18:53:58.126,12400,11900,0,11900,0,201111286,2011-11-29 18:42:03.549
361,361,0,66,12,2011-12-02 19:55:46.600,1232,1232,0,506,0,20111223,2011-12-02 19:55:46.600
362,362,0,67,12,2011-12-02 22:50:00.332,10100,10100,0,502,0,20111215,2011-12-01 17:10:16.795
363,363,0,999,0,2011-12-02 12:43:20.381,1207,1207,0,11900,0,999,2011-12-02 12:43:20.381
366,366,0,999,0,2011-11-30 21:58:48.370,5200,2003,0,2003,0,999,2011-11-30 19:45:27.325
367,367,0,66,12,2011-12-02 19:53:38.586,1232,1232,0,506,0,20111223,2011-12-02 19:53:38.586
368,368,0,2,13,2011-12-01 13:55:52.232,1224,1224,0,506,0,201111172,2011-12-01 13:55:52.232
369,369,0,999,0,2011-12-02 13:13:50.693,1214,1214,0,2003,0,999,2011-12-02 13:13:50.693
370,370,0,67,12,2011-12-02 21:56:10.217,1230,1230,0,502,0,20111224,2011-12-02 21:56:10.217
371,371,0,999,0,2011-12-01 21:39:22.821,13400,2003,0,1800,0,999,2011-12-01 21:35:34.323
372,372,0,999,0,2011-11-30 18:42:48.891,13400,2003,0,11900,0,999,2011-11-30 18:02:34.770
373,373,0,96,11,2011-11-28 16:50:11.460,1229,1229,0,506,0,201111286,2011-11-28 16:50:11.460
374,374,0,66,9,2011-11-30 09:00:18.284,12400,10100,0,405,0,0,2011-11-29 22:21:31.834
375,375,0,96,11,2011-11-28 17:17:24.358,1229,1229,0,506,0,201111286,2011-11-28 17:17:24.358
376,376,0,999,0,2011-12-01 23:56:40.837,1226,1226,0,2003,0,999,2011-12-01 23:56:40.837
377,377,0,999,0,2011-12-02 12:53:35.436,1214,1214,0,2003,0,999,2011-12-02 12:53:35.436
378,378,0,999,0,2011-12-02 21:32:23.135,13400,2003,0,11900,0,999,2011-12-02 21:28:20.025
380,380,0,66,12,2011-12-02 19:54:17.882,1100,500,0,506,0,20111223,2011-12-02 17:20:09.374
381,381,0,999,0,2011-12-03 00:46:55.008,13600,2003,0,10900,0,999,2011-12-02 23:13:25.482
383,383,0,999,0,2011-11-30 22:09:50.542,5200,5200,0,2003,0,999,2011-11-30 19:58:27.277
384,384,0,8,13,2011-11-30 08:42:43.418,1216,1216,0,502,0,201111301,2011-11-30 08:42:43.418
385,385,0,999,0,2011-12-03 00:47:46.112,13600,2003,0,11900,0,999,2011-12-02 23:21:37.129
386,386,0,66,12,2011-12-02 23:21:34.125,1233,1233,0,502,1,20111223,2011-12-02 18:47:14.267
388,388,0,66,12,2011-12-02 13:16:02.513,1200,500,0,506,0,20111213,2011-12-01 02:17:32.803
389,389,0,999,0,2011-12-02 11:33:03.948,1215,1215,0,2003,0,999,2011-12-02 11:33:03.948
390,390,0,67,12,2011-12-02 23:07:30.752,1234,1234,0,502,0,20111224,2011-12-02 23:07:30.752
391,391,0,999,0,2011-12-02 12:14:35.190,1215,1215,0,2003,0,999,2011-12-02 12:14:35.190
392,392,0,66,12,2011-12-02 19:23:16.706,1233,1233,0,502,0,20111223,2011-12-02 19:23:16.706
393,393,0,7,13,2011-11-21 16:01:46.022,1225,1225,0,502,0,201111214,2011-11-21 16:01:46.022
394,394,0,66,12,2011-12-02 23:29:13.736,14600,10100,0,502,1,20111223,2011-12-02 18:42:43.237
395,395,0,8,13,2011-12-01 11:36:54.473,1222,1222,0,405,0,0,2011-12-01 11:36:54.473
396,396,0,999,0,2011-12-02 22:57:07.025,2003,2003,0,10900,0,999,2011-12-02 22:28:54.852
397,397,0,999,0,2011-11-30 22:05:14.686,5200,5200,0,2003,0,999,2011-11-30 19:50:03.412
398,398,0,2,9,2011-12-01 13:15:47.274,1224,1224,0,506,0,201111294,2011-12-01 13:15:47.274
399,399,0,999,0,2011-12-02 12:12:24.182,1215,1215,0,2003,0,999,2011-12-02 12:12:24.182
400,400,0,66,12,2011-12-02 17:02:12.075,1231,1231,0,506,0,20111223,2011-12-02 17:02:12.075
401,401,0,999,0,2011-12-02 09:06:27.329,1213,1213,0,2003,0,999,2011-12-02 09:06:27.329
402,402,0,999,0,2011-12-02 11:04:45.576,1217,1217,0,2003,0,999,2011-12-02 11:04:45.576
403,403,0,999,0,2011-11-30 23:16:37.664,5200,5200,0,2003,0,999,2011-11-30 22:57:38.176
404,404,0,67,12,2011-11-30 14:49:58.783,702,700,0,506,0,201111302,2011-11-30 12:57:34.786
405,405,0,66,12,2011-12-02 17:08:23.839,1231,1231,0,506,0,20111223,2011-12-02 17:08:23.839
407,407,0,66,12,2011-12-02 20:02:05.234,1232,1232,0,502,0,20111223,2011-12-02 20:02:05.234
408,408,0,999,0,2011-12-02 12:38:29.893,1207,1207,0,2003,0,999,2011-12-02 12:38:29.893
411,411,0,999,0,2011-12-01 22:18:25.180,13400,2003,0,11900,0,999,2011-12-01 22:14:36.881
412,412,0,999,0,2011-11-30 23:23:57.377,1221,1221,0,2003,0,999,2011-11-30 23:23:57.377
413,413,0,67,12,2011-12-02 23:22:05.129,15400,10100,0,502,1,20111215,2011-12-01 17:17:51.128
415,415,0,999,0,2011-12-01 00:01:47.020,1221,1221,0,2003,0,999,2011-12-01 00:01:47.020
416,416,0,999,0,2011-11-30 21:53:31.875,5200,2003,0,2003,0,999,2011-11-30 19:39:34.017
417,417,0,999,0,2011-12-03 00:47:19.914,403,403,0,2003,1,999,2011-12-02 21:33:41.337
418,418,0,999,0,2011-11-30 21:51:59.132,5200,2003,0,2003,0,999,2011-11-30 19:30:29.444
420,420,0,999,0,2011-11-30 23:21:11.578,5200,5200,0,2003,0,999,2011-11-30 23:07:16.427
423,423,0,999,0,2011-12-02 09:00:38.117,1211,1211,0,2003,0,999,2011-12-02 09:00:38.117
424,424,0,8,13,2011-12-01 12:15:54.047,1222,1222,0,506,0,201111301,2011-12-01 12:15:54.047
425,425,0,97,0,2011-12-01 16:56:47.341,12400,10900,0,10900,0,999,2011-11-28 19:19:13.488
426,426,0,66,12,2011-12-02 20:18:59.383,1232,1232,0,506,0,20111223,2011-12-02 20:18:59.383
427,427,0,999,0,2011-12-02 12:37:17.299,1207,1207,0,2003,0,999,2011-12-02 12:37:17.299
429,429,0,999,0,2011-12-01 09:17:36.865,2005,403,0,3700,1,999,2011-12-01 07:49:48.570
430,430,0,97,11,2011-11-22 14:27:10.298,1209,1209,0,502,0,201111223,2011-11-22 14:27:10.298
431,431,0,999,0,2011-12-03 00:47:03.501,502,403,0,10900,1,999,2011-12-02 21:30:40.127
432,432,0,97,11,2011-11-30 14:33:13.818,706,700,0,502,0,201111223,2011-11-22 15:23:36.217
433,433,0,999,0,2011-12-01 00:09:46.560,1221,1221,0,2003,0,999,2011-12-01 00:09:46.560
434,434,0,999,0,2011-12-02 06:44:41.519,1204,1204,0,2003,0,999,2011-12-02 06:44:41.519
438,438,0,999,0,2011-12-02 07:42:12.841,1206,1206,0,2003,0,999,2011-12-02 07:42:12.841
439,439,0,2,13,2011-12-02 15:14:47.618,1228,1228,0,11900,0,999,2011-12-02 15:14:47.618
440,440,0,999,0,2011-12-01 00:12:56.543,1221,1221,0,2003,0,999,2011-12-01 00:12:56.543
442,442,0,999,0,2011-12-01 20:45:34.049,13400,2003,0,10900,0,999,2011-12-01 20:41:44.749
444,444,0,67,12,2011-12-02 18:19:55.450,1000,500,0,506,0,20111215,2011-12-01 18:36:08.492
448,448,0,999,0,2011-12-02 10:16:38.885,1205,1205,0,2003,0,999,2011-12-02 10:16:38.885
449,449,0,96,8,2011-12-02 15:16:01.214,1229,1229,0,405,0,0,2011-12-02 15:16:01.214
450,450,0,999,0,2011-12-02 08:03:28.325,1210,1210,0,2003,1,999,2011-12-02 08:02:27.999
451,451,0,999,0,2011-12-02 12:51:24.638,1214,1214,0,11900,0,999,2011-12-02 12:51:24.638
452,452,0,999,0,2011-12-02 08:55:54.019,1211,1211,0,2003,0,999,2011-12-02 08:55:54.019
453,453,0,8,13,2011-11-30 08:21:11.320,1216,1216,0,506,1,201111301,2011-11-30 08:20:11.213
454,454,0,67,12,2011-12-02 18:17:59.443,1000,500,0,506,0,20111215,2011-12-01 18:33:57.774
455,455,0,999,0,2011-12-01 21:37:18.613,13400,2003,0,3700,0,999,2011-12-01 21:32:49.015
456,456,0,8,13,2011-11-30 07:58:05.177,1212,1212,0,506,0,201111301,2011-11-30 07:58:05.177
457,457,0,999,0,2011-12-01 20:57:10.110,13400,2003,0,11900,0,999,2011-12-01 20:53:21.791
458,458,0,67,12,2011-12-02 18:18:57.146,1000,500,0,502,0,20111215,2011-12-01 18:35:10.389
459,459,0,8,13,2011-12-01 11:34:25.228,1222,1222,0,502,0,201111301,2011-12-01 11:34:25.228
460,460,0,999,0,2011-12-02 07:09:55.936,1204,1204,0,2003,0,999,2011-12-02 07:09:55.936
461,461,0,999,0,2011-12-02 10:13:15.773,1205,1205,0,2003,0,999,2011-12-02 10:13:15.773
462,462,0,72,12,2011-12-01 19:33:57.320,1223,1223,0,502,0,20111215,2011-12-01 19:33:57.320
463,463,0,67,12,2011-12-02 23:13:28.477,15600,10100,0,506,1,20111215,2011-12-01 17:20:21.033
464,464,0,66,12,2011-12-02 22:18:11.787,1100,500,0,502,0,20111223,2011-12-02 20:52:52.386
465,465,0,67,12,2011-12-02 22:16:06.187,1000,500,0,502,0,20111215,2011-12-01 17:14:53.522
467,467,0,97,11,2011-11-22 14:30:27.001,1209,1209,0,506,0,201111223,2011-11-22 14:30:27.001
468,468,0,8,13,2011-11-30 07:56:57.359,1212,1212,0,502,0,201111301,2011-11-30 07:56:57.359
469,469,0,999,0,2011-12-03 00:46:36.602,402,403,0,10900,0,999,2011-12-02 21:47:26.003
470,470,0,999,0,2011-11-30 23:04:22.928,5200,5200,0,11900,0,999,2011-11-30 22:43:40.411
471,471,0,999,0,2011-12-02 21:33:36.130,13400,2003,0,2003,0,999,2011-12-02 21:28:58.521
472,472,0,999,0,2011-12-03 00:47:29.508,402,403,0,11900,0,999,2011-12-02 21:53:56.124
473,473,0,999,0,2011-11-30 23:07:11.210,5200,5200,0,2003,0,999,2011-11-30 22:45:26.964
474,474,0,999,0,2011-12-01 15:18:38.132,2012,2003,0,11900,0,999,2011-11-22 19:47:14.632
475,475,0,999,0,2011-12-01 08:18:43.935,1221,1221,0,11900,0,999,2011-12-01 08:18:43.935
476,476,0,999,0,2011-11-30 23:37:32.519,1300,1221,0,2003,0,999,2011-11-30 23:12:01.327
477,477,0,8,13,2011-12-01 11:27:29.610,1222,1222,0,502,0,201111301,2011-12-01 11:27:29.610
478,478,0,66,12,2011-12-02 16:36:14.415,1231,1231,0,506,0,20111223,2011-12-02 16:36:14.415
479,479,0,67,12,2011-12-02 22:12:13.482,1000,500,0,506,0,20111215,2011-12-01 17:11:07.828
480,480,0,999,0,2011-12-03 00:49:34.818,2030,403,0,11900,0,999,2011-12-02 22:23:54.040
481,481,0,999,0,2011-12-03 00:47:47.223,2030,403,0,10900,1,999,2011-12-02 22:18:10.886
482,482,0,999,0,2011-12-02 12:54:41.240,1214,1214,0,2003,0,999,2011-12-02 12:54:41.240
483,483,0,67,12,2011-12-02 23:16:24.790,1230,1230,0,502,1,20111224,2011-12-02 21:53:51.718
485,485,0,999,0,2011-12-02 13:11:32.394,1214,1214,0,2003,0,999,2011-12-02 13:11:32.394
486,486,0,999,0,2011-12-02 15:57:30.173,506,403,0,2003,0,999,2011-12-01 18:25:42.162
487,487,0,67,4,2011-12-02 21:07:58.529,3700,3700,0,3700,1,20111215,2011-12-02 21:07:58.529
488,488,0,999,0,2011-11-30 21:41:31.930,5200,2003,0,2003,0,999,2011-11-30 18:35:38.903
489,489,0,96,11,2011-12-01 14:10:08.283,1227,1227,0,502,0,201111286,2011-12-01 14:10:08.283
490,490,0,999,0,2011-12-01 19:35:15.192,1204,1204,0,506,1,20111215,2011-12-01 19:34:14.615
491,491,0,2,13,2011-11-29 16:26:34.319,1208,1208,0,506,0,201111294,2011-11-29 16:26:34.319
492,492,0,8,13,2011-12-01 12:26:55.808,1222,1222,0,502,0,201111301,2011-12-01 12:26:55.808
493,493,0,999,0,2011-11-30 23:01:05.073,5200,5200,0,2003,0,999,2011-11-30 22:52:53.376
494,494,0,72,12,2011-12-02 21:14:20.879,1223,1223,0,502,0,20111224,2011-12-02 21:14:20.879
495,495,0,999,0,2011-12-03 00:47:30.219,402,403,0,2003,1,999,2011-12-02 21:35:45.636
496,496,0,999,0,2011-12-01 23:56:51.232,1226,1226,0,2003,1,999,2011-12-01 23:55:01.534
497,497,0,2,13,2011-12-01 13:11:04.066,1224,1224,0,506,0,201111294,2011-12-01 13:11:04.066
498,498,0,999,0,2011-12-02 00:45:07.096,1226,1226,0,2003,0,999,2011-12-02 00:45:07.096
499,499,0,67,12,2011-12-02 22:36:36.446,1230,1230,0,502,0,20111224,2011-12-02 22:36:36.446
500,500,0,999,0,2011-12-02 09:42:50.869,13400,2003,0,1800,0,999,2011-12-02 09:02:26.133
502,502,0,999,0,2011-12-02 21:31:09.329,13400,2003,0,2003,0,999,2011-12-02 21:27:20.920
504,504,0,66,12,2011-12-02 20:09:31.256,1232,1232,0,506,0,20111223,2011-12-02 20:09:31.256
505,505,0,67,12,2011-12-02 21:02:11.851,2500,500,0,502,1,20111215,2011-12-01 18:23:34.759
507,507,0,999,0,2011-11-30 22:24:47.052,5200,5200,0,2003,0,999,2011-11-30 20:12:22.618
509,509,0,8,13,2011-12-01 12:31:28.510,1222,1222,0,502,0,201111301,2011-12-01 12:31:28.510
510,510,0,999,0,2011-11-30 23:18:27.382,5200,5200,0,2003,0,999,2011-11-30 23:02:31.478
511,511,0,96,11,2011-12-01 10:15:21.046,1227,1227,0,506,0,201111286,2011-12-01 10:15:21.046
512,512,0,999,0,2011-12-02 08:51:46.593,1211,1211,0,2003,0,999,2011-12-02 08:51:46.593
513,513,0,72,12,2011-12-02 16:07:39.699,1223,1223,0,405,1,0,2011-12-01 16:12:43.799
514,514,0,999,0,2011-11-30 23:10:11.729,5200,5200,0,2003,0,999,2011-11-30 22:47:15.861
516,516,0,2,13,2011-12-01 13:14:12.968,1224,1224,0,506,0,201111294,2011-12-01 13:14:12.968
517,517,0,67,12,2011-11-30 14:57:52.885,702,700,0,502,0,201111302,2011-11-30 12:07:47.520
519,519,0,999,0,2011-12-01 20:46:46.543,13400,2003,0,11900,0,999,2011-12-01 20:42:50.644
520,520,0,2,13,2011-12-01 13:54:25.106,1224,1224,0,502,0,201111172,2011-12-01 13:54:25.106
521,521,0,999,0,2011-11-30 23:00:13.780,5200,5200,0,2003,0,999,2011-11-30 22:51:18.390
522,522,0,999,0,2011-12-02 12:40:55.192,1207,1207,0,2003,0,999,2011-12-02 12:40:55.192
523,523,0,999,0,2011-11-30 22:21:36.778,5200,5200,0,2003,0,999,2011-11-30 20:04:47.183
524,524,0,72,8,2011-12-01 19:39:27.395,1223,1223,0,502,0,20111215,2011-12-01 19:39:27.395
527,527,0,66,12,2011-12-02 19:52:03.579,1232,1232,0,506,1,20111223,2011-12-02 19:49:28.206
528,528,0,999,0,2011-12-01 15:20:48.129,2005,2003,0,10900,1,999,2011-12-01 09:27:57.878
529,529,0,97,11,2011-11-30 14:47:45.181,706,700,0,506,0,201111223,2011-11-22 15:37:07.153
531,531,0,7,13,2011-11-21 08:17:20.283,1219,1219,0,502,0,201111214,2011-11-21 08:17:20.283
534,534,0,2,0,2011-11-22 11:23:07.159,1500,1800,0,1800,0,999,2011-11-22 10:06:29.167
536,536,0,2,12,2011-12-01 13:18:59.470,1224,1224,0,502,0,201111294,2011-12-01 13:18:59.470
537,537,0,7,13,2011-11-21 10:43:31.385,1225,1225,0,506,0,201111214,2011-11-21 10:43:31.385
538,538,0,8,13,2011-12-01 11:25:47.684,1222,1222,0,502,0,201111301,2011-12-01 11:25:47.684
539,539,0,66,12,2011-12-02 20:17:24.687,1232,1232,0,502,0,20111223,2011-12-02 20:17:24.687
540,540,0,97,11,2011-11-30 14:34:48.824,706,700,0,506,0,201111223,2011-11-22 15:24:56.112
541,541,0,999,0,2011-11-30 22:41:50.353,5200,5200,0,2003,0,999,2011-11-30 22:29:04.382
542,542,0,7,13,2011-11-21 10:45:56.694,1225,1225,0,506,0,201111214,2011-11-21 10:45:56.694
543,543,0,66,12,2011-12-02 17:10:13.857,1231,1231,0,506,0,20111223,2011-12-02 17:10:13.857
544,544,0,67,12,2011-11-30 14:59:27.601,702,700,0,506,0,201111302,2011-11-30 12:19:58.972
545,545,0,999,0,2011-12-02 01:24:54.619,1226,1226,0,2003,0,999,2011-12-02 01:24:54.619
547,547,0,66,12,2011-12-02 17:06:56.343,1231,1231,0,502,0,20111223,2011-12-02 17:06:56.343
548,548,0,999,0,2011-12-02 11:03:39.932,1217,1217,0,11900,0,999,2011-12-02 11:03:39.932
549,549,0,66,12,2011-12-02 18:49:47.157,1233,1233,0,506,0,20111223,2011-12-02 18:49:47.157
550,550,0,999,0,2011-12-03 00:46:23.934,2003,2003,0,11900,0,999,2011-12-02 22:37:33.979
551,551,0,66,12,2011-12-02 20:15:49.790,1100,500,0,502,0,20111223,2011-12-02 17:24:56.376
552,552,0,999,0,2011-12-02 11:30:01.035,1217,1217,0,2003,0,999,2011-12-02 11:30:01.035
553,553,0,8,13,2011-12-01 11:29:15.413,1222,1222,0,506,0,201111301,2011-12-01 11:29:15.413
554,554,0,999,0,2011-11-30 22:28:49.080,5200,5200,0,2003,0,999,2011-11-30 22:04:37.582
555,555,0,999,0,2011-12-02 07:12:06.634,1204,1204,0,2003,0,999,2011-12-02 07:12:06.634
556,556,0,67,12,2011-11-30 14:54:43.392,702,700,0,506,0,201111302,2011-11-30 12:05:07.310
557,557,0,67,12,2011-12-02 23:28:25.326,15500,10100,0,506,0,20111224,2011-12-02 21:51:36.413
558,558,0,999,0,2011-12-01 20:26:11.367,13400,2003,0,11900,0,999,2011-12-01 20:22:08.067
561,561,0,66,12,2011-12-02 20:34:20.547,1233,1233,0,506,0,20111223,2011-12-02 20:34:20.547
562,562,0,96,11,2011-11-30 14:27:55.520,706,700,0,502,1,688,2011-11-28 12:00:00.0
563,563,0,96,0,2011-12-02 16:29:03.175,12400,11900,0,11900,0,999,2011-12-02 16:16:19.737
565,565,0,67,12,2011-12-02 22:13:12.677,1000,500,0,502,1,20111215,2011-12-01 18:32:52.370
567,567,0,999,0,2011-12-01 21:46:28.373,13400,2003,0,11900,0,999,2011-12-01 21:42:32.574
568,568,0,72,9,2011-12-01 19:36:58.991,1223,1223,0,506,0,20111215,2011-12-01 19:36:58.991
569,569,0,66,12,2011-12-02 19:58:41.241,1232,1232,0,506,0,20111223,2011-12-02 19:58:41.241
570,570,0,999,0,2011-12-01 21:36:13.018,13400,2003,0,10900,0,999,2011-12-01 21:31:58.112
571,571,0,999,0,2011-11-30 22:40:48.804,5200,5200,0,2003,0,999,2011-11-30 22:26:30.761
572,572,0,66,12,2011-12-02 22:20:52.889,500,500,0,502,0,20111223,2011-12-02 17:54:11.590
573,573,0,999,0,2011-12-02 11:31:53.257,1215,1215,0,2003,1,999,2011-12-02 11:30:53.250
574,574,0,999,0,2011-12-01 11:12:28.174,2005,2003,0,11900,1,999,2011-12-01 09:27:06.985
575,575,0,7,13,2011-12-02 11:42:38.705,1219,1219,0,502,1,201111214,2011-11-21 08:15:07.282
576,576,0,999,0,2011-12-02 08:21:40.376,1210,1210,0,2003,0,999,2011-12-02 08:21:40.376
577,577,0,7,13,2011-11-21 10:48:19.029,1225,1225,0,502,0,201111214,2011-11-21 10:48:19.029
578,578,0,999,0,2011-11-30 22:26:22.258,5200,5200,0,2003,0,999,2011-11-30 20:14:04.715
579,579,0,66,12,2011-12-02 17:45:21.768,1231,1231,0,506,0,20111223,2011-12-02 17:45:21.768
580,580,0,66,12,2011-12-02 20:41:38.167,1100,500,0,506,0,20111223,2011-12-02 17:25:47.370
581,581,0,999,0,2011-12-02 11:31:58.654,1215,1215,0,2003,0,999,2011-12-02 11:31:58.654
582,582,0,999,0,2011-12-01 21:56:42.687,13400,2003,0,11900,0,999,2011-12-01 21:52:54.378
583,583,0,999,0,2011-12-02 12:44:33.086,1207,1207,0,2003,0,999,2011-12-02 12:44:33.086
584,584,0,999,0,2011-12-02 07:14:14.568,1206,1206,0,2003,1,999,2011-12-02 07:13:14.071
585,585,0,999,0,2011-12-01 23:57:46.141,1226,1226,0,2003,0,999,2011-12-01 23:57:46.141
586,586,0,66,12,2011-12-02 23:00:34.974,15500,10100,0,506,1,20111223,2011-12-02 17:57:15.885
587,587,0,999,0,2011-12-01 21:35:00.114,13400,2003,0,11900,0,999,2011-12-01 21:31:11.805
588,588,0,999,0,2011-12-01 22:08:38.236,13400,2003,0,11900,0,999,2011-12-01 22:04:49.727
589,589,0,999,0,2011-12-02 07:11:01.230,1204,1204,0,2003,0,999,2011-12-02 07:11:01.230
590,590,0,66,12,2011-12-02 23:22:10.427,15400,10100,0,502,0,20111223,2011-12-02 17:58:43.181
592,592,0,999,0,2011-12-01 00:03:22.107,1221,1221,0,2003,0,999,2011-12-01 00:03:22.107
593,593,0,999,0,2011-12-01 14:45:49.211,5200,5200,0,2003,1,999,2011-11-30 18:32:50.941
595,595,0,8,13,2011-12-01 11:32:43.612,1222,1222,0,506,0,201111301,2011-12-01 11:32:43.612
596,596,0,67,12,2011-12-02 23:24:26.032,15200,10100,0,506,0,20111215,2011-12-01 17:23:23.235
597,597,0,8,4,2011-11-21 18:33:59.826,1500,1800,0,1800,0,999,2011-11-21 17:49:53.501
598,598,0,999,0,2011-11-30 22:56:34.384,5200,5200,0,2003,0,999,2011-11-30 22:39:39.905
599,599,0,999,0,2011-11-30 22:22:28.182,5200,5200,0,2003,0,999,2011-11-30 20:06:21.999
600,600,0,999,0,2011-12-02 18:34:48.104,13400,2003,0,10900,0,999,2011-12-02 18:30:10.715
601,601,0,999,0,2011-12-02 11:37:26.446,1215,1215,0,2003,0,999,2011-12-02 11:37:26.446
602,602,0,2,13,2011-11-29 16:25:14.274,1208,1208,0,502,0,201111294,2011-11-29 16:25:14.274
603,603,0,999,0,2011-12-02 09:51:17.277,1205,1205,0,2003,0,999,2011-12-02 09:51:17.277
604,604,0,999,0,2011-11-30 23:25:41.977,1221,1221,0,2003,0,999,2011-11-30 23:25:41.977
605,605,0,999,0,2011-12-02 07:38:56.940,1206,1206,0,2003,0,999,2011-12-02 07:38:56.940
606,606,0,999,0,2011-12-02 10:14:28.378,1205,1205,0,2003,0,999,2011-12-02 10:14:28.378
607,607,0,999,0,2011-12-02 12:13:29.686,1215,1215,0,2003,0,999,2011-12-02 12:13:29.686
608,608,0,999,0,2011-11-30 22:42:41.607,5200,5200,0,2003,0,999,2011-11-30 22:31:08.380
609,609,0,999,0,2011-12-02 09:48:12.472,1213,1213,0,2003,0,999,2011-12-02 09:48:12.472
610,610,0,999,0,2011-12-02 09:47:06.977,1213,1213,0,2003,0,999,2011-12-02 09:47:06.977
611,611,0,999,0,2011-11-30 23:27:24.274,1221,1221,0,2003,0,999,2011-11-30 23:27:24.274
612,612,0,999,0,2011-12-02 08:53:57.681,1211,1211,0,2003,0,999,2011-12-02 08:53:57.681
613,613,0,2,7,2011-11-07 08:53:29.552,1500,1800,0,1800,0,999,2011-11-07 06:28:48.730
614,614,0,999,0,2011-12-02 09:44:55.979,1213,1213,0,2003,0,999,2011-12-02 09:44:55.979
615,615,0,999,0,2011-12-01 20:55:14.293,13400,2003,0,10900,0,999,2011-12-01 20:51:25.194
616,616,0,67,12,2011-12-02 21:54:28.220,1230,1230,0,506,0,20111224,2011-12-02 21:54:28.220
617,617,0,66,12,2011-12-02 20:46:16.377,1233,1233,0,506,0,20111223,2011-12-02 20:46:16.377
618,618,0,999,0,2011-11-30 22:02:04.292,5200,5200,0,2003,0,999,2011-11-30 19:48:28.416
619,619,0,999,0,2011-12-01 20:39:14.323,13400,2003,0,1800,0,999,2011-12-01 20:34:15.022
620,620,0,67,12,2011-12-02 22:39:14.263,10100,10100,0,506,0,20111215,2011-12-01 17:08:56.479
621,621,0,999,0,2011-12-02 00:41:04.287,1226,1226,0,2003,0,999,2011-12-02 00:41:04.287
622,622,0,999,0,2011-12-02 08:06:55.724,1210,1210,0,2003,0,999,2011-12-02 08:06:55.724
623,623,0,72,12,2011-12-02 21:38:03.364,1223,1223,0,506,0,20111224,2011-12-02 21:38:03.364
624,624,0,999,0,2011-12-01 21:07:03.823,13400,2003,0,11900,0,999,2011-12-01 21:03:14.924
626,626,0,999,0,2011-12-02 20:52:07.892,13400,2003,0,3700,0,999,2011-12-02 20:48:00.086
627,627,0,67,12,2011-12-02 22:34:39.648,1230,1230,0,502,0,20111224,2011-12-02 22:34:39.648
629,629,0,7,13,2011-11-21 10:47:09.229,1225,1225,0,502,0,201111214,2011-11-21 10:47:09.229
630,630,0,999,0,2011-12-03 00:47:43.017,300,403,0,11900,0,999,2011-12-02 22:14:02.789
631,631,0,66,12,2011-12-02 18:48:05.160,1233,1233,0,506,0,20111223,2011-12-02 18:48:05.160
633,633,0,67,12,2011-11-30 15:02:37.314,702,700,0,506,0,201111302,2011-11-30 12:22:17.251
634,634,0,66,12,2011-12-02 21:02:59.149,1400,500,0,506,1,20111223,2011-12-02 16:00:17.373
635,635,0,999,0,2011-12-02 20:33:41.161,13400,2003,0,1800,0,999,2011-12-02 20:29:40.234
636,636,0,96,11,2011-11-28 17:12:10.727,1229,1229,0,506,0,201111286,2011-11-28 17:12:10.727
638,638,0,999,0,2011-12-02 10:12:10.479,1205,1205,0,2003,0,999,2011-12-02 10:12:10.479
639,639,0,999,0,2011-12-03 00:47:13.906,2003,2003,0,1800,1,999,2011-12-01 20:21:10.564
640,640,0,2,13,2011-11-29 15:03:21.300,1218,1218,0,502,0,201111294,2011-11-29 15:03:21.300
641,641,0,999,0,2011-12-02 07:16:37.363,1206,1206,0,2003,0,999,2011-12-02 07:16:37.363
642,642,0,8,13,2011-11-30 07:54:24.019,1212,1212,0,502,0,201111301,2011-11-30 07:54:24.019
645,645,0,999,0,2011-12-02 05:29:41.157,2012,2003,0,10900,0,999,2011-11-22 20:07:58.171
646,646,0,96,11,2011-12-02 14:02:41.998,1229,1229,0,502,1,201111286,2011-11-28 16:42:38.949
647,647,0,999,0,2011-12-01 15:21:17.321,2005,2003,0,11900,1,999,2011-11-30 17:29:26.330
649,649,0,66,12,2011-12-02 20:15:17.484,1232,1232,0,502,0,20111223,2011-12-02 20:15:17.484
650,650,0,999,0,1970-01-22 07:00:00.000,14100,14100,0,0,0,999,1970-01-22 07:00:00.000
652,652,0,2,13,2011-12-01 13:58:43.408,1224,1224,0,506,0,201111172,2011-12-01 13:58:43.408
653,653,0,999,0,2011-12-03 00:47:31.010,2001,2003,0,11900,1,999,2011-12-02 22:58:46.438
654,654,0,66,12,2011-12-02 17:13:45.432,1231,1231,0,502,0,20111223,2011-12-02 17:13:45.432
655,655,0,97,11,2011-11-22 14:31:32.505,1209,1209,0,502,0,201111223,2011-11-22 14:31:32.505
656,656,0,67,12,2011-12-02 22:18:53.487,1230,1230,0,506,0,20111224,2011-12-02 22:18:53.487
657,657,0,999,0,2011-12-01 15:33:28.142,1221,1221,0,2003,0,999,2011-12-01 15:33:28.142
658,658,0,66,12,2011-12-02 17:46:57.256,1231,1231,0,502,0,20111223,2011-12-02 17:46:57.256
659,659,0,999,0,2011-12-02 01:23:34.724,1226,1226,0,2003,0,999,2011-12-02 01:23:34.724
660,660,0,999,0,2011-11-30 23:13:12.830,5200,5200,0,2003,0,999,2011-11-30 23:00:04.076
661,661,0,999,0,2011-12-02 09:01:43.411,1211,1211,0,2003,0,999,2011-12-02 09:01:43.411
662,662,0,999,0,2011-12-02 00:46:26.891,1226,1226,0,11900,0,999,2011-12-02 00:46:26.891
664,664,0,999,0,2011-12-02 11:06:56.685,1217,1217,0,2003,0,999,2011-12-02 11:06:56.685
665,665,0,2,13,2011-11-29 14:57:48.401,1218,1218,0,506,0,201111294,2011-11-29 14:57:48.401
666,666,0,999,0,2011-12-02 12:50:18.933,1214,1214,0,2003,0,999,2011-12-02 12:50:18.933
667,667,0,999,0,2011-12-02 07:07:45.629,1204,1204,0,2003,0,999,2011-12-02 07:07:45.629
668,668,0,67,12,2011-12-02 18:07:27.244,2500,500,0,506,0,20111215,2011-12-01 18:01:08.192
669,669,0,8,12,2011-12-02 11:21:51.031,1222,1222,0,506,1,201111301,2011-12-01 11:09:32.922
670,670,0,66,12,2011-12-02 19:52:47.583,1232,1232,0,502,0,20111223,2011-12-02 19:52:47.583
673,673,0,7,13,2011-11-21 08:19:38.682,1219,1219,0,502,0,201111214,2011-11-21 08:19:38.682
675,675,0,67,12,2011-12-03 00:47:54.814,509,1230,0,502,1,20111231,2011-01-03 12:57:42.0
676,676,0,2,13,2011-11-29 14:55:29.892,1218,1218,0,506,0,201111294,2011-11-29 14:55:29.892
677,677,0,2,13,2011-12-02 15:13:42.214,1228,1228,0,11900,0,999,2011-12-02 15:13:42.214
679,679,0,8,13,2011-12-02 07:30:21.508,1222,1222,0,506,0,201111301,2011-12-02 07:30:21.508
680,680,0,999,0,2011-12-02 13:12:45.009,1214,1214,0,2003,0,999,2011-12-02 13:12:45.009
681,681,0,999,0,2011-11-30 23:01:56.628,5200,5200,0,2003,0,999,2011-11-30 22:54:28.273
683,683,0,66,12,2011-12-02 19:50:13.261,1233,1233,0,502,0,20111223,2011-12-02 19:50:13.261
684,684,0,999,0,2011-11-30 23:08:46.427,5200,5200,0,2003,0,999,2011-11-30 22:46:25.068
685,685,0,999,0,2011-12-02 08:10:12.336,1210,1210,0,2003,0,999,2011-12-02 08:10:12.336
686,686,0,67,12,2011-12-02 22:19:29.990,1230,1230,0,502,0,20111224,2011-12-02 22:19:29.990
687,687,0,67,12,2011-12-02 23:00:30.328,15600,10100,0,502,0,20111215,2011-12-01 17:21:41.329
688,688,0,66,12,2011-12-02 20:32:45.851,1233,1233,0,502,0,20111223,2011-12-02 20:32:45.851
689,689,0,999,0,2011-12-02 16:14:23.410,2005,2003,0,10900,1,999,2011-11-30 17:52:57.720
690,690,0,999,0,2011-11-30 23:38:50.831,5200,5200,0,10900,0,999,2011-11-30 23:10:26.421
691,691,0,999,0,2011-12-02 00:01:28.040,1226,1226,0,2003,0,999,2011-12-02 00:01:28.040
693,693,0,66,12,2011-12-02 20:59:04.822,1233,1233,0,405,0,0,2011-12-02 20:59:04.822
694,694,0,999,0,2011-12-02 08:01:11.288,13400,2003,0,11900,0,999,2011-12-02 07:18:32.579
695,695,0,999,0,2011-11-30 23:20:17.581,5200,5200,0,2003,0,999,2011-11-30 23:05:41.331
696,696,0,67,12,2011-12-02 22:17:40.883,1230,1230,0,506,0,20111224,2011-12-02 22:17:40.883
697,697,0,2,13,2011-12-01 13:17:24.974,1224,1224,0,502,0,201111294,2011-12-01 13:17:24.974
698,698,0,2,13,2011-12-01 13:49:58.783,1224,1224,0,506,0,201111172,2011-12-01 13:49:58.783
700,700,0,96,11,2011-12-01 10:13:39.761,1227,1227,0,502,0,201111286,2011-12-01 10:13:39.761
701,701,0,999,0,2011-12-02 07:37:51.646,1206,1206,0,2003,0,999,2011-12-02 07:37:51.646
702,702,0,999,0,2011-12-01 20:33:23.318,13400,2003,0,10900,0,999,2011-12-01 20:29:34.569
703,703,0,67,12,2011-12-02 22:31:08.464,1230,1230,0,506,0,20111224,2011-12-02 22:31:08.464
704,704,0,999,0,2011-12-02 08:08:01.238,1210,1210,0,2003,0,999,2011-12-02 08:08:01.238
705,705,0,66,12,2011-12-02 23:29:52.532,15500,10100,0,502,0,20111223,2011-12-02 18:27:43.794
706,706,0,999,0,2011-12-03 00:48:44.316,2030,403,0,3700,0,999,2011-12-01 20:19:57.679
708,708,0,999,0,2011-12-01 23:59:20.647,1226,1226,0,2003,0,999,2011-12-01 23:59:20.647
709,709,0,999,0,2011-11-30 22:35:19.491,5200,5200,0,2003,0,999,2011-11-30 22:11:23.035
711,711,0,66,12,2011-12-02 16:21:03.635,1231,1231,0,506,0,20111223,2011-12-02 16:21:03.635
712,712,0,96,11,2011-11-28 17:06:31.399,1229,1229,0,506,0,201111286,2011-11-28 17:06:31.399
713,713,0,66,12,2011-12-02 20:45:18.073,1233,1233,0,502,0,20111223,2011-12-02 20:45:18.073
714,714,0,66,12,2011-12-02 20:10:51.371,1232,1232,0,502,0,20111223,2011-12-02 20:10:51.371
715,715,0,999,0,2011-11-30 23:14:40.626,5200,5200,0,2003,0,999,2011-11-30 23:00:54.879
716,716,0,999,0,2011-12-01 15:36:21.491,1221,1221,0,2003,0,999,2011-12-01 15:36:21.491
717,717,0,999,0,2011-12-02 23:48:39.132,13500,2003,0,10900,0,999,2011-12-02 23:44:50.923
718,718,0,999,0,2011-12-01 00:04:59.517,1221,1221,0,2003,0,999,2011-12-01 00:04:59.517
719,719,0,96,11,2011-11-28 17:37:46.616,1229,1229,0,502,0,201111286,2011-11-28 17:37:46.616
720,720,0,67,12,2011-12-02 22:17:12.783,1000,500,0,506,0,20111215,2011-12-01 17:15:59.227
721,721,0,999,0,2011-12-02 18:19:35.992,13400,2003,0,1800,0,999,2011-12-02 18:15:47.243
722,722,0,66,12,2011-12-02 16:07:57.505,1231,1231,0,506,0,20111223,2011-12-02 16:07:57.505
723,723,0,999,0,2011-12-02 06:42:38.021,1204,1204,0,2003,0,999,2011-12-02 06:42:38.021
724,724,0,999,0,2011-12-02 00:43:44.087,1226,1226,0,2003,0,999,2011-12-02 00:43:44.087
725,725,0,67,12,2011-11-30 15:01:02.397,702,700,0,502,0,201111302,2011-11-30 12:20:57.246
726,726,0,999,0,2011-11-30 22:38:07.613,5200,5200,0,2003,0,999,2011-11-30 22:17:14.731
727,727,0,999,0,2011-12-03 00:47:14.607,2003,2003,0,10900,0,999,2011-12-02 22:39:30.566
728,728,0,999,0,2011-11-30 23:22:15.080,1221,1221,0,2003,0,999,2011-11-30 23:22:15.080
729,729,0,999,0,2011-11-30 14:26:50.817,800,2003,0,800,1,0000,2011-11-30 14:26:50.817
730,730,0,999,0,2011-12-03 00:47:17.731,2002,2003,0,11900,1,999,2011-12-02 22:47:27.883
731,731,0,999,0,2011-12-01 09:19:10.279,2005,2003,0,11900,1,999,2011-12-01 08:48:48.540
732,732,0,2,13,2011-11-29 14:59:01.276,1218,1218,0,506,0,201111294,2011-11-29 14:59:01.276
734,734,0,7,6,2011-11-21 10:50:44.328,1225,1225,0,405,0,0,2011-11-21 10:50:44.328
735,735,0,72,11,2011-12-02 23:14:24.177,1223,1223,0,502,0,20111224,2011-12-02 23:14:24.177
736,736,0,96,11,2011-11-28 17:07:55.009,1229,1229,0,502,0,201111286,2011-11-28 17:07:55.009
737,737,0,66,12,2011-12-02 20:13:13.485,1232,1232,0,502,0,20111223,2011-12-02 20:13:13.485
738,738,0,999,0,2011-11-30 22:36:18.105,5200,5200,0,2003,0,999,2011-11-30 22:12:58.943
739,739,0,999,0,2011-12-02 12:17:59.725,1207,1207,0,2003,0,999,2011-12-02 12:17:59.725
740,740,0,72,12,2011-12-01 19:32:36.514,1223,1223,0,502,0,20111215,2011-12-01 19:32:36.514
741,741,0,66,12,2011-12-02 23:29:49.728,14600,10100,0,506,1,20111223,2011-12-02 18:43:34.250
742,742,0,999,0,2011-12-02 22:58:19.229,300,403,0,11900,0,999,2011-12-02 22:03:45.572
743,743,0,999,0,2011-12-02 09:53:20.715,1205,1205,0,2003,0,999,2011-12-02 09:53:20.715
744,744,0,2,13,2011-11-29 16:29:14.400,1208,1208,0,506,0,201111294,2011-11-29 16:29:14.400
745,745,0,66,12,2011-12-02 22:22:00.136,500,500,0,506,0,20111223,2011-12-02 17:55:02.483
746,746,0,66,12,2011-12-02 13:44:19.513,1200,500,0,502,0,20111213,2011-12-01 02:21:22.203
747,747,0,999,0,2011-12-02 11:08:02.289,1217,1217,0,2003,0,999,2011-12-02 11:08:02.289
748,748,0,999,0,2011-12-01 00:08:11.113,1221,1221,0,2003,0,999,2011-12-01 00:08:11.113
749,749,0,67,12,2011-12-02 22:13:54.277,1000,500,0,502,0,20111215,2011-12-01 17:12:21.284
750,750,0,999,0,2011-12-02 10:22:45.893,1217,1217,0,2003,0,999,2011-12-02 10:22:45.893
801,801,0,999,0,2011-12-02 12:46:58.385,1207,1207,0,2003,0,999,2011-12-02 12:46:58.385
802,802,0,66,12,2011-12-02 17:14:51.136,1231,1231,0,506,0,20111223,2011-12-02 17:14:51.136
804,804,0,72,12,2011-12-02 21:12:53.583,1223,1223,0,506,0,20111224,2011-12-02 21:12:53.583
805,805,0,8,13,2011-12-01 12:24:47.394,1222,1222,0,506,0,201111301,2011-12-01 12:24:47.394
806,806,0,7,13,2011-11-21 08:16:14.679,1219,1219,0,506,0,201111214,2011-11-21 08:16:14.679
807,807,0,999,0,2011-12-02 08:50:41.199,1211,1211,0,2003,0,999,2011-12-02 08:50:41.199
810,810,0,66,12,2011-12-02 22:19:46.383,500,500,0,506,0,20111223,2011-12-02 17:52:44.255
811,811,0,7,13,2011-11-21 16:24:20.790,1225,1225,0,506,0,201111214,2011-11-21 16:24:20.790
812,812,0,999,0,2011-12-02 12:45:46.121,1207,1207,0,2003,0,999,2011-12-02 12:45:46.121
815,815,0,66,12,2011-12-02 19:59:32.134,1232,1232,0,502,0,20111223,2011-12-02 19:59:32.134
816,816,0,999,0,2011-12-02 16:05:59.986,2010,2003,0,11900,1,999,2011-12-01 07:47:36.630
818,818,0,67,12,2011-12-02 23:29:16.239,15500,10100,0,502,0,20111224,2011-12-02 21:52:12.916
820,820,0,97,11,2011-11-30 14:49:19.286,702,700,0,502,1,201111223,2011-11-22 16:02:52.615
821,821,0,8,13,2011-11-30 07:55:29.763,1212,1212,0,506,0,201111301,2011-11-30 07:55:29.763
822,822,0,999,0,2011-12-02 09:02:48.835,1211,1211,0,2003,0,999,2011-12-02 09:02:48.835
824,824,0,66,12,2011-12-02 20:16:40.964,1232,1232,0,506,0,20111223,2011-12-02 20:16:40.964
827,827,0,2,13,2011-12-01 13:51:25.989,1224,1224,0,502,0,201111172,2011-12-01 13:51:25.989
834,834,0,999,0,2011-11-30 23:11:50.031,5200,5200,0,2003,0,999,2011-11-30 22:48:06.664
836,836,0,999,0,2011-11-30 21:56:05.456,5200,2003,0,2003,0,999,2011-11-30 19:42:14.798
837,837,0,999,0,2011-12-02 08:13:28.839,1210,1210,0,2003,0,999,2011-12-02 08:13:28.839
838,838,0,999,0,2011-12-02 00:42:24.292,1226,1226,0,2003,0,999,2011-12-02 00:42:24.292
839,839,0,66,12,2011-12-02 19:51:09.512,1232,1232,0,502,0,20111223,2011-12-02 19:51:09.512
840,840,0,96,0,2011-12-02 16:41:14.306,12400,11900,0,11900,0,999,2011-12-02 16:20:01.936
841,841,0,999,0,2011-12-02 01:22:07.719,1226,1226,0,2003,0,999,2011-12-02 01:22:07.719
842,842,0,66,12,2011-12-02 16:48:30.133,1231,1231,0,506,0,20111223,2011-12-02 16:48:30.133
844,844,0,67,12,2011-12-02 22:14:59.982,1000,500,0,506,0,20111215,2011-12-01 17:13:18.736
845,845,0,999,0,2011-12-02 11:26:22.821,13400,2003,0,3700,0,999,2011-12-02 10:59:46.126
846,846,0,999,0,2011-12-03 00:47:52.711,13500,2003,0,10900,1,999,2011-12-02 23:22:34.622
851,851,0,67,12,2011-12-02 23:25:31.126,15200,10100,0,502,0,20111215,2011-12-01 17:23:59.678
852,852,0,96,11,2011-11-28 17:40:27.016,1229,1229,0,502,0,201111286,2011-11-28 17:40:27.016
855,855,0,999,0,2011-11-30 22:37:16.509,5200,5200,0,2003,0,999,2011-11-30 22:14:33.950
856,856,0,66,12,2011-12-02 20:06:58.146,1232,1232,0,506,0,20111223,2011-12-02 20:06:58.146
857,857,0,999,0,2011-12-02 07:40:02.244,1206,1206,0,2003,0,999,2011-12-02 07:40:02.244
858,858,0,7,13,2011-11-21 10:42:21.184,1225,1225,0,502,0,201111214,2011-11-21 10:42:21.184
860,860,0,999,0,2011-11-30 21:50:41.030,5200,2003,0,2003,0,999,2011-11-30 18:42:13.490
862,862,0,999,0,2011-12-02 10:22:40.395,1217,1217,0,2003,1,999,2011-12-02 10:21:40.199
863,594,0,999,0,2011-12-01 18:15:43.431,5200,5200,0,506,0,20111215,2011-12-01 15:25:58.435
864,88,0,67,12,2011-12-02 23:12:55.379,15400,10100,0,506,0,20111215,2011-12-01 17:18:27.530
865,910,0,67,12,2011-11-30 14:56:17.988,702,700,0,506,0,201111302,2011-11-30 12:06:41.916
866,911,0,999,0,2011-11-30 22:54:29.975,5200,5200,0,2003,0,999,2011-11-30 22:33:49.381
867,918,0,999,0,2011-12-01 22:19:38.675,13400,2003,0,10900,0,999,2011-12-01 22:15:20.584
868,913,0,66,12,2011-12-02 19:51:56.469,1232,1232,0,506,0,20111223,2011-12-02 19:51:56.469
869,905,0,999,0,2011-12-03 00:47:26.113,2002,2003,0,10900,0,999,2011-12-02 22:50:15.834
870,902,0,96,11,2011-11-28 17:14:51.048,1229,1229,0,506,0,201111286,2011-11-28 17:14:51.048
871,901,0,999,0,2011-12-02 18:32:22.104,13400,2003,0,11900,0,999,2011-12-02 18:28:33.595
872,900,0,66,12,2011-12-02 20:12:11.676,1232,1232,0,506,0,20111223,2011-12-02 20:12:11.676
873,906,0,999,0,2011-12-02 00:47:46.696,1226,1226,0,2003,0,999,2011-12-02 00:47:46.696
874,904,0,67,12,2011-12-02 20:40:30.750,2500,500,0,506,0,20111215,2011-12-01 18:05:47.183
875,903,0,999,0,2011-12-02 21:41:45.674,13400,2003,0,2003,0,999,2011-12-02 21:37:56.765
876,909,0,8,13,2011-11-30 08:43:56.012,1216,1216,0,506,0,201111301,2011-11-30 08:43:56.012
877,907,0,97,11,2011-12-02 14:00:28.586,1209,1209,0,506,1,201111223,2011-11-22 14:26:04.774
878,912,0,8,13,2011-12-02 12:06:43.352,1222,1222,0,506,0,201111301,2011-12-02 12:06:43.352
879,917,0,999,0,2011-12-02 08:11:17.931,1210,1210,0,2003,0,999,2011-12-02 08:11:17.931
880,919,0,96,11,2011-11-28 17:13:30.842,1229,1229,0,502,0,201111286,2011-11-28 17:13:30.842
881,915,0,67,12,2011-12-03 00:51:30.114,1230,1230,0,506,0,20111231,2011-12-03 00:51:30.114
882,908,0,999,0,2011-12-02 13:17:06.705,1214,1214,0,2003,0,999,2011-12-02 13:17:06.705
883,914,0,999,0,2011-12-02 21:43:42.282,13400,2003,0,2003,0,999,2011-12-02 21:39:09.670
