INSERT INTO "GALADM"."GAL117TBX" (SITE_NAME,SITE_DESCRIPTION) VALUES ('HCM             ','HCM                                                                                                                             ');

INSERT INTO "GALADM"."GAL128TBX" (DIVISION_ID,SITE_NAME,PLANT_NAME,DIVISION_NAME,DIVISION_DESCRIPTION,DIVISION_NAME1,DIVISION_NAME2,SEQUENCE_NUMBER) VALUES ('AF              ','HCM             ','001             ','AF                              ','Assembly Final                                                                                                                  ','                                ','                                ',1);
INSERT INTO "GALADM"."GAL128TBX" (DIVISION_ID,SITE_NAME,PLANT_NAME,DIVISION_NAME,DIVISION_DESCRIPTION,DIVISION_NAME1,DIVISION_NAME2,SEQUENCE_NUMBER) VALUES ('PA              ','HCM             ','001             ','PA                              ','Paint                                                                                                                           ','                                ','                                ',3);
INSERT INTO "GALADM"."GAL128TBX" (DIVISION_ID,SITE_NAME,PLANT_NAME,DIVISION_NAME,DIVISION_DESCRIPTION,DIVISION_NAME1,DIVISION_NAME2,SEQUENCE_NUMBER) VALUES ('PO              ','HCM             ','001             ','PO                              ','Bumper Paint                                                                                                                    ','                                ','                                ',4);
INSERT INTO "GALADM"."GAL128TBX" (DIVISION_ID,SITE_NAME,PLANT_NAME,DIVISION_NAME,DIVISION_DESCRIPTION,DIVISION_NAME1,DIVISION_NAME2,SEQUENCE_NUMBER) VALUES ('ST              ','HCM             ','001             ','ST                              ','Stamping                                                                                                                        ','                                ','                                ',5);
INSERT INTO "GALADM"."GAL128TBX" (DIVISION_ID,SITE_NAME,PLANT_NAME,DIVISION_NAME,DIVISION_DESCRIPTION,DIVISION_NAME1,DIVISION_NAME2,SEQUENCE_NUMBER) VALUES ('VQ              ','HCM             ','001             ','VQ                              ','Vehicle Quality                                                                                                                 ','                                ','                                ',0);
INSERT INTO "GALADM"."GAL128TBX" (DIVISION_ID,SITE_NAME,PLANT_NAME,DIVISION_NAME,DIVISION_DESCRIPTION,DIVISION_NAME1,DIVISION_NAME2,SEQUENCE_NUMBER) VALUES ('WE              ','HCM             ','001             ','WE                              ','Weld                                                                                                                            ','                                ','                                ',2);
INSERT INTO "GALADM"."GAL128TBX" (DIVISION_ID,SITE_NAME,PLANT_NAME,DIVISION_NAME,DIVISION_DESCRIPTION,DIVISION_NAME1,DIVISION_NAME2,SEQUENCE_NUMBER) VALUES ('AE              ','HCM             ','Engine          ','AE                              ','Assembly Engine                                                                                                                 ','NONE                            ','NONE                            ',2);
INSERT INTO "GALADM"."GAL128TBX" (DIVISION_ID,SITE_NAME,PLANT_NAME,DIVISION_NAME,DIVISION_DESCRIPTION,DIVISION_NAME1,DIVISION_NAME2,SEQUENCE_NUMBER) VALUES ('AF1             ','HCM             ','FRAME1          ','AF1                             ','Assembly Final Plant 1                                                                                                          ','                                ','                                ',3);
INSERT INTO "GALADM"."GAL128TBX" (DIVISION_ID,SITE_NAME,PLANT_NAME,DIVISION_NAME,DIVISION_DESCRIPTION,DIVISION_NAME1,DIVISION_NAME2,SEQUENCE_NUMBER) VALUES ('PA1             ','HCM             ','FRAME1          ','PA1                             ','Paint Plant 1                                                                                                                   ','                                ','                                ',2);
INSERT INTO "GALADM"."GAL128TBX" (DIVISION_ID,SITE_NAME,PLANT_NAME,DIVISION_NAME,DIVISION_DESCRIPTION,DIVISION_NAME1,DIVISION_NAME2,SEQUENCE_NUMBER) VALUES ('VQ1             ','HCM             ','FRAME1          ','VQ1                             ','Vehicle Quality Plant 1                                                                                                         ','                                ','                                ',4);
INSERT INTO "GALADM"."GAL128TBX" (DIVISION_ID,SITE_NAME,PLANT_NAME,DIVISION_NAME,DIVISION_DESCRIPTION,DIVISION_NAME1,DIVISION_NAME2,SEQUENCE_NUMBER) VALUES ('WE1             ','HCM             ','FRAME1          ','WE1                             ','Weld Plant 1                                                                                                                    ','                                ','                                ',1);
INSERT INTO "GALADM"."GAL128TBX" (DIVISION_ID,SITE_NAME,PLANT_NAME,DIVISION_NAME,DIVISION_DESCRIPTION,DIVISION_NAME1,DIVISION_NAME2,SEQUENCE_NUMBER) VALUES ('AF2             ','HCM             ','FRAME2          ','AF2                             ','Assembly Final Plant 2                                                                                                          ','                                ','                                ',3);
INSERT INTO "GALADM"."GAL128TBX" (DIVISION_ID,SITE_NAME,PLANT_NAME,DIVISION_NAME,DIVISION_DESCRIPTION,DIVISION_NAME1,DIVISION_NAME2,SEQUENCE_NUMBER) VALUES ('PA2             ','HCM             ','FRAME2          ','PA2                             ','Paint Plant 2                                                                                                                   ','                                ','                                ',2);
INSERT INTO "GALADM"."GAL128TBX" (DIVISION_ID,SITE_NAME,PLANT_NAME,DIVISION_NAME,DIVISION_DESCRIPTION,DIVISION_NAME1,DIVISION_NAME2,SEQUENCE_NUMBER) VALUES ('VQ2             ','HCM             ','FRAME2          ','VQ2                             ','Vehicle Quality Plant 2                                                                                                         ','                                ','                                ',4);
INSERT INTO "GALADM"."GAL128TBX" (DIVISION_ID,SITE_NAME,PLANT_NAME,DIVISION_NAME,DIVISION_DESCRIPTION,DIVISION_NAME1,DIVISION_NAME2,SEQUENCE_NUMBER) VALUES ('WE2             ','HCM             ','FRAME2          ','WE2                             ','Weld Plant 2                                                                                                                    ','                                ','                                ',1);

INSERT INTO "GALADM"."GAL195TBX" (LINE_ID,SITE_NAME,PLANT_NAME,DIVISION_ID,DIVISION_NAME,DIVISION_NAME1,DIVISION_NAME2,LINE_NAME,LINE_TYPE,LINE_DESCRIPTION,ENTRY_PROCESS_POINT_ID,LINE_SEQUENCE_NUMBER,STD_INVENTORY,MAXIMUM_INVENTORY,MINIMUM_INVENTORY) VALUES ('PBS             ','HCM             ','FRAME1          ','PA1             ','PA1                             ','                                ','                                ','PBS                             ',0,'                                                                                                                                ','                ',0,300,1000,1);

-- GPCS Division
INSERT INTO "GALADM"."GAL238TBX" (GPCS_PLANT_CODE,GPCS_LINE_NO,GPCS_PROCESS_LOCATION,DIVISION_ID) VALUES ('HCM ','01','PA','PA1             ');
INSERT INTO "GALADM"."GAL238TBX" (GPCS_PLANT_CODE,GPCS_LINE_NO,GPCS_PROCESS_LOCATION,DIVISION_ID) VALUES ('HCM ','01','MS','MS1             ');
INSERT INTO "GALADM"."GAL238TBX" (GPCS_PLANT_CODE,GPCS_LINE_NO,GPCS_PROCESS_LOCATION,DIVISION_ID) VALUES ('HCM ','01','WE','WE1             ');
INSERT INTO "GALADM"."GAL238TBX" (GPCS_PLANT_CODE,GPCS_LINE_NO,GPCS_PROCESS_LOCATION,DIVISION_ID) VALUES ('HCM ','01','PO','PO1             ');
INSERT INTO "GALADM"."GAL238TBX" (GPCS_PLANT_CODE,GPCS_LINE_NO,GPCS_PROCESS_LOCATION,DIVISION_ID) VALUES ('HCM ','01','ST','ST1             ');
INSERT INTO "GALADM"."GAL238TBX" (GPCS_PLANT_CODE,GPCS_LINE_NO,GPCS_PROCESS_LOCATION,DIVISION_ID) VALUES ('HCM ','01','VQ','VQ1             ');
INSERT INTO "GALADM"."GAL238TBX" (GPCS_PLANT_CODE,GPCS_LINE_NO,GPCS_PROCESS_LOCATION,DIVISION_ID) VALUES ('SIM ','01','AF','SIMDIV01        ');
INSERT INTO "GALADM"."GAL238TBX" (GPCS_PLANT_CODE,GPCS_LINE_NO,GPCS_PROCESS_LOCATION,DIVISION_ID) VALUES ('HCM ','01','AF','AF1             ');
INSERT INTO "GALADM"."GAL238TBX" (GPCS_PLANT_CODE,GPCS_LINE_NO,GPCS_PROCESS_LOCATION,DIVISION_ID) VALUES ('HCM ','01','AF','AF              ');

-- Plant
INSERT INTO "GALADM"."GAL211TBX" (SITE_NAME,PLANT_NAME,PLANT_LONG_DESCRIPTION) VALUES ('HCM             ','001             ','Frame Plant 1                                                                                                                   ');
INSERT INTO "GALADM"."GAL211TBX" (SITE_NAME,PLANT_NAME,PLANT_LONG_DESCRIPTION) VALUES ('HCM             ','FRAME1          ','Frame Plant 1                                                                                                                   ');
INSERT INTO "GALADM"."GAL211TBX" (SITE_NAME,PLANT_NAME,PLANT_LONG_DESCRIPTION) VALUES ('HCM             ','FRAME2          ','Frame Plant 2                                                                                                                   ');
INSERT INTO "GALADM"."GAL211TBX" (SITE_NAME,PLANT_NAME,PLANT_LONG_DESCRIPTION) VALUES ('HCM             ','01SIMPLANT      ','Simulation Plant                                                                                                                ');
INSERT INTO "GALADM"."GAL211TBX" (SITE_NAME,PLANT_NAME,PLANT_LONG_DESCRIPTION) VALUES ('HCM             ','Test Plant      ','Interns                                                                                                                         ');

INSERT INTO "GALADM"."GAL226TBX" (LINE_NO,PROCESS_LOCATION,PLANT_CODE,DAY_OF_WEEK,PRODUCTION_DATE,SHIFT,PERIOD,PERIOD_LABEL,TYPE,PLAN,START_TIME,END_TIME,NEXT_DAY,CAPACITY,CAPACITY_ON,PLAN_CODE,WEEK_NO,ISWORK,CREATE_TIMESTAMP,UPDATE_TIMESTAMP,START_TIMESTAMP,END_TIMESTAMP) VALUES ('01','AF','HCM ','THU',{d '@CURRENT_DATE@'},'01',1,'PRE1 ','O/T','N',{t '03:20:00'},{t '06:33:59'},0,0,0,'HCM 014AF  ','201643','Y',{ts '@CURRENT_DATE@ 08:00:06.435662'},{ts '@CURRENT_DATE@ 08:09:00.754667'},{ts '@CURRENT_DATE@ 03:20:00'},{ts '@CURRENT_DATE@ 06:33:59.999999'});
INSERT INTO "GALADM"."GAL226TBX" (LINE_NO,PROCESS_LOCATION,PLANT_CODE,DAY_OF_WEEK,PRODUCTION_DATE,SHIFT,PERIOD,PERIOD_LABEL,TYPE,PLAN,START_TIME,END_TIME,NEXT_DAY,CAPACITY,CAPACITY_ON,PLAN_CODE,WEEK_NO,ISWORK,CREATE_TIMESTAMP,UPDATE_TIMESTAMP,START_TIMESTAMP,END_TIMESTAMP) VALUES ('01','AF','HCM ','THU',{d '@CURRENT_DATE@'},'01',2,'1STQ ','REG','Y',{t '06:34:00'},{t '08:28:59'},0,105,105,'HCM 014AF  ','201643','Y',{ts '@CURRENT_DATE@ 08:00:06.442412'},{ts '@CURRENT_DATE@ 08:09:00.951845'},{ts '@CURRENT_DATE@ 06:34:00'},{ts '@CURRENT_DATE@ 08:28:59.999999'});
INSERT INTO "GALADM"."GAL226TBX" (LINE_NO,PROCESS_LOCATION,PLANT_CODE,DAY_OF_WEEK,PRODUCTION_DATE,SHIFT,PERIOD,PERIOD_LABEL,TYPE,PLAN,START_TIME,END_TIME,NEXT_DAY,CAPACITY,CAPACITY_ON,PLAN_CODE,WEEK_NO,ISWORK,CREATE_TIMESTAMP,UPDATE_TIMESTAMP,START_TIMESTAMP,END_TIMESTAMP) VALUES ('01','AF','HCM ','THU',{d '@CURRENT_DATE@'},'01',3,'BRK1 ','REG','N',{t '08:29:00'},{t '08:41:59'},0,0,0,'HCM 014AF  ','201643','Y',{ts '@CURRENT_DATE@ 08:00:06.448224'},{ts '@CURRENT_DATE@ 08:09:00.752400'},{ts '@CURRENT_DATE@ 08:29:00'},{ts '@CURRENT_DATE@ 08:41:59.999999'});
INSERT INTO "GALADM"."GAL226TBX" (LINE_NO,PROCESS_LOCATION,PLANT_CODE,DAY_OF_WEEK,PRODUCTION_DATE,SHIFT,PERIOD,PERIOD_LABEL,TYPE,PLAN,START_TIME,END_TIME,NEXT_DAY,CAPACITY,CAPACITY_ON,PLAN_CODE,WEEK_NO,ISWORK,CREATE_TIMESTAMP,UPDATE_TIMESTAMP,START_TIMESTAMP,END_TIMESTAMP) VALUES ('01','AF','HCM ','THU',{d '@CURRENT_DATE@'},'01',4,'2NDQ ','REG','Y',{t '08:42:00'},{t '10:28:59'},0,98,98,'HCM 014AF  ','201643','Y',{ts '@CURRENT_DATE@ 08:00:06.454387'},{ts '@CURRENT_DATE@ 08:09:00.955624'},{ts '@CURRENT_DATE@ 08:42:00'},{ts '@CURRENT_DATE@ 10:28:59.999999'});
INSERT INTO "GALADM"."GAL226TBX" (LINE_NO,PROCESS_LOCATION,PLANT_CODE,DAY_OF_WEEK,PRODUCTION_DATE,SHIFT,PERIOD,PERIOD_LABEL,TYPE,PLAN,START_TIME,END_TIME,NEXT_DAY,CAPACITY,CAPACITY_ON,PLAN_CODE,WEEK_NO,ISWORK,CREATE_TIMESTAMP,UPDATE_TIMESTAMP,START_TIMESTAMP,END_TIMESTAMP) VALUES ('01','AF','HCM ','THU',{d '@CURRENT_DATE@'},'01',5,'LUNCH','REG','N',{t '10:29:00'},{t '10:59:59'},0,0,0,'HCM 014AF  ','201643','Y',{ts '@CURRENT_DATE@ 08:00:06.461247'},{ts '@CURRENT_DATE@ 08:09:00.776060'},{ts '@CURRENT_DATE@ 10:29:00'},{ts '@CURRENT_DATE@ 10:59:59.999999'});
INSERT INTO "GALADM"."GAL226TBX" (LINE_NO,PROCESS_LOCATION,PLANT_CODE,DAY_OF_WEEK,PRODUCTION_DATE,SHIFT,PERIOD,PERIOD_LABEL,TYPE,PLAN,START_TIME,END_TIME,NEXT_DAY,CAPACITY,CAPACITY_ON,PLAN_CODE,WEEK_NO,ISWORK,CREATE_TIMESTAMP,UPDATE_TIMESTAMP,START_TIMESTAMP,END_TIMESTAMP) VALUES ('01','AF','HCM ','THU',{d '@CURRENT_DATE@'},'01',6,'3RDQ ','REG','Y',{t '11:00:00'},{t '12:58:59'},0,109,109,'HCM 014AF  ','201643','Y',{ts '@CURRENT_DATE@ 08:00:06.467365'},{ts '@CURRENT_DATE@ 08:09:00.957225'},{ts '@CURRENT_DATE@ 11:00:00'},{ts '@CURRENT_DATE@ 12:58:59.999999'});
INSERT INTO "GALADM"."GAL226TBX" (LINE_NO,PROCESS_LOCATION,PLANT_CODE,DAY_OF_WEEK,PRODUCTION_DATE,SHIFT,PERIOD,PERIOD_LABEL,TYPE,PLAN,START_TIME,END_TIME,NEXT_DAY,CAPACITY,CAPACITY_ON,PLAN_CODE,WEEK_NO,ISWORK,CREATE_TIMESTAMP,UPDATE_TIMESTAMP,START_TIMESTAMP,END_TIMESTAMP) VALUES ('01','AF','HCM ','THU',{d '@CURRENT_DATE@'},'01',7,'BRK2 ','REG','N',{t '12:59:00'},{t '13:09:59'},0,0,0,'HCM 014AF  ','201643','Y',{ts '@CURRENT_DATE@ 08:00:06.472970'},{ts '@CURRENT_DATE@ 08:09:00.779015'},{ts '@CURRENT_DATE@ 12:59:00'},{ts '@CURRENT_DATE@ 13:09:59.999999'});
INSERT INTO "GALADM"."GAL226TBX" (LINE_NO,PROCESS_LOCATION,PLANT_CODE,DAY_OF_WEEK,PRODUCTION_DATE,SHIFT,PERIOD,PERIOD_LABEL,TYPE,PLAN,START_TIME,END_TIME,NEXT_DAY,CAPACITY,CAPACITY_ON,PLAN_CODE,WEEK_NO,ISWORK,CREATE_TIMESTAMP,UPDATE_TIMESTAMP,START_TIMESTAMP,END_TIMESTAMP) VALUES ('01','AF','HCM ','THU',{d '@CURRENT_DATE@'},'01',8,'4THQ ','REG','Y',{t '13:10:00'},{t '14:57:59'},0,305,305,'HCM 014AF  ','201643','Y',{ts '@CURRENT_DATE@ 08:00:06.479133'},{ts '@CURRENT_DATE@ 08:09:00.953480'},{ts '@CURRENT_DATE@ 13:10:00'},{ts '@CURRENT_DATE@ 14:57:59.999999'});
INSERT INTO "GALADM"."GAL226TBX" (LINE_NO,PROCESS_LOCATION,PLANT_CODE,DAY_OF_WEEK,PRODUCTION_DATE,SHIFT,PERIOD,PERIOD_LABEL,TYPE,PLAN,START_TIME,END_TIME,NEXT_DAY,CAPACITY,CAPACITY_ON,PLAN_CODE,WEEK_NO,ISWORK,CREATE_TIMESTAMP,UPDATE_TIMESTAMP,START_TIMESTAMP,END_TIMESTAMP) VALUES ('01','AF','HCM ','THU',{d '@CURRENT_DATE@'},'01',9,'POST1','O/T','N',{t '14:58:00'},{t '15:27:59'},0,0,0,'HCM 014AF  ','201643','Y',{ts '@CURRENT_DATE@ 08:00:06.484902'},{ts '@CURRENT_DATE@ 08:09:00.780462'},{ts '@CURRENT_DATE@ 14:58:00'},{ts '@CURRENT_DATE@ 15:27:59.999999'});
INSERT INTO "GALADM"."GAL226TBX" (LINE_NO,PROCESS_LOCATION,PLANT_CODE,DAY_OF_WEEK,PRODUCTION_DATE,SHIFT,PERIOD,PERIOD_LABEL,TYPE,PLAN,START_TIME,END_TIME,NEXT_DAY,CAPACITY,CAPACITY_ON,PLAN_CODE,WEEK_NO,ISWORK,CREATE_TIMESTAMP,UPDATE_TIMESTAMP,START_TIMESTAMP,END_TIMESTAMP) VALUES ('01','AF','HCM ','THU',{d '@CURRENT_DATE@'},'01',10,'BRK3 ','O/T','N',{t '15:28:00'},{t '16:04:59'},0,0,0,'HCM 014AF  ','201643','Y',{ts '@CURRENT_DATE@ 08:00:06.490918'},{ts '@CURRENT_DATE@ 08:09:00.781913'},{ts '@CURRENT_DATE@ 15:28:00'},{ts '@CURRENT_DATE@ 16:04:59.999999'});
INSERT INTO "GALADM"."GAL226TBX" (LINE_NO,PROCESS_LOCATION,PLANT_CODE,DAY_OF_WEEK,PRODUCTION_DATE,SHIFT,PERIOD,PERIOD_LABEL,TYPE,PLAN,START_TIME,END_TIME,NEXT_DAY,CAPACITY,CAPACITY_ON,PLAN_CODE,WEEK_NO,ISWORK,CREATE_TIMESTAMP,UPDATE_TIMESTAMP,START_TIMESTAMP,END_TIMESTAMP) VALUES ('01','AF','HCM ','THU',{d '@CURRENT_DATE@'},'02',11,'PRE1 ','O/T','N',{t '16:05:00'},{t '16:33:59'},0,0,0,'HCM 014AF  ','201643','Y',{ts '@CURRENT_DATE@ 08:00:06.496830'},{ts '@CURRENT_DATE@ 08:09:00.786985'},{ts '@CURRENT_DATE@ 16:05:00'},{ts '@CURRENT_DATE@ 16:33:59.999999'});
INSERT INTO "GALADM"."GAL226TBX" (LINE_NO,PROCESS_LOCATION,PLANT_CODE,DAY_OF_WEEK,PRODUCTION_DATE,SHIFT,PERIOD,PERIOD_LABEL,TYPE,PLAN,START_TIME,END_TIME,NEXT_DAY,CAPACITY,CAPACITY_ON,PLAN_CODE,WEEK_NO,ISWORK,CREATE_TIMESTAMP,UPDATE_TIMESTAMP,START_TIMESTAMP,END_TIMESTAMP) VALUES ('01','AF','HCM ','THU',{d '@CURRENT_DATE@'},'02',12,'1STQ ','REG','Y',{t '16:34:00'},{t '18:28:59'},0,105,105,'HCM 014AF  ','201643','Y',{ts '@CURRENT_DATE@ 08:00:06.504516'},{ts '@CURRENT_DATE@ 08:09:00.961832'},{ts '@CURRENT_DATE@ 16:34:00'},{ts '@CURRENT_DATE@ 18:28:59.999999'});
INSERT INTO "GALADM"."GAL226TBX" (LINE_NO,PROCESS_LOCATION,PLANT_CODE,DAY_OF_WEEK,PRODUCTION_DATE,SHIFT,PERIOD,PERIOD_LABEL,TYPE,PLAN,START_TIME,END_TIME,NEXT_DAY,CAPACITY,CAPACITY_ON,PLAN_CODE,WEEK_NO,ISWORK,CREATE_TIMESTAMP,UPDATE_TIMESTAMP,START_TIMESTAMP,END_TIMESTAMP) VALUES ('01','AF','HCM ','THU',{d '@CURRENT_DATE@'},'02',13,'BRK1 ','REG','N',{t '18:29:00'},{t '18:41:59'},0,0,0,'HCM 014AF  ','201643','Y',{ts '@CURRENT_DATE@ 08:00:06.510853'},{ts '@CURRENT_DATE@ 08:09:00.789886'},{ts '@CURRENT_DATE@ 18:29:00'},{ts '@CURRENT_DATE@ 18:41:59.999999'});
INSERT INTO "GALADM"."GAL226TBX" (LINE_NO,PROCESS_LOCATION,PLANT_CODE,DAY_OF_WEEK,PRODUCTION_DATE,SHIFT,PERIOD,PERIOD_LABEL,TYPE,PLAN,START_TIME,END_TIME,NEXT_DAY,CAPACITY,CAPACITY_ON,PLAN_CODE,WEEK_NO,ISWORK,CREATE_TIMESTAMP,UPDATE_TIMESTAMP,START_TIMESTAMP,END_TIMESTAMP) VALUES ('01','AF','HCM ','THU',{d '@CURRENT_DATE@'},'02',14,'2NDQ ','REG','Y',{t '18:42:00'},{t '20:28:59'},0,98,98,'HCM 014AF  ','201643','Y',{ts '@CURRENT_DATE@ 08:00:06.516769'},{ts '@CURRENT_DATE@ 08:09:00.960278'},{ts '@CURRENT_DATE@ 18:42:00'},{ts '@CURRENT_DATE@ 20:28:59.999999'});
INSERT INTO "GALADM"."GAL226TBX" (LINE_NO,PROCESS_LOCATION,PLANT_CODE,DAY_OF_WEEK,PRODUCTION_DATE,SHIFT,PERIOD,PERIOD_LABEL,TYPE,PLAN,START_TIME,END_TIME,NEXT_DAY,CAPACITY,CAPACITY_ON,PLAN_CODE,WEEK_NO,ISWORK,CREATE_TIMESTAMP,UPDATE_TIMESTAMP,START_TIMESTAMP,END_TIMESTAMP) VALUES ('01','AF','HCM ','THU',{d '@CURRENT_DATE@'},'02',15,'LUNCH','REG','N',{t '20:29:00'},{t '20:59:59'},0,0,0,'HCM 014AF  ','201643','Y',{ts '@CURRENT_DATE@ 08:00:06.522977'},{ts '@CURRENT_DATE@ 08:09:00.792786'},{ts '@CURRENT_DATE@ 20:29:00'},{ts '@CURRENT_DATE@ 20:59:59.999999'});
INSERT INTO "GALADM"."GAL226TBX" (LINE_NO,PROCESS_LOCATION,PLANT_CODE,DAY_OF_WEEK,PRODUCTION_DATE,SHIFT,PERIOD,PERIOD_LABEL,TYPE,PLAN,START_TIME,END_TIME,NEXT_DAY,CAPACITY,CAPACITY_ON,PLAN_CODE,WEEK_NO,ISWORK,CREATE_TIMESTAMP,UPDATE_TIMESTAMP,START_TIMESTAMP,END_TIMESTAMP) VALUES ('01','AF','HCM ','THU',{d '@CURRENT_DATE@'},'02',16,'3RDQ ','REG','Y',{t '21:00:00'},{t '22:58:59'},0,109,109,'HCM 014AF  ','201643','Y',{ts '@CURRENT_DATE@ 08:00:06.528740'},{ts '@CURRENT_DATE@ 08:09:00.963584'},{ts '@CURRENT_DATE@ 21:00:00'},{ts '@CURRENT_DATE@ 22:58:59.999999'});
INSERT INTO "GALADM"."GAL226TBX" (LINE_NO,PROCESS_LOCATION,PLANT_CODE,DAY_OF_WEEK,PRODUCTION_DATE,SHIFT,PERIOD,PERIOD_LABEL,TYPE,PLAN,START_TIME,END_TIME,NEXT_DAY,CAPACITY,CAPACITY_ON,PLAN_CODE,WEEK_NO,ISWORK,CREATE_TIMESTAMP,UPDATE_TIMESTAMP,START_TIMESTAMP,END_TIMESTAMP) VALUES ('01','AF','HCM ','THU',{d '@CURRENT_DATE@'},'02',17,'BRK2 ','REG','N',{t '22:59:00'},{t '23:09:59'},0,0,0,'HCM 014AF  ','201643','Y',{ts '@CURRENT_DATE@ 08:00:06.535510'},{ts '@CURRENT_DATE@ 08:09:00.796360'},{ts '@CURRENT_DATE@ 22:59:00'},{ts '@CURRENT_DATE@ 23:09:59.999999'});
INSERT INTO "GALADM"."GAL226TBX" (LINE_NO,PROCESS_LOCATION,PLANT_CODE,DAY_OF_WEEK,PRODUCTION_DATE,SHIFT,PERIOD,PERIOD_LABEL,TYPE,PLAN,START_TIME,END_TIME,NEXT_DAY,CAPACITY,CAPACITY_ON,PLAN_CODE,WEEK_NO,ISWORK,CREATE_TIMESTAMP,UPDATE_TIMESTAMP,START_TIMESTAMP,END_TIMESTAMP) VALUES ('01','AF','HCM ','THU',{d '@CURRENT_DATE@'},'02',18,'4THQ ','REG','Y',{t '23:10:00'},{t '00:57:59'},1,98,98,'HCM 014AF  ','201643','Y',{ts '@CURRENT_DATE@ 08:00:06.541713'},{ts '@CURRENT_DATE@ 08:09:00.965188'},{ts '@CURRENT_DATE@ 23:10:00'},{ts '@TOMORROW_DATE@ 00:57:59.999999'});
INSERT INTO "GALADM"."GAL226TBX" (LINE_NO,PROCESS_LOCATION,PLANT_CODE,DAY_OF_WEEK,PRODUCTION_DATE,SHIFT,PERIOD,PERIOD_LABEL,TYPE,PLAN,START_TIME,END_TIME,NEXT_DAY,CAPACITY,CAPACITY_ON,PLAN_CODE,WEEK_NO,ISWORK,CREATE_TIMESTAMP,UPDATE_TIMESTAMP,START_TIMESTAMP,END_TIMESTAMP) VALUES ('01','AF','HCM ','THU',{d '@CURRENT_DATE@'},'02',19,'BRK3 ','O/T','N',{t '00:58:00'},{t '01:59:59'},1,0,0,'HCM 014AF  ','201643','Y',{ts '@CURRENT_DATE@ 08:00:06.548074'},{ts '@CURRENT_DATE@ 08:09:00.791331'},{ts '@TOMORROW_DATE@ 00:58:00'},{ts '@TOMORROW_DATE@ 01:59:59.999999'});
INSERT INTO "GALADM"."GAL226TBX" (LINE_NO,PROCESS_LOCATION,PLANT_CODE,DAY_OF_WEEK,PRODUCTION_DATE,SHIFT,PERIOD,PERIOD_LABEL,TYPE,PLAN,START_TIME,END_TIME,NEXT_DAY,CAPACITY,CAPACITY_ON,PLAN_CODE,WEEK_NO,ISWORK,CREATE_TIMESTAMP,UPDATE_TIMESTAMP,START_TIMESTAMP,END_TIMESTAMP) VALUES ('01','AF','HCM ','THU',{d '@CURRENT_DATE@'},'02',20,'POST1','O/T','N',{t '02:00:00'},{t '03:19:59'},1,0,0,'HCM 014AF  ','201643','Y',{ts '@CURRENT_DATE@ 08:00:06.554087'},{ts '@CURRENT_DATE@ 08:09:00.799366'},{ts '@TOMORROW_DATE@ 02:00:00'},{ts '@TOMORROW_DATE@ 03:19:59.999999'});

INSERT INTO "GALADM"."GAL214TBX" (PROCESS_POINT_NAME,PROCESS_POINT_ID,PROCESS_POINT_DESCRIPTION,PROCESS_POINT_TYPE,SITE_NAME,PLANT_NAME,DIVISION_ID,DIVISION_NAME,DIVISION_NAME1,DIVISION_NAME2,LINE_ID,LINE_NAME,BACK_FILL_PROCESS_POINT_ID,SEQUENCE_NUMBER,TRACKING_POINT_FLAG,RECOVERY_POINT_FLAG,PASSING_COUNT_FLAG) VALUES ('AF On (Phase 1)                 ','1AF1D1001       ','Headless AF On (VIN, Seq Number, Tracking)                                                                                      ',0,'HCM             ','FRAME1          ','AF1             ','AF1                             ','                                ','                                ','WT01            ','Wiring & Tubing 1               ','                ',0,1,0,1);

INSERT INTO "GALADM"."GAL212TBX" (PRODUCTION_LOT,LOT_SIZE,START_PRODUCT_ID,SEND_STATUS,STAMPED_COUNT,HOLD_STATUS,SENT_TIMESTAMP,NEXT_PRODUCTION_LOT,LOT_NUMBER,PLANT_CODE,PROCESS_LOCATION,LINE_NO,PRODUCT_SPEC_CODE,CREATE_TIMESTAMP,UPDATE_TIMESTAMP,BUILD_SEQ_NOT_FIXED_FLAG,BUILD_SEQUENCE_NUMBER,PLAN_CODE,KD_LOT_NUMBER,SEQUENCE,REMAKE_FLAG,STAMPING_FLAG,CARRY_IN_OUT_FLAG,CARRY_IN_OUT_UNITS,MBPN,HES_COLOR,DEMAND_TYPE) VALUES ('HCM 01AF201811020220',30,'2HGFC3A5*KH750421',2,30,1,null,'HCM 01AF201811020230','201811020220','HCM ','AF','01','KTBJAC200 R513      Z         ',{ts '2018-10-29 10:32:05.465694'},{ts '2018-11-01 10:01:34.433730'},'N',null,'HCM 014AF  ','HCM 01201811005301',21080.0,'N','Y','E',0,null,null,'MP');
INSERT INTO "GALADM"."GAL212TBX" (PRODUCTION_LOT,LOT_SIZE,START_PRODUCT_ID,SEND_STATUS,STAMPED_COUNT,HOLD_STATUS,SENT_TIMESTAMP,NEXT_PRODUCTION_LOT,LOT_NUMBER,PLANT_CODE,PROCESS_LOCATION,LINE_NO,PRODUCT_SPEC_CODE,CREATE_TIMESTAMP,UPDATE_TIMESTAMP,BUILD_SEQ_NOT_FIXED_FLAG,BUILD_SEQUENCE_NUMBER,PLAN_CODE,KD_LOT_NUMBER,SEQUENCE,REMAKE_FLAG,STAMPING_FLAG,CARRY_IN_OUT_FLAG,CARRY_IN_OUT_UNITS,MBPN,HES_COLOR,DEMAND_TYPE) VALUES ('HCM 01AF201811020230',4,'2HGFC4A8*KH300855',2,4,1,null,'HCM 01AF201811020240','201811020230','HCM ','AF','01','KTBGAD100 R513      V         ',{ts '2018-10-29 10:32:05.557611'},{ts '2018-11-01 10:01:34.434128'},'N',null,'HCM 014AF  ','HCM 01201811005401',21081.0,'N','Y','E',0,null,null,'MP');
INSERT INTO "GALADM"."GAL212TBX" (PRODUCTION_LOT,LOT_SIZE,START_PRODUCT_ID,SEND_STATUS,STAMPED_COUNT,HOLD_STATUS,SENT_TIMESTAMP,NEXT_PRODUCTION_LOT,LOT_NUMBER,PLANT_CODE,PROCESS_LOCATION,LINE_NO,PRODUCT_SPEC_CODE,CREATE_TIMESTAMP,UPDATE_TIMESTAMP,BUILD_SEQ_NOT_FIXED_FLAG,BUILD_SEQUENCE_NUMBER,PLAN_CODE,KD_LOT_NUMBER,SEQUENCE,REMAKE_FLAG,STAMPING_FLAG,CARRY_IN_OUT_FLAG,CARRY_IN_OUT_UNITS,MBPN,HES_COLOR,DEMAND_TYPE) VALUES ('HCM 01AF201811020240',12,'2HGFC4A8*KH300859',1,0,1,null,'HCM 01AF201811020250','201811020240','HCM ','AF','01','KTBGAD100 B593M     V         ',{ts '2018-10-29 10:32:05.673934'},{ts '2018-11-01 10:01:34.434591'},'N',null,'HCM 014AF  ','HCM 01201811005402',21082.0,'N','Y','E',0,null,null,'MP');
INSERT INTO "GALADM"."GAL212TBX" (PRODUCTION_LOT,LOT_SIZE,START_PRODUCT_ID,SEND_STATUS,STAMPED_COUNT,HOLD_STATUS,SENT_TIMESTAMP,NEXT_PRODUCTION_LOT,LOT_NUMBER,PLANT_CODE,PROCESS_LOCATION,LINE_NO,PRODUCT_SPEC_CODE,CREATE_TIMESTAMP,UPDATE_TIMESTAMP,BUILD_SEQ_NOT_FIXED_FLAG,BUILD_SEQUENCE_NUMBER,PLAN_CODE,KD_LOT_NUMBER,SEQUENCE,REMAKE_FLAG,STAMPING_FLAG,CARRY_IN_OUT_FLAG,CARRY_IN_OUT_UNITS,MBPN,HES_COLOR,DEMAND_TYPE) VALUES ('HCM 01AF201811020250',12,'2HGFC4A8*KH300871',0,0,1,null,'HCM 01AF201811020260','201811020250','HCM ','AF','01','KTBGAD100 NH731P    V         ',{ts '2018-10-29 10:32:05.726612'},{ts '2018-11-01 10:01:34.435035'},'N',null,'HCM 014AF  ','HCM 01201811005403',21083.0,'N','Y','E',0,null,null,'MP');
INSERT INTO "GALADM"."GAL212TBX" (PRODUCTION_LOT,LOT_SIZE,START_PRODUCT_ID,SEND_STATUS,STAMPED_COUNT,HOLD_STATUS,SENT_TIMESTAMP,NEXT_PRODUCTION_LOT,LOT_NUMBER,PLANT_CODE,PROCESS_LOCATION,LINE_NO,PRODUCT_SPEC_CODE,CREATE_TIMESTAMP,UPDATE_TIMESTAMP,BUILD_SEQ_NOT_FIXED_FLAG,BUILD_SEQUENCE_NUMBER,PLAN_CODE,KD_LOT_NUMBER,SEQUENCE,REMAKE_FLAG,STAMPING_FLAG,CARRY_IN_OUT_FLAG,CARRY_IN_OUT_UNITS,MBPN,HES_COLOR,DEMAND_TYPE) VALUES ('HCM 01AF201811020260',2,'2HGFC4A8*KH300883',0,0,1,null,'HCM 01AF201811020270','201811020260','HCM ','AF','01','KTBGAD100 NH797M    V         ',{ts '2018-10-29 10:32:05.740340'},{ts '2018-11-01 10:01:34.435502'},'N',null,'HCM 014AF  ','HCM 01201811005404',21084.0,'N','Y','E',0,null,null,'MP');
INSERT INTO "GALADM"."GAL212TBX" (PRODUCTION_LOT,LOT_SIZE,START_PRODUCT_ID,SEND_STATUS,STAMPED_COUNT,HOLD_STATUS,SENT_TIMESTAMP,NEXT_PRODUCTION_LOT,LOT_NUMBER,PLANT_CODE,PROCESS_LOCATION,LINE_NO,PRODUCT_SPEC_CODE,CREATE_TIMESTAMP,UPDATE_TIMESTAMP,BUILD_SEQ_NOT_FIXED_FLAG,BUILD_SEQUENCE_NUMBER,PLAN_CODE,KD_LOT_NUMBER,SEQUENCE,REMAKE_FLAG,STAMPING_FLAG,CARRY_IN_OUT_FLAG,CARRY_IN_OUT_UNITS,MBPN,HES_COLOR,DEMAND_TYPE) VALUES ('HCM 01AF201811020270',30,'2HGFC2F8*KH507581',0,0,1,null,null,'201811020270','HCM ','AF','01','KTBDLG600 NH883P    V         ',{ts '2018-10-29 10:32:05.940122'},{ts '2018-11-01 10:01:34.436094'},'N',null,'HCM 014AF  ','HCM 01201811005901',21085.0,'N','Y','E',0,null,null,'MP');

INSERT INTO "GALADM"."GAL143TBX" (PRODUCT_ID,ENGINE_SERIAL_NO,MISSION_SERIAL_NO,STRAIGHT_SHIP_PERCENTAGE,KEY_NO,SHORT_VIN,PRODUCTION_LOT,KD_LOT_NUMBER,PRODUCT_SPEC_CODE,PLAN_OFF_DATE,TRACKING_STATUS,PRODUCT_START_DATE,ACTUAL_OFF_DATE,AUTO_HOLD_STATUS,PRODUCTION_DATE,LAST_PASSING_PROCESS_POINT_ID,ENGINE_STATUS,AF_ON_SEQUENCE_NUMBER,ACTUAL_MISSION_TYPE) VALUES ('2HGFC3A50KH750429',null,null,null,null,'FCKH750429 ','HCM 01AF201811020220','HCM 01201811005301','KTBJAC200 R513      Z ',{d '2018-11-02'},'PA              ',null,null,0,{d '2018-11-02'},'1PA1D6001       ',null,null,null);
INSERT INTO "GALADM"."GAL143TBX" (PRODUCT_ID,ENGINE_SERIAL_NO,MISSION_SERIAL_NO,STRAIGHT_SHIP_PERCENTAGE,KEY_NO,SHORT_VIN,PRODUCTION_LOT,KD_LOT_NUMBER,PRODUCT_SPEC_CODE,PLAN_OFF_DATE,TRACKING_STATUS,PRODUCT_START_DATE,ACTUAL_OFF_DATE,AUTO_HOLD_STATUS,PRODUCTION_DATE,LAST_PASSING_PROCESS_POINT_ID,ENGINE_STATUS,AF_ON_SEQUENCE_NUMBER,ACTUAL_MISSION_TYPE) VALUES ('2HGFC3A50KH750432',null,null,null,null,'FCKH750432 ','HCM 01AF201811020220','HCM 01201811005301','KTBJAC200 R513      Z ',{d '2018-11-02'},'PA              ',null,null,0,{d '2018-11-02'},'1PA1D6001       ',null,null,null);
INSERT INTO "GALADM"."GAL143TBX" (PRODUCT_ID,ENGINE_SERIAL_NO,MISSION_SERIAL_NO,STRAIGHT_SHIP_PERCENTAGE,KEY_NO,SHORT_VIN,PRODUCTION_LOT,KD_LOT_NUMBER,PRODUCT_SPEC_CODE,PLAN_OFF_DATE,TRACKING_STATUS,PRODUCT_START_DATE,ACTUAL_OFF_DATE,AUTO_HOLD_STATUS,PRODUCTION_DATE,LAST_PASSING_PROCESS_POINT_ID,ENGINE_STATUS,AF_ON_SEQUENCE_NUMBER,ACTUAL_MISSION_TYPE) VALUES ('2HGFC3A50KH750446',null,null,null,null,'FCKH750446 ','HCM 01AF201811020220','HCM 01201811005301','KTBJAC200 R513      Z ',{d '2018-11-02'},'PA              ',null,null,0,{d '2018-11-02'},'1PA1D6001       ',null,null,null);
INSERT INTO "GALADM"."GAL143TBX" (PRODUCT_ID,ENGINE_SERIAL_NO,MISSION_SERIAL_NO,STRAIGHT_SHIP_PERCENTAGE,KEY_NO,SHORT_VIN,PRODUCTION_LOT,KD_LOT_NUMBER,PRODUCT_SPEC_CODE,PLAN_OFF_DATE,TRACKING_STATUS,PRODUCT_START_DATE,ACTUAL_OFF_DATE,AUTO_HOLD_STATUS,PRODUCTION_DATE,LAST_PASSING_PROCESS_POINT_ID,ENGINE_STATUS,AF_ON_SEQUENCE_NUMBER,ACTUAL_MISSION_TYPE) VALUES ('2HGFC3A51KH750424',null,null,null,null,'FCKH750424 ','HCM 01AF201811020220','HCM 01201811005301','KTBJAC200 R513      Z ',{d '2018-11-02'},'PA              ',null,null,0,{d '2018-11-02'},'1PA1D6001       ',null,null,null);
INSERT INTO "GALADM"."GAL143TBX" (PRODUCT_ID,ENGINE_SERIAL_NO,MISSION_SERIAL_NO,STRAIGHT_SHIP_PERCENTAGE,KEY_NO,SHORT_VIN,PRODUCTION_LOT,KD_LOT_NUMBER,PRODUCT_SPEC_CODE,PLAN_OFF_DATE,TRACKING_STATUS,PRODUCT_START_DATE,ACTUAL_OFF_DATE,AUTO_HOLD_STATUS,PRODUCTION_DATE,LAST_PASSING_PROCESS_POINT_ID,ENGINE_STATUS,AF_ON_SEQUENCE_NUMBER,ACTUAL_MISSION_TYPE) VALUES ('2HGFC3A51KH750438',null,null,null,null,'FCKH750438 ','HCM 01AF201811020220','HCM 01201811005301','KTBJAC200 R513      Z ',{d '2018-11-02'},'PA              ',null,null,0,{d '2018-11-02'},'1PA1D6001       ',null,null,null);
INSERT INTO "GALADM"."GAL143TBX" (PRODUCT_ID,ENGINE_SERIAL_NO,MISSION_SERIAL_NO,STRAIGHT_SHIP_PERCENTAGE,KEY_NO,SHORT_VIN,PRODUCTION_LOT,KD_LOT_NUMBER,PRODUCT_SPEC_CODE,PLAN_OFF_DATE,TRACKING_STATUS,PRODUCT_START_DATE,ACTUAL_OFF_DATE,AUTO_HOLD_STATUS,PRODUCTION_DATE,LAST_PASSING_PROCESS_POINT_ID,ENGINE_STATUS,AF_ON_SEQUENCE_NUMBER,ACTUAL_MISSION_TYPE) VALUES ('2HGFC3A51KH750441',null,null,null,null,'FCKH750441 ','HCM 01AF201811020220','HCM 01201811005301','KTBJAC200 R513      Z ',{d '2018-11-02'},'PA              ',null,null,0,{d '2018-11-02'},'1PA1D6001       ',null,null,null);
INSERT INTO "GALADM"."GAL143TBX" (PRODUCT_ID,ENGINE_SERIAL_NO,MISSION_SERIAL_NO,STRAIGHT_SHIP_PERCENTAGE,KEY_NO,SHORT_VIN,PRODUCTION_LOT,KD_LOT_NUMBER,PRODUCT_SPEC_CODE,PLAN_OFF_DATE,TRACKING_STATUS,PRODUCT_START_DATE,ACTUAL_OFF_DATE,AUTO_HOLD_STATUS,PRODUCTION_DATE,LAST_PASSING_PROCESS_POINT_ID,ENGINE_STATUS,AF_ON_SEQUENCE_NUMBER,ACTUAL_MISSION_TYPE) VALUES ('2HGFC3A52KH750433',null,null,null,null,'FCKH750433 ','HCM 01AF201811020220','HCM 01201811005301','KTBJAC200 R513      Z ',{d '2018-11-02'},'PA              ',null,null,0,{d '2018-11-02'},'1PA1D6001       ',null,null,null);
INSERT INTO "GALADM"."GAL143TBX" (PRODUCT_ID,ENGINE_SERIAL_NO,MISSION_SERIAL_NO,STRAIGHT_SHIP_PERCENTAGE,KEY_NO,SHORT_VIN,PRODUCTION_LOT,KD_LOT_NUMBER,PRODUCT_SPEC_CODE,PLAN_OFF_DATE,TRACKING_STATUS,PRODUCT_START_DATE,ACTUAL_OFF_DATE,AUTO_HOLD_STATUS,PRODUCTION_DATE,LAST_PASSING_PROCESS_POINT_ID,ENGINE_STATUS,AF_ON_SEQUENCE_NUMBER,ACTUAL_MISSION_TYPE) VALUES ('2HGFC3A52KH750447',null,null,null,null,'FCKH750447 ','HCM 01AF201811020220','HCM 01201811005301','KTBJAC200 R513      Z ',{d '2018-11-02'},'PA              ',null,null,0,{d '2018-11-02'},'1PA1D6001       ',null,null,null);
INSERT INTO "GALADM"."GAL143TBX" (PRODUCT_ID,ENGINE_SERIAL_NO,MISSION_SERIAL_NO,STRAIGHT_SHIP_PERCENTAGE,KEY_NO,SHORT_VIN,PRODUCTION_LOT,KD_LOT_NUMBER,PRODUCT_SPEC_CODE,PLAN_OFF_DATE,TRACKING_STATUS,PRODUCT_START_DATE,ACTUAL_OFF_DATE,AUTO_HOLD_STATUS,PRODUCTION_DATE,LAST_PASSING_PROCESS_POINT_ID,ENGINE_STATUS,AF_ON_SEQUENCE_NUMBER,ACTUAL_MISSION_TYPE) VALUES ('2HGFC3A52KH750450',null,null,null,null,'FCKH750450 ','HCM 01AF201811020220','HCM 01201811005301','KTBJAC200 R513      Z ',{d '2018-11-02'},'PA              ',null,null,0,{d '2018-11-02'},'1PA1D6001       ',null,null,null);
INSERT INTO "GALADM"."GAL143TBX" (PRODUCT_ID,ENGINE_SERIAL_NO,MISSION_SERIAL_NO,STRAIGHT_SHIP_PERCENTAGE,KEY_NO,SHORT_VIN,PRODUCTION_LOT,KD_LOT_NUMBER,PRODUCT_SPEC_CODE,PLAN_OFF_DATE,TRACKING_STATUS,PRODUCT_START_DATE,ACTUAL_OFF_DATE,AUTO_HOLD_STATUS,PRODUCTION_DATE,LAST_PASSING_PROCESS_POINT_ID,ENGINE_STATUS,AF_ON_SEQUENCE_NUMBER,ACTUAL_MISSION_TYPE) VALUES ('2HGFC3A53KH750425',null,null,null,null,'FCKH750425 ','HCM 01AF201811020220','HCM 01201811005301','KTBJAC200 R513      Z ',{d '2018-11-02'},'PA              ',null,null,0,{d '2018-11-02'},'1PA1D6001       ',null,null,null);
INSERT INTO "GALADM"."GAL143TBX" (PRODUCT_ID,ENGINE_SERIAL_NO,MISSION_SERIAL_NO,STRAIGHT_SHIP_PERCENTAGE,KEY_NO,SHORT_VIN,PRODUCTION_LOT,KD_LOT_NUMBER,PRODUCT_SPEC_CODE,PLAN_OFF_DATE,TRACKING_STATUS,PRODUCT_START_DATE,ACTUAL_OFF_DATE,AUTO_HOLD_STATUS,PRODUCTION_DATE,LAST_PASSING_PROCESS_POINT_ID,ENGINE_STATUS,AF_ON_SEQUENCE_NUMBER,ACTUAL_MISSION_TYPE) VALUES ('2HGFC3A53KH750439',null,null,null,null,'FCKH750439 ','HCM 01AF201811020220','HCM 01201811005301','KTBJAC200 R513      Z ',{d '2018-11-02'},'PA              ',null,null,0,{d '2018-11-02'},'1PA1D6001       ',null,null,null);
INSERT INTO "GALADM"."GAL143TBX" (PRODUCT_ID,ENGINE_SERIAL_NO,MISSION_SERIAL_NO,STRAIGHT_SHIP_PERCENTAGE,KEY_NO,SHORT_VIN,PRODUCTION_LOT,KD_LOT_NUMBER,PRODUCT_SPEC_CODE,PLAN_OFF_DATE,TRACKING_STATUS,PRODUCT_START_DATE,ACTUAL_OFF_DATE,AUTO_HOLD_STATUS,PRODUCTION_DATE,LAST_PASSING_PROCESS_POINT_ID,ENGINE_STATUS,AF_ON_SEQUENCE_NUMBER,ACTUAL_MISSION_TYPE) VALUES ('2HGFC3A53KH750442',null,null,null,null,'FCKH750442 ','HCM 01AF201811020220','HCM 01201811005301','KTBJAC200 R513      Z ',{d '2018-11-02'},'PA              ',null,null,0,{d '2018-11-02'},'1PA1D6001       ',null,null,null);
INSERT INTO "GALADM"."GAL143TBX" (PRODUCT_ID,ENGINE_SERIAL_NO,MISSION_SERIAL_NO,STRAIGHT_SHIP_PERCENTAGE,KEY_NO,SHORT_VIN,PRODUCTION_LOT,KD_LOT_NUMBER,PRODUCT_SPEC_CODE,PLAN_OFF_DATE,TRACKING_STATUS,PRODUCT_START_DATE,ACTUAL_OFF_DATE,AUTO_HOLD_STATUS,PRODUCTION_DATE,LAST_PASSING_PROCESS_POINT_ID,ENGINE_STATUS,AF_ON_SEQUENCE_NUMBER,ACTUAL_MISSION_TYPE) VALUES ('2HGFC3A54KH750434',null,null,null,null,'FCKH750434 ','HCM 01AF201811020220','HCM 01201811005301','KTBJAC200 R513      Z ',{d '2018-11-02'},'PA              ',null,null,0,{d '2018-11-02'},'1PA1D6001       ',null,null,null);
INSERT INTO "GALADM"."GAL143TBX" (PRODUCT_ID,ENGINE_SERIAL_NO,MISSION_SERIAL_NO,STRAIGHT_SHIP_PERCENTAGE,KEY_NO,SHORT_VIN,PRODUCTION_LOT,KD_LOT_NUMBER,PRODUCT_SPEC_CODE,PLAN_OFF_DATE,TRACKING_STATUS,PRODUCT_START_DATE,ACTUAL_OFF_DATE,AUTO_HOLD_STATUS,PRODUCTION_DATE,LAST_PASSING_PROCESS_POINT_ID,ENGINE_STATUS,AF_ON_SEQUENCE_NUMBER,ACTUAL_MISSION_TYPE) VALUES ('2HGFC3A54KH750448',null,null,null,null,'FCKH750448 ','HCM 01AF201811020220','HCM 01201811005301','KTBJAC200 R513      Z ',{d '2018-11-02'},'PA              ',null,null,0,{d '2018-11-02'},'1PA1D6001       ',null,null,null);
INSERT INTO "GALADM"."GAL143TBX" (PRODUCT_ID,ENGINE_SERIAL_NO,MISSION_SERIAL_NO,STRAIGHT_SHIP_PERCENTAGE,KEY_NO,SHORT_VIN,PRODUCTION_LOT,KD_LOT_NUMBER,PRODUCT_SPEC_CODE,PLAN_OFF_DATE,TRACKING_STATUS,PRODUCT_START_DATE,ACTUAL_OFF_DATE,AUTO_HOLD_STATUS,PRODUCTION_DATE,LAST_PASSING_PROCESS_POINT_ID,ENGINE_STATUS,AF_ON_SEQUENCE_NUMBER,ACTUAL_MISSION_TYPE) VALUES ('2HGFC3A55KH750426',null,null,null,null,'FCKH750426 ','HCM 01AF201811020220','HCM 01201811005301','KTBJAC200 R513      Z ',{d '2018-11-02'},'PA              ',null,null,0,{d '2018-11-02'},'1PA1D6001       ',null,null,null);
INSERT INTO "GALADM"."GAL143TBX" (PRODUCT_ID,ENGINE_SERIAL_NO,MISSION_SERIAL_NO,STRAIGHT_SHIP_PERCENTAGE,KEY_NO,SHORT_VIN,PRODUCTION_LOT,KD_LOT_NUMBER,PRODUCT_SPEC_CODE,PLAN_OFF_DATE,TRACKING_STATUS,PRODUCT_START_DATE,ACTUAL_OFF_DATE,AUTO_HOLD_STATUS,PRODUCTION_DATE,LAST_PASSING_PROCESS_POINT_ID,ENGINE_STATUS,AF_ON_SEQUENCE_NUMBER,ACTUAL_MISSION_TYPE) VALUES ('2HGFC3A55KH750443',null,null,null,null,'FCKH750443 ','HCM 01AF201811020220','HCM 01201811005301','KTBJAC200 R513      Z ',{d '2018-11-02'},'PA              ',null,null,0,{d '2018-11-02'},'1PA1D6001       ',null,null,null);
INSERT INTO "GALADM"."GAL143TBX" (PRODUCT_ID,ENGINE_SERIAL_NO,MISSION_SERIAL_NO,STRAIGHT_SHIP_PERCENTAGE,KEY_NO,SHORT_VIN,PRODUCTION_LOT,KD_LOT_NUMBER,PRODUCT_SPEC_CODE,PLAN_OFF_DATE,TRACKING_STATUS,PRODUCT_START_DATE,ACTUAL_OFF_DATE,AUTO_HOLD_STATUS,PRODUCTION_DATE,LAST_PASSING_PROCESS_POINT_ID,ENGINE_STATUS,AF_ON_SEQUENCE_NUMBER,ACTUAL_MISSION_TYPE) VALUES ('2HGFC3A56KH750421',null,null,null,null,'FCKH750421 ','HCM 01AF201811020220','HCM 01201811005301','KTBJAC200 R513      Z ',{d '2018-11-02'},'PA              ',null,null,0,{d '2018-11-02'},'1PA1D6001       ',null,null,null);
INSERT INTO "GALADM"."GAL143TBX" (PRODUCT_ID,ENGINE_SERIAL_NO,MISSION_SERIAL_NO,STRAIGHT_SHIP_PERCENTAGE,KEY_NO,SHORT_VIN,PRODUCTION_LOT,KD_LOT_NUMBER,PRODUCT_SPEC_CODE,PLAN_OFF_DATE,TRACKING_STATUS,PRODUCT_START_DATE,ACTUAL_OFF_DATE,AUTO_HOLD_STATUS,PRODUCTION_DATE,LAST_PASSING_PROCESS_POINT_ID,ENGINE_STATUS,AF_ON_SEQUENCE_NUMBER,ACTUAL_MISSION_TYPE) VALUES ('2HGFC3A56KH750435',null,null,null,null,'FCKH750435 ','HCM 01AF201811020220','HCM 01201811005301','KTBJAC200 R513      Z ',{d '2018-11-02'},'PA              ',null,null,0,{d '2018-11-02'},'1PA1D6001       ',null,null,null);
INSERT INTO "GALADM"."GAL143TBX" (PRODUCT_ID,ENGINE_SERIAL_NO,MISSION_SERIAL_NO,STRAIGHT_SHIP_PERCENTAGE,KEY_NO,SHORT_VIN,PRODUCTION_LOT,KD_LOT_NUMBER,PRODUCT_SPEC_CODE,PLAN_OFF_DATE,TRACKING_STATUS,PRODUCT_START_DATE,ACTUAL_OFF_DATE,AUTO_HOLD_STATUS,PRODUCTION_DATE,LAST_PASSING_PROCESS_POINT_ID,ENGINE_STATUS,AF_ON_SEQUENCE_NUMBER,ACTUAL_MISSION_TYPE) VALUES ('2HGFC3A56KH750449',null,null,null,null,'FCKH750449 ','HCM 01AF201811020220','HCM 01201811005301','KTBJAC200 R513      Z ',{d '2018-11-02'},null,null,null,0,{d '2018-11-02'},null,null,null,null);
INSERT INTO "GALADM"."GAL143TBX" (PRODUCT_ID,ENGINE_SERIAL_NO,MISSION_SERIAL_NO,STRAIGHT_SHIP_PERCENTAGE,KEY_NO,SHORT_VIN,PRODUCTION_LOT,KD_LOT_NUMBER,PRODUCT_SPEC_CODE,PLAN_OFF_DATE,TRACKING_STATUS,PRODUCT_START_DATE,ACTUAL_OFF_DATE,AUTO_HOLD_STATUS,PRODUCTION_DATE,LAST_PASSING_PROCESS_POINT_ID,ENGINE_STATUS,AF_ON_SEQUENCE_NUMBER,ACTUAL_MISSION_TYPE) VALUES ('2HGFC3A57KH750427',null,null,null,null,'FCKH750427 ','HCM 01AF201811020220','HCM 01201811005301','KTBJAC200 R513      Z ',{d '2018-11-02'},'PA              ',null,null,0,{d '2018-11-02'},'1PA1D6001       ',null,null,null);
INSERT INTO "GALADM"."GAL143TBX" (PRODUCT_ID,ENGINE_SERIAL_NO,MISSION_SERIAL_NO,STRAIGHT_SHIP_PERCENTAGE,KEY_NO,SHORT_VIN,PRODUCTION_LOT,KD_LOT_NUMBER,PRODUCT_SPEC_CODE,PLAN_OFF_DATE,TRACKING_STATUS,PRODUCT_START_DATE,ACTUAL_OFF_DATE,AUTO_HOLD_STATUS,PRODUCTION_DATE,LAST_PASSING_PROCESS_POINT_ID,ENGINE_STATUS,AF_ON_SEQUENCE_NUMBER,ACTUAL_MISSION_TYPE) VALUES ('2HGFC3A57KH750430',null,null,null,null,'FCKH750430 ','HCM 01AF201811020220','HCM 01201811005301','KTBJAC200 R513      Z ',{d '2018-11-02'},'PA              ',null,null,0,{d '2018-11-02'},'1PA1D6001       ',null,null,null);
INSERT INTO "GALADM"."GAL143TBX" (PRODUCT_ID,ENGINE_SERIAL_NO,MISSION_SERIAL_NO,STRAIGHT_SHIP_PERCENTAGE,KEY_NO,SHORT_VIN,PRODUCTION_LOT,KD_LOT_NUMBER,PRODUCT_SPEC_CODE,PLAN_OFF_DATE,TRACKING_STATUS,PRODUCT_START_DATE,ACTUAL_OFF_DATE,AUTO_HOLD_STATUS,PRODUCTION_DATE,LAST_PASSING_PROCESS_POINT_ID,ENGINE_STATUS,AF_ON_SEQUENCE_NUMBER,ACTUAL_MISSION_TYPE) VALUES ('2HGFC3A57KH750444',null,null,null,null,'FCKH750444 ','HCM 01AF201811020220','HCM 01201811005301','KTBJAC200 R513      Z ',{d '2018-11-02'},'PA              ',null,null,0,{d '2018-11-02'},'1PA1D6001       ',null,null,null);
INSERT INTO "GALADM"."GAL143TBX" (PRODUCT_ID,ENGINE_SERIAL_NO,MISSION_SERIAL_NO,STRAIGHT_SHIP_PERCENTAGE,KEY_NO,SHORT_VIN,PRODUCTION_LOT,KD_LOT_NUMBER,PRODUCT_SPEC_CODE,PLAN_OFF_DATE,TRACKING_STATUS,PRODUCT_START_DATE,ACTUAL_OFF_DATE,AUTO_HOLD_STATUS,PRODUCTION_DATE,LAST_PASSING_PROCESS_POINT_ID,ENGINE_STATUS,AF_ON_SEQUENCE_NUMBER,ACTUAL_MISSION_TYPE) VALUES ('2HGFC3A58KH750422',null,null,null,null,'FCKH750422 ','HCM 01AF201811020220','HCM 01201811005301','KTBJAC200 R513      Z ',{d '2018-11-02'},'PA              ',null,null,0,{d '2018-11-02'},'1PA1D6001       ',null,null,null);
INSERT INTO "GALADM"."GAL143TBX" (PRODUCT_ID,ENGINE_SERIAL_NO,MISSION_SERIAL_NO,STRAIGHT_SHIP_PERCENTAGE,KEY_NO,SHORT_VIN,PRODUCTION_LOT,KD_LOT_NUMBER,PRODUCT_SPEC_CODE,PLAN_OFF_DATE,TRACKING_STATUS,PRODUCT_START_DATE,ACTUAL_OFF_DATE,AUTO_HOLD_STATUS,PRODUCTION_DATE,LAST_PASSING_PROCESS_POINT_ID,ENGINE_STATUS,AF_ON_SEQUENCE_NUMBER,ACTUAL_MISSION_TYPE) VALUES ('2HGFC3A58KH750436',null,null,null,null,'FCKH750436 ','HCM 01AF201811020220','HCM 01201811005301','KTBJAC200 R513      Z ',{d '2018-11-02'},'PA              ',null,null,0,{d '2018-11-02'},'1PA1D6001       ',null,null,null);
INSERT INTO "GALADM"."GAL143TBX" (PRODUCT_ID,ENGINE_SERIAL_NO,MISSION_SERIAL_NO,STRAIGHT_SHIP_PERCENTAGE,KEY_NO,SHORT_VIN,PRODUCTION_LOT,KD_LOT_NUMBER,PRODUCT_SPEC_CODE,PLAN_OFF_DATE,TRACKING_STATUS,PRODUCT_START_DATE,ACTUAL_OFF_DATE,AUTO_HOLD_STATUS,PRODUCTION_DATE,LAST_PASSING_PROCESS_POINT_ID,ENGINE_STATUS,AF_ON_SEQUENCE_NUMBER,ACTUAL_MISSION_TYPE) VALUES ('2HGFC3A59KH750428',null,null,null,null,'FCKH750428 ','HCM 01AF201811020220','HCM 01201811005301','KTBJAC200 R513      Z ',{d '2018-11-02'},'PA              ',null,null,0,{d '2018-11-02'},'1PA1D6001       ',null,null,null);
INSERT INTO "GALADM"."GAL143TBX" (PRODUCT_ID,ENGINE_SERIAL_NO,MISSION_SERIAL_NO,STRAIGHT_SHIP_PERCENTAGE,KEY_NO,SHORT_VIN,PRODUCTION_LOT,KD_LOT_NUMBER,PRODUCT_SPEC_CODE,PLAN_OFF_DATE,TRACKING_STATUS,PRODUCT_START_DATE,ACTUAL_OFF_DATE,AUTO_HOLD_STATUS,PRODUCTION_DATE,LAST_PASSING_PROCESS_POINT_ID,ENGINE_STATUS,AF_ON_SEQUENCE_NUMBER,ACTUAL_MISSION_TYPE) VALUES ('2HGFC3A59KH750431',null,null,null,null,'FCKH750431 ','HCM 01AF201811020220','HCM 01201811005301','KTBJAC200 R513      Z ',{d '2018-11-02'},'PA              ',null,null,0,{d '2018-11-02'},'1PA1D6001       ',null,null,null);
INSERT INTO "GALADM"."GAL143TBX" (PRODUCT_ID,ENGINE_SERIAL_NO,MISSION_SERIAL_NO,STRAIGHT_SHIP_PERCENTAGE,KEY_NO,SHORT_VIN,PRODUCTION_LOT,KD_LOT_NUMBER,PRODUCT_SPEC_CODE,PLAN_OFF_DATE,TRACKING_STATUS,PRODUCT_START_DATE,ACTUAL_OFF_DATE,AUTO_HOLD_STATUS,PRODUCTION_DATE,LAST_PASSING_PROCESS_POINT_ID,ENGINE_STATUS,AF_ON_SEQUENCE_NUMBER,ACTUAL_MISSION_TYPE) VALUES ('2HGFC3A59KH750445',null,null,null,null,'FCKH750445 ','HCM 01AF201811020220','HCM 01201811005301','KTBJAC200 R513      Z ',{d '2018-11-02'},'PA              ',null,null,0,{d '2018-11-02'},'1PA1D6001       ',null,null,null);
INSERT INTO "GALADM"."GAL143TBX" (PRODUCT_ID,ENGINE_SERIAL_NO,MISSION_SERIAL_NO,STRAIGHT_SHIP_PERCENTAGE,KEY_NO,SHORT_VIN,PRODUCTION_LOT,KD_LOT_NUMBER,PRODUCT_SPEC_CODE,PLAN_OFF_DATE,TRACKING_STATUS,PRODUCT_START_DATE,ACTUAL_OFF_DATE,AUTO_HOLD_STATUS,PRODUCTION_DATE,LAST_PASSING_PROCESS_POINT_ID,ENGINE_STATUS,AF_ON_SEQUENCE_NUMBER,ACTUAL_MISSION_TYPE) VALUES ('2HGFC3A5XKH750423',null,null,null,null,'FCKH750423 ','HCM 01AF201811020220','HCM 01201811005301','KTBJAC200 R513      Z ',{d '2018-11-02'},'PA              ',null,null,0,{d '2018-11-02'},'1PA1D6001       ',null,null,null);
INSERT INTO "GALADM"."GAL143TBX" (PRODUCT_ID,ENGINE_SERIAL_NO,MISSION_SERIAL_NO,STRAIGHT_SHIP_PERCENTAGE,KEY_NO,SHORT_VIN,PRODUCTION_LOT,KD_LOT_NUMBER,PRODUCT_SPEC_CODE,PLAN_OFF_DATE,TRACKING_STATUS,PRODUCT_START_DATE,ACTUAL_OFF_DATE,AUTO_HOLD_STATUS,PRODUCTION_DATE,LAST_PASSING_PROCESS_POINT_ID,ENGINE_STATUS,AF_ON_SEQUENCE_NUMBER,ACTUAL_MISSION_TYPE) VALUES ('2HGFC3A5XKH750437',null,null,null,null,'FCKH750437 ','HCM 01AF201811020220','HCM 01201811005301','KTBJAC200 R513      Z ',{d '2018-11-02'},null,null,null,0,{d '2018-11-02'},null,null,null,null);
INSERT INTO "GALADM"."GAL143TBX" (PRODUCT_ID,ENGINE_SERIAL_NO,MISSION_SERIAL_NO,STRAIGHT_SHIP_PERCENTAGE,KEY_NO,SHORT_VIN,PRODUCTION_LOT,KD_LOT_NUMBER,PRODUCT_SPEC_CODE,PLAN_OFF_DATE,TRACKING_STATUS,PRODUCT_START_DATE,ACTUAL_OFF_DATE,AUTO_HOLD_STATUS,PRODUCTION_DATE,LAST_PASSING_PROCESS_POINT_ID,ENGINE_STATUS,AF_ON_SEQUENCE_NUMBER,ACTUAL_MISSION_TYPE) VALUES ('2HGFC3A5XKH750440',null,null,null,null,'FCKH750440 ','HCM 01AF201811020220','HCM 01201811005301','KTBJAC200 R513      Z ',{d '2018-11-02'},'PA              ',null,null,0,{d '2018-11-02'},'1PA1D6001       ',null,null,null);
INSERT INTO "GALADM"."GAL143TBX" (PRODUCT_ID,ENGINE_SERIAL_NO,MISSION_SERIAL_NO,STRAIGHT_SHIP_PERCENTAGE,KEY_NO,SHORT_VIN,PRODUCTION_LOT,KD_LOT_NUMBER,PRODUCT_SPEC_CODE,PLAN_OFF_DATE,TRACKING_STATUS,PRODUCT_START_DATE,ACTUAL_OFF_DATE,AUTO_HOLD_STATUS,PRODUCTION_DATE,LAST_PASSING_PROCESS_POINT_ID,ENGINE_STATUS,AF_ON_SEQUENCE_NUMBER,ACTUAL_MISSION_TYPE) VALUES ('2HGFC4A83KH300855',null,null,null,null,'FCKH300855 ','HCM 01AF201811020230','HCM 01201811005401','KTBGAD100 R513      V ',{d '2018-11-02'},'PA              ',null,null,0,{d '2018-11-02'},'1PA1D6001       ',null,null,null);
INSERT INTO "GALADM"."GAL143TBX" (PRODUCT_ID,ENGINE_SERIAL_NO,MISSION_SERIAL_NO,STRAIGHT_SHIP_PERCENTAGE,KEY_NO,SHORT_VIN,PRODUCTION_LOT,KD_LOT_NUMBER,PRODUCT_SPEC_CODE,PLAN_OFF_DATE,TRACKING_STATUS,PRODUCT_START_DATE,ACTUAL_OFF_DATE,AUTO_HOLD_STATUS,PRODUCTION_DATE,LAST_PASSING_PROCESS_POINT_ID,ENGINE_STATUS,AF_ON_SEQUENCE_NUMBER,ACTUAL_MISSION_TYPE) VALUES ('2HGFC4A85KH300856',null,null,null,null,'FCKH300856 ','HCM 01AF201811020230','HCM 01201811005401','KTBGAD100 R513      V ',{d '2018-11-02'},null,null,null,0,{d '2018-11-02'},null,null,null,null);
INSERT INTO "GALADM"."GAL143TBX" (PRODUCT_ID,ENGINE_SERIAL_NO,MISSION_SERIAL_NO,STRAIGHT_SHIP_PERCENTAGE,KEY_NO,SHORT_VIN,PRODUCTION_LOT,KD_LOT_NUMBER,PRODUCT_SPEC_CODE,PLAN_OFF_DATE,TRACKING_STATUS,PRODUCT_START_DATE,ACTUAL_OFF_DATE,AUTO_HOLD_STATUS,PRODUCTION_DATE,LAST_PASSING_PROCESS_POINT_ID,ENGINE_STATUS,AF_ON_SEQUENCE_NUMBER,ACTUAL_MISSION_TYPE) VALUES ('2HGFC4A87KH300857',null,null,null,null,'FCKH300857 ','HCM 01AF201811020230','HCM 01201811005401','KTBGAD100 R513      V ',{d '2018-11-02'},'PA              ',null,null,0,{d '2018-11-02'},'1PA1D6001       ',null,null,null);
INSERT INTO "GALADM"."GAL143TBX" (PRODUCT_ID,ENGINE_SERIAL_NO,MISSION_SERIAL_NO,STRAIGHT_SHIP_PERCENTAGE,KEY_NO,SHORT_VIN,PRODUCTION_LOT,KD_LOT_NUMBER,PRODUCT_SPEC_CODE,PLAN_OFF_DATE,TRACKING_STATUS,PRODUCT_START_DATE,ACTUAL_OFF_DATE,AUTO_HOLD_STATUS,PRODUCTION_DATE,LAST_PASSING_PROCESS_POINT_ID,ENGINE_STATUS,AF_ON_SEQUENCE_NUMBER,ACTUAL_MISSION_TYPE) VALUES ('2HGFC4A89KH300858',null,null,null,null,'FCKH300858 ','HCM 01AF201811020230','HCM 01201811005401','KTBGAD100 R513      V ',{d '2018-11-02'},null,null,null,0,{d '2018-11-02'},null,null,null,null);
INSERT INTO "GALADM"."GAL143TBX" (PRODUCT_ID,ENGINE_SERIAL_NO,MISSION_SERIAL_NO,STRAIGHT_SHIP_PERCENTAGE,KEY_NO,SHORT_VIN,PRODUCTION_LOT,KD_LOT_NUMBER,PRODUCT_SPEC_CODE,PLAN_OFF_DATE,TRACKING_STATUS,PRODUCT_START_DATE,ACTUAL_OFF_DATE,AUTO_HOLD_STATUS,PRODUCTION_DATE,LAST_PASSING_PROCESS_POINT_ID,ENGINE_STATUS,AF_ON_SEQUENCE_NUMBER,ACTUAL_MISSION_TYPE) VALUES ('2HGFC4A80KH300859',null,null,null,null,'FCKH300859 ','HCM 01AF201811020240','HCM 01201811005402','KTBGAD100 B593M     V ',{d '2018-11-02'},'PA              ',null,null,0,{d '2018-11-02'},'1PA1D6001       ',null,null,null);
INSERT INTO "GALADM"."GAL143TBX" (PRODUCT_ID,ENGINE_SERIAL_NO,MISSION_SERIAL_NO,STRAIGHT_SHIP_PERCENTAGE,KEY_NO,SHORT_VIN,PRODUCTION_LOT,KD_LOT_NUMBER,PRODUCT_SPEC_CODE,PLAN_OFF_DATE,TRACKING_STATUS,PRODUCT_START_DATE,ACTUAL_OFF_DATE,AUTO_HOLD_STATUS,PRODUCTION_DATE,LAST_PASSING_PROCESS_POINT_ID,ENGINE_STATUS,AF_ON_SEQUENCE_NUMBER,ACTUAL_MISSION_TYPE) VALUES ('2HGFC4A80KH300862',null,null,null,null,'FCKH300862 ','HCM 01AF201811020240','HCM 01201811005402','KTBGAD100 B593M     V ',{d '2018-11-02'},'PA              ',null,null,0,{d '2018-11-02'},'1PA1D6001       ',null,null,null);
INSERT INTO "GALADM"."GAL143TBX" (PRODUCT_ID,ENGINE_SERIAL_NO,MISSION_SERIAL_NO,STRAIGHT_SHIP_PERCENTAGE,KEY_NO,SHORT_VIN,PRODUCTION_LOT,KD_LOT_NUMBER,PRODUCT_SPEC_CODE,PLAN_OFF_DATE,TRACKING_STATUS,PRODUCT_START_DATE,ACTUAL_OFF_DATE,AUTO_HOLD_STATUS,PRODUCTION_DATE,LAST_PASSING_PROCESS_POINT_ID,ENGINE_STATUS,AF_ON_SEQUENCE_NUMBER,ACTUAL_MISSION_TYPE) VALUES ('2HGFC4A81KH300868',null,null,null,null,'FCKH300868 ','HCM 01AF201811020240','HCM 01201811005402','KTBGAD100 B593M     V ',{d '2018-11-02'},null,null,null,0,{d '2018-11-02'},null,null,null,null);
INSERT INTO "GALADM"."GAL143TBX" (PRODUCT_ID,ENGINE_SERIAL_NO,MISSION_SERIAL_NO,STRAIGHT_SHIP_PERCENTAGE,KEY_NO,SHORT_VIN,PRODUCTION_LOT,KD_LOT_NUMBER,PRODUCT_SPEC_CODE,PLAN_OFF_DATE,TRACKING_STATUS,PRODUCT_START_DATE,ACTUAL_OFF_DATE,AUTO_HOLD_STATUS,PRODUCTION_DATE,LAST_PASSING_PROCESS_POINT_ID,ENGINE_STATUS,AF_ON_SEQUENCE_NUMBER,ACTUAL_MISSION_TYPE) VALUES ('2HGFC4A82KH300863',null,null,null,null,'FCKH300863 ','HCM 01AF201811020240','HCM 01201811005402','KTBGAD100 B593M     V ',{d '2018-11-02'},'PA              ',null,null,0,{d '2018-11-02'},'1PA1D6001       ',null,null,null);
INSERT INTO "GALADM"."GAL143TBX" (PRODUCT_ID,ENGINE_SERIAL_NO,MISSION_SERIAL_NO,STRAIGHT_SHIP_PERCENTAGE,KEY_NO,SHORT_VIN,PRODUCTION_LOT,KD_LOT_NUMBER,PRODUCT_SPEC_CODE,PLAN_OFF_DATE,TRACKING_STATUS,PRODUCT_START_DATE,ACTUAL_OFF_DATE,AUTO_HOLD_STATUS,PRODUCTION_DATE,LAST_PASSING_PROCESS_POINT_ID,ENGINE_STATUS,AF_ON_SEQUENCE_NUMBER,ACTUAL_MISSION_TYPE) VALUES ('2HGFC4A83KH300869',null,null,null,null,'FCKH300869 ','HCM 01AF201811020240','HCM 01201811005402','KTBGAD100 B593M     V ',{d '2018-11-02'},'PA              ',null,null,0,{d '2018-11-02'},'1PA1D6001       ',null,null,null);
INSERT INTO "GALADM"."GAL143TBX" (PRODUCT_ID,ENGINE_SERIAL_NO,MISSION_SERIAL_NO,STRAIGHT_SHIP_PERCENTAGE,KEY_NO,SHORT_VIN,PRODUCTION_LOT,KD_LOT_NUMBER,PRODUCT_SPEC_CODE,PLAN_OFF_DATE,TRACKING_STATUS,PRODUCT_START_DATE,ACTUAL_OFF_DATE,AUTO_HOLD_STATUS,PRODUCTION_DATE,LAST_PASSING_PROCESS_POINT_ID,ENGINE_STATUS,AF_ON_SEQUENCE_NUMBER,ACTUAL_MISSION_TYPE) VALUES ('2HGFC4A84KH300864',null,null,null,null,'FCKH300864 ','HCM 01AF201811020240','HCM 01201811005402','KTBGAD100 B593M     V ',{d '2018-11-02'},'PA              ',null,null,0,{d '2018-11-02'},'1PA1D6001       ',null,null,null);
INSERT INTO "GALADM"."GAL143TBX" (PRODUCT_ID,ENGINE_SERIAL_NO,MISSION_SERIAL_NO,STRAIGHT_SHIP_PERCENTAGE,KEY_NO,SHORT_VIN,PRODUCTION_LOT,KD_LOT_NUMBER,PRODUCT_SPEC_CODE,PLAN_OFF_DATE,TRACKING_STATUS,PRODUCT_START_DATE,ACTUAL_OFF_DATE,AUTO_HOLD_STATUS,PRODUCTION_DATE,LAST_PASSING_PROCESS_POINT_ID,ENGINE_STATUS,AF_ON_SEQUENCE_NUMBER,ACTUAL_MISSION_TYPE) VALUES ('2HGFC4A86KH300865',null,null,null,null,'FCKH300865 ','HCM 01AF201811020240','HCM 01201811005402','KTBGAD100 B593M     V ',{d '2018-11-02'},null,null,null,0,{d '2018-11-02'},null,null,null,null);
INSERT INTO "GALADM"."GAL143TBX" (PRODUCT_ID,ENGINE_SERIAL_NO,MISSION_SERIAL_NO,STRAIGHT_SHIP_PERCENTAGE,KEY_NO,SHORT_VIN,PRODUCTION_LOT,KD_LOT_NUMBER,PRODUCT_SPEC_CODE,PLAN_OFF_DATE,TRACKING_STATUS,PRODUCT_START_DATE,ACTUAL_OFF_DATE,AUTO_HOLD_STATUS,PRODUCTION_DATE,LAST_PASSING_PROCESS_POINT_ID,ENGINE_STATUS,AF_ON_SEQUENCE_NUMBER,ACTUAL_MISSION_TYPE) VALUES ('2HGFC4A87KH300860',null,null,null,null,'FCKH300860 ','HCM 01AF201811020240','HCM 01201811005402','KTBGAD100 B593M     V ',{d '2018-11-02'},null,null,null,0,{d '2018-11-02'},null,null,null,null);
INSERT INTO "GALADM"."GAL143TBX" (PRODUCT_ID,ENGINE_SERIAL_NO,MISSION_SERIAL_NO,STRAIGHT_SHIP_PERCENTAGE,KEY_NO,SHORT_VIN,PRODUCTION_LOT,KD_LOT_NUMBER,PRODUCT_SPEC_CODE,PLAN_OFF_DATE,TRACKING_STATUS,PRODUCT_START_DATE,ACTUAL_OFF_DATE,AUTO_HOLD_STATUS,PRODUCTION_DATE,LAST_PASSING_PROCESS_POINT_ID,ENGINE_STATUS,AF_ON_SEQUENCE_NUMBER,ACTUAL_MISSION_TYPE) VALUES ('2HGFC4A88KH300866',null,null,null,null,'FCKH300866 ','HCM 01AF201811020240','HCM 01201811005402','KTBGAD100 B593M     V ',{d '2018-11-02'},null,null,null,0,{d '2018-11-02'},null,null,null,null);
INSERT INTO "GALADM"."GAL143TBX" (PRODUCT_ID,ENGINE_SERIAL_NO,MISSION_SERIAL_NO,STRAIGHT_SHIP_PERCENTAGE,KEY_NO,SHORT_VIN,PRODUCTION_LOT,KD_LOT_NUMBER,PRODUCT_SPEC_CODE,PLAN_OFF_DATE,TRACKING_STATUS,PRODUCT_START_DATE,ACTUAL_OFF_DATE,AUTO_HOLD_STATUS,PRODUCTION_DATE,LAST_PASSING_PROCESS_POINT_ID,ENGINE_STATUS,AF_ON_SEQUENCE_NUMBER,ACTUAL_MISSION_TYPE) VALUES ('2HGFC4A89KH300861',null,null,null,null,'FCKH300861 ','HCM 01AF201811020240','HCM 01201811005402','KTBGAD100 B593M     V ',{d '2018-11-02'},null,null,null,0,{d '2018-11-02'},null,null,null,null);
INSERT INTO "GALADM"."GAL143TBX" (PRODUCT_ID,ENGINE_SERIAL_NO,MISSION_SERIAL_NO,STRAIGHT_SHIP_PERCENTAGE,KEY_NO,SHORT_VIN,PRODUCTION_LOT,KD_LOT_NUMBER,PRODUCT_SPEC_CODE,PLAN_OFF_DATE,TRACKING_STATUS,PRODUCT_START_DATE,ACTUAL_OFF_DATE,AUTO_HOLD_STATUS,PRODUCTION_DATE,LAST_PASSING_PROCESS_POINT_ID,ENGINE_STATUS,AF_ON_SEQUENCE_NUMBER,ACTUAL_MISSION_TYPE) VALUES ('2HGFC4A8XKH300867',null,null,null,null,'FCKH300867 ','HCM 01AF201811020240','HCM 01201811005402','KTBGAD100 B593M     V ',{d '2018-11-02'},'PA              ',null,null,0,{d '2018-11-02'},'1PA1D6001       ',null,null,null);
INSERT INTO "GALADM"."GAL143TBX" (PRODUCT_ID,ENGINE_SERIAL_NO,MISSION_SERIAL_NO,STRAIGHT_SHIP_PERCENTAGE,KEY_NO,SHORT_VIN,PRODUCTION_LOT,KD_LOT_NUMBER,PRODUCT_SPEC_CODE,PLAN_OFF_DATE,TRACKING_STATUS,PRODUCT_START_DATE,ACTUAL_OFF_DATE,AUTO_HOLD_STATUS,PRODUCTION_DATE,LAST_PASSING_PROCESS_POINT_ID,ENGINE_STATUS,AF_ON_SEQUENCE_NUMBER,ACTUAL_MISSION_TYPE) VALUES ('2HGFC4A8XKH300870',null,null,null,null,'FCKH300870 ','HCM 01AF201811020240','HCM 01201811005402','KTBGAD100 B593M     V ',{d '2018-11-02'},null,null,null,0,{d '2018-11-02'},null,null,null,null);
INSERT INTO "GALADM"."GAL143TBX" (PRODUCT_ID,ENGINE_SERIAL_NO,MISSION_SERIAL_NO,STRAIGHT_SHIP_PERCENTAGE,KEY_NO,SHORT_VIN,PRODUCTION_LOT,KD_LOT_NUMBER,PRODUCT_SPEC_CODE,PLAN_OFF_DATE,TRACKING_STATUS,PRODUCT_START_DATE,ACTUAL_OFF_DATE,AUTO_HOLD_STATUS,PRODUCTION_DATE,LAST_PASSING_PROCESS_POINT_ID,ENGINE_STATUS,AF_ON_SEQUENCE_NUMBER,ACTUAL_MISSION_TYPE) VALUES ('2HGFC4A80KH300876',null,null,null,null,'FCKH300876 ','HCM 01AF201811020250','HCM 01201811005403','KTBGAD100 NH731P    V ',{d '2018-11-02'},null,null,null,0,{d '2018-11-02'},null,null,null,null);
INSERT INTO "GALADM"."GAL143TBX" (PRODUCT_ID,ENGINE_SERIAL_NO,MISSION_SERIAL_NO,STRAIGHT_SHIP_PERCENTAGE,KEY_NO,SHORT_VIN,PRODUCTION_LOT,KD_LOT_NUMBER,PRODUCT_SPEC_CODE,PLAN_OFF_DATE,TRACKING_STATUS,PRODUCT_START_DATE,ACTUAL_OFF_DATE,AUTO_HOLD_STATUS,PRODUCTION_DATE,LAST_PASSING_PROCESS_POINT_ID,ENGINE_STATUS,AF_ON_SEQUENCE_NUMBER,ACTUAL_MISSION_TYPE) VALUES ('2HGFC4A81KH300871',null,null,null,null,'FCKH300871 ','HCM 01AF201811020250','HCM 01201811005403','KTBGAD100 NH731P    V ',{d '2018-11-02'},null,null,null,0,{d '2018-11-02'},null,null,null,null);
INSERT INTO "GALADM"."GAL143TBX" (PRODUCT_ID,ENGINE_SERIAL_NO,MISSION_SERIAL_NO,STRAIGHT_SHIP_PERCENTAGE,KEY_NO,SHORT_VIN,PRODUCTION_LOT,KD_LOT_NUMBER,PRODUCT_SPEC_CODE,PLAN_OFF_DATE,TRACKING_STATUS,PRODUCT_START_DATE,ACTUAL_OFF_DATE,AUTO_HOLD_STATUS,PRODUCTION_DATE,LAST_PASSING_PROCESS_POINT_ID,ENGINE_STATUS,AF_ON_SEQUENCE_NUMBER,ACTUAL_MISSION_TYPE) VALUES ('2HGFC4A82KH300877',null,null,null,null,'FCKH300877 ','HCM 01AF201811020250','HCM 01201811005403','KTBGAD100 NH731P    V ',{d '2018-11-02'},null,null,null,0,{d '2018-11-02'},null,null,null,null);
INSERT INTO "GALADM"."GAL143TBX" (PRODUCT_ID,ENGINE_SERIAL_NO,MISSION_SERIAL_NO,STRAIGHT_SHIP_PERCENTAGE,KEY_NO,SHORT_VIN,PRODUCTION_LOT,KD_LOT_NUMBER,PRODUCT_SPEC_CODE,PLAN_OFF_DATE,TRACKING_STATUS,PRODUCT_START_DATE,ACTUAL_OFF_DATE,AUTO_HOLD_STATUS,PRODUCTION_DATE,LAST_PASSING_PROCESS_POINT_ID,ENGINE_STATUS,AF_ON_SEQUENCE_NUMBER,ACTUAL_MISSION_TYPE) VALUES ('2HGFC4A82KH300880',null,null,null,null,'FCKH300880 ','HCM 01AF201811020250','HCM 01201811005403','KTBGAD100 NH731P    V ',{d '2018-11-02'},null,null,null,0,{d '2018-11-02'},null,null,null,null);
INSERT INTO "GALADM"."GAL143TBX" (PRODUCT_ID,ENGINE_SERIAL_NO,MISSION_SERIAL_NO,STRAIGHT_SHIP_PERCENTAGE,KEY_NO,SHORT_VIN,PRODUCTION_LOT,KD_LOT_NUMBER,PRODUCT_SPEC_CODE,PLAN_OFF_DATE,TRACKING_STATUS,PRODUCT_START_DATE,ACTUAL_OFF_DATE,AUTO_HOLD_STATUS,PRODUCTION_DATE,LAST_PASSING_PROCESS_POINT_ID,ENGINE_STATUS,AF_ON_SEQUENCE_NUMBER,ACTUAL_MISSION_TYPE) VALUES ('2HGFC4A83KH300872',null,null,null,null,'FCKH300872 ','HCM 01AF201811020250','HCM 01201811005403','KTBGAD100 NH731P    V ',{d '2018-11-02'},null,null,null,0,{d '2018-11-02'},null,null,null,null);
INSERT INTO "GALADM"."GAL143TBX" (PRODUCT_ID,ENGINE_SERIAL_NO,MISSION_SERIAL_NO,STRAIGHT_SHIP_PERCENTAGE,KEY_NO,SHORT_VIN,PRODUCTION_LOT,KD_LOT_NUMBER,PRODUCT_SPEC_CODE,PLAN_OFF_DATE,TRACKING_STATUS,PRODUCT_START_DATE,ACTUAL_OFF_DATE,AUTO_HOLD_STATUS,PRODUCTION_DATE,LAST_PASSING_PROCESS_POINT_ID,ENGINE_STATUS,AF_ON_SEQUENCE_NUMBER,ACTUAL_MISSION_TYPE) VALUES ('2HGFC4A84KH300878',null,null,null,null,'FCKH300878 ','HCM 01AF201811020250','HCM 01201811005403','KTBGAD100 NH731P    V ',{d '2018-11-02'},null,null,null,0,{d '2018-11-02'},null,null,null,null);
INSERT INTO "GALADM"."GAL143TBX" (PRODUCT_ID,ENGINE_SERIAL_NO,MISSION_SERIAL_NO,STRAIGHT_SHIP_PERCENTAGE,KEY_NO,SHORT_VIN,PRODUCTION_LOT,KD_LOT_NUMBER,PRODUCT_SPEC_CODE,PLAN_OFF_DATE,TRACKING_STATUS,PRODUCT_START_DATE,ACTUAL_OFF_DATE,AUTO_HOLD_STATUS,PRODUCTION_DATE,LAST_PASSING_PROCESS_POINT_ID,ENGINE_STATUS,AF_ON_SEQUENCE_NUMBER,ACTUAL_MISSION_TYPE) VALUES ('2HGFC4A84KH300881',null,null,null,null,'FCKH300881 ','HCM 01AF201811020250','HCM 01201811005403','KTBGAD100 NH731P    V ',{d '2018-11-02'},null,null,null,0,{d '2018-11-02'},null,null,null,null);
INSERT INTO "GALADM"."GAL143TBX" (PRODUCT_ID,ENGINE_SERIAL_NO,MISSION_SERIAL_NO,STRAIGHT_SHIP_PERCENTAGE,KEY_NO,SHORT_VIN,PRODUCTION_LOT,KD_LOT_NUMBER,PRODUCT_SPEC_CODE,PLAN_OFF_DATE,TRACKING_STATUS,PRODUCT_START_DATE,ACTUAL_OFF_DATE,AUTO_HOLD_STATUS,PRODUCTION_DATE,LAST_PASSING_PROCESS_POINT_ID,ENGINE_STATUS,AF_ON_SEQUENCE_NUMBER,ACTUAL_MISSION_TYPE) VALUES ('2HGFC4A85KH300873',null,null,null,null,'FCKH300873 ','HCM 01AF201811020250','HCM 01201811005403','KTBGAD100 NH731P    V ',{d '2018-11-02'},null,null,null,0,{d '2018-11-02'},null,null,null,null);
INSERT INTO "GALADM"."GAL143TBX" (PRODUCT_ID,ENGINE_SERIAL_NO,MISSION_SERIAL_NO,STRAIGHT_SHIP_PERCENTAGE,KEY_NO,SHORT_VIN,PRODUCTION_LOT,KD_LOT_NUMBER,PRODUCT_SPEC_CODE,PLAN_OFF_DATE,TRACKING_STATUS,PRODUCT_START_DATE,ACTUAL_OFF_DATE,AUTO_HOLD_STATUS,PRODUCTION_DATE,LAST_PASSING_PROCESS_POINT_ID,ENGINE_STATUS,AF_ON_SEQUENCE_NUMBER,ACTUAL_MISSION_TYPE) VALUES ('2HGFC4A86KH300879',null,null,null,null,'FCKH300879 ','HCM 01AF201811020250','HCM 01201811005403','KTBGAD100 NH731P    V ',{d '2018-11-02'},null,null,null,0,{d '2018-11-02'},null,null,null,null);
INSERT INTO "GALADM"."GAL143TBX" (PRODUCT_ID,ENGINE_SERIAL_NO,MISSION_SERIAL_NO,STRAIGHT_SHIP_PERCENTAGE,KEY_NO,SHORT_VIN,PRODUCTION_LOT,KD_LOT_NUMBER,PRODUCT_SPEC_CODE,PLAN_OFF_DATE,TRACKING_STATUS,PRODUCT_START_DATE,ACTUAL_OFF_DATE,AUTO_HOLD_STATUS,PRODUCTION_DATE,LAST_PASSING_PROCESS_POINT_ID,ENGINE_STATUS,AF_ON_SEQUENCE_NUMBER,ACTUAL_MISSION_TYPE) VALUES ('2HGFC4A86KH300882',null,null,null,null,'FCKH300882 ','HCM 01AF201811020250','HCM 01201811005403','KTBGAD100 NH731P    V ',{d '2018-11-02'},null,null,null,0,{d '2018-11-02'},null,null,null,null);
INSERT INTO "GALADM"."GAL143TBX" (PRODUCT_ID,ENGINE_SERIAL_NO,MISSION_SERIAL_NO,STRAIGHT_SHIP_PERCENTAGE,KEY_NO,SHORT_VIN,PRODUCTION_LOT,KD_LOT_NUMBER,PRODUCT_SPEC_CODE,PLAN_OFF_DATE,TRACKING_STATUS,PRODUCT_START_DATE,ACTUAL_OFF_DATE,AUTO_HOLD_STATUS,PRODUCTION_DATE,LAST_PASSING_PROCESS_POINT_ID,ENGINE_STATUS,AF_ON_SEQUENCE_NUMBER,ACTUAL_MISSION_TYPE) VALUES ('2HGFC4A87KH300874',null,null,null,null,'FCKH300874 ','HCM 01AF201811020250','HCM 01201811005403','KTBGAD100 NH731P    V ',{d '2018-11-02'},null,null,null,0,{d '2018-11-02'},null,null,null,null);
INSERT INTO "GALADM"."GAL143TBX" (PRODUCT_ID,ENGINE_SERIAL_NO,MISSION_SERIAL_NO,STRAIGHT_SHIP_PERCENTAGE,KEY_NO,SHORT_VIN,PRODUCTION_LOT,KD_LOT_NUMBER,PRODUCT_SPEC_CODE,PLAN_OFF_DATE,TRACKING_STATUS,PRODUCT_START_DATE,ACTUAL_OFF_DATE,AUTO_HOLD_STATUS,PRODUCTION_DATE,LAST_PASSING_PROCESS_POINT_ID,ENGINE_STATUS,AF_ON_SEQUENCE_NUMBER,ACTUAL_MISSION_TYPE) VALUES ('2HGFC4A89KH300875',null,null,null,null,'FCKH300875 ','HCM 01AF201811020250','HCM 01201811005403','KTBGAD100 NH731P    V ',{d '2018-11-02'},null,null,null,0,{d '2018-11-02'},null,null,null,null);
INSERT INTO "GALADM"."GAL143TBX" (PRODUCT_ID,ENGINE_SERIAL_NO,MISSION_SERIAL_NO,STRAIGHT_SHIP_PERCENTAGE,KEY_NO,SHORT_VIN,PRODUCTION_LOT,KD_LOT_NUMBER,PRODUCT_SPEC_CODE,PLAN_OFF_DATE,TRACKING_STATUS,PRODUCT_START_DATE,ACTUAL_OFF_DATE,AUTO_HOLD_STATUS,PRODUCTION_DATE,LAST_PASSING_PROCESS_POINT_ID,ENGINE_STATUS,AF_ON_SEQUENCE_NUMBER,ACTUAL_MISSION_TYPE) VALUES ('2HGFC4A88KH300883',null,null,null,null,'FCKH300883 ','HCM 01AF201811020260','HCM 01201811005404','KTBGAD100 NH797M    V ',{d '2018-11-02'},null,null,null,0,{d '2018-11-02'},null,null,null,null);
INSERT INTO "GALADM"."GAL143TBX" (PRODUCT_ID,ENGINE_SERIAL_NO,MISSION_SERIAL_NO,STRAIGHT_SHIP_PERCENTAGE,KEY_NO,SHORT_VIN,PRODUCTION_LOT,KD_LOT_NUMBER,PRODUCT_SPEC_CODE,PLAN_OFF_DATE,TRACKING_STATUS,PRODUCT_START_DATE,ACTUAL_OFF_DATE,AUTO_HOLD_STATUS,PRODUCTION_DATE,LAST_PASSING_PROCESS_POINT_ID,ENGINE_STATUS,AF_ON_SEQUENCE_NUMBER,ACTUAL_MISSION_TYPE) VALUES ('2HGFC4A8XKH300884',null,null,null,null,'FCKH300884 ','HCM 01AF201811020260','HCM 01201811005404','KTBGAD100 NH797M    V ',{d '2018-11-02'},null,null,null,0,{d '2018-11-02'},null,null,null,null);
INSERT INTO "GALADM"."GAL143TBX" (PRODUCT_ID,ENGINE_SERIAL_NO,MISSION_SERIAL_NO,STRAIGHT_SHIP_PERCENTAGE,KEY_NO,SHORT_VIN,PRODUCTION_LOT,KD_LOT_NUMBER,PRODUCT_SPEC_CODE,PLAN_OFF_DATE,TRACKING_STATUS,PRODUCT_START_DATE,ACTUAL_OFF_DATE,AUTO_HOLD_STATUS,PRODUCTION_DATE,LAST_PASSING_PROCESS_POINT_ID,ENGINE_STATUS,AF_ON_SEQUENCE_NUMBER,ACTUAL_MISSION_TYPE) VALUES ('2HGFC2F80KH507586',null,null,null,null,'FCKH507586 ','HCM 01AF201811020270','HCM 01201811005901','KTBDLG600 NH883P    V ',{d '2018-11-02'},null,null,null,0,{d '2018-11-02'},null,null,null,null);
INSERT INTO "GALADM"."GAL143TBX" (PRODUCT_ID,ENGINE_SERIAL_NO,MISSION_SERIAL_NO,STRAIGHT_SHIP_PERCENTAGE,KEY_NO,SHORT_VIN,PRODUCTION_LOT,KD_LOT_NUMBER,PRODUCT_SPEC_CODE,PLAN_OFF_DATE,TRACKING_STATUS,PRODUCT_START_DATE,ACTUAL_OFF_DATE,AUTO_HOLD_STATUS,PRODUCTION_DATE,LAST_PASSING_PROCESS_POINT_ID,ENGINE_STATUS,AF_ON_SEQUENCE_NUMBER,ACTUAL_MISSION_TYPE) VALUES ('2HGFC2F80KH507605',null,null,null,null,'FCKH507605 ','HCM 01AF201811020270','HCM 01201811005901','KTBDLG600 NH883P    V ',{d '2018-11-02'},null,null,null,0,{d '2018-11-02'},null,null,null,null);
INSERT INTO "GALADM"."GAL143TBX" (PRODUCT_ID,ENGINE_SERIAL_NO,MISSION_SERIAL_NO,STRAIGHT_SHIP_PERCENTAGE,KEY_NO,SHORT_VIN,PRODUCTION_LOT,KD_LOT_NUMBER,PRODUCT_SPEC_CODE,PLAN_OFF_DATE,TRACKING_STATUS,PRODUCT_START_DATE,ACTUAL_OFF_DATE,AUTO_HOLD_STATUS,PRODUCTION_DATE,LAST_PASSING_PROCESS_POINT_ID,ENGINE_STATUS,AF_ON_SEQUENCE_NUMBER,ACTUAL_MISSION_TYPE) VALUES ('2HGFC2F81KH507581',null,null,null,null,'FCKH507581 ','HCM 01AF201811020270','HCM 01201811005901','KTBDLG600 NH883P    V ',{d '2018-11-02'},null,null,null,0,{d '2018-11-02'},null,null,null,null);
INSERT INTO "GALADM"."GAL143TBX" (PRODUCT_ID,ENGINE_SERIAL_NO,MISSION_SERIAL_NO,STRAIGHT_SHIP_PERCENTAGE,KEY_NO,SHORT_VIN,PRODUCTION_LOT,KD_LOT_NUMBER,PRODUCT_SPEC_CODE,PLAN_OFF_DATE,TRACKING_STATUS,PRODUCT_START_DATE,ACTUAL_OFF_DATE,AUTO_HOLD_STATUS,PRODUCTION_DATE,LAST_PASSING_PROCESS_POINT_ID,ENGINE_STATUS,AF_ON_SEQUENCE_NUMBER,ACTUAL_MISSION_TYPE) VALUES ('2HGFC2F81KH507595',null,null,null,null,'FCKH507595 ','HCM 01AF201811020270','HCM 01201811005901','KTBDLG600 NH883P    V ',{d '2018-11-02'},null,null,null,0,{d '2018-11-02'},null,null,null,null);
INSERT INTO "GALADM"."GAL143TBX" (PRODUCT_ID,ENGINE_SERIAL_NO,MISSION_SERIAL_NO,STRAIGHT_SHIP_PERCENTAGE,KEY_NO,SHORT_VIN,PRODUCTION_LOT,KD_LOT_NUMBER,PRODUCT_SPEC_CODE,PLAN_OFF_DATE,TRACKING_STATUS,PRODUCT_START_DATE,ACTUAL_OFF_DATE,AUTO_HOLD_STATUS,PRODUCTION_DATE,LAST_PASSING_PROCESS_POINT_ID,ENGINE_STATUS,AF_ON_SEQUENCE_NUMBER,ACTUAL_MISSION_TYPE) VALUES ('2HGFC2F81KH507600',null,null,null,null,'FCKH507600 ','HCM 01AF201811020270','HCM 01201811005901','KTBDLG600 NH883P    V ',{d '2018-11-02'},null,null,null,0,{d '2018-11-02'},null,null,null,null);
INSERT INTO "GALADM"."GAL143TBX" (PRODUCT_ID,ENGINE_SERIAL_NO,MISSION_SERIAL_NO,STRAIGHT_SHIP_PERCENTAGE,KEY_NO,SHORT_VIN,PRODUCTION_LOT,KD_LOT_NUMBER,PRODUCT_SPEC_CODE,PLAN_OFF_DATE,TRACKING_STATUS,PRODUCT_START_DATE,ACTUAL_OFF_DATE,AUTO_HOLD_STATUS,PRODUCTION_DATE,LAST_PASSING_PROCESS_POINT_ID,ENGINE_STATUS,AF_ON_SEQUENCE_NUMBER,ACTUAL_MISSION_TYPE) VALUES ('2HGFC2F82KH507587',null,null,null,null,'FCKH507587 ','HCM 01AF201811020270','HCM 01201811005901','KTBDLG600 NH883P    V ',{d '2018-11-02'},null,null,null,0,{d '2018-11-02'},null,null,null,null);
INSERT INTO "GALADM"."GAL143TBX" (PRODUCT_ID,ENGINE_SERIAL_NO,MISSION_SERIAL_NO,STRAIGHT_SHIP_PERCENTAGE,KEY_NO,SHORT_VIN,PRODUCTION_LOT,KD_LOT_NUMBER,PRODUCT_SPEC_CODE,PLAN_OFF_DATE,TRACKING_STATUS,PRODUCT_START_DATE,ACTUAL_OFF_DATE,AUTO_HOLD_STATUS,PRODUCTION_DATE,LAST_PASSING_PROCESS_POINT_ID,ENGINE_STATUS,AF_ON_SEQUENCE_NUMBER,ACTUAL_MISSION_TYPE) VALUES ('2HGFC2F82KH507590',null,null,null,null,'FCKH507590 ','HCM 01AF201811020270','HCM 01201811005901','KTBDLG600 NH883P    V ',{d '2018-11-02'},null,null,null,0,{d '2018-11-02'},null,null,null,null);
INSERT INTO "GALADM"."GAL143TBX" (PRODUCT_ID,ENGINE_SERIAL_NO,MISSION_SERIAL_NO,STRAIGHT_SHIP_PERCENTAGE,KEY_NO,SHORT_VIN,PRODUCTION_LOT,KD_LOT_NUMBER,PRODUCT_SPEC_CODE,PLAN_OFF_DATE,TRACKING_STATUS,PRODUCT_START_DATE,ACTUAL_OFF_DATE,AUTO_HOLD_STATUS,PRODUCTION_DATE,LAST_PASSING_PROCESS_POINT_ID,ENGINE_STATUS,AF_ON_SEQUENCE_NUMBER,ACTUAL_MISSION_TYPE) VALUES ('2HGFC2F82KH507606',null,null,null,null,'FCKH507606 ','HCM 01AF201811020270','HCM 01201811005901','KTBDLG600 NH883P    V ',{d '2018-11-02'},null,null,null,0,{d '2018-11-02'},null,null,null,null);
INSERT INTO "GALADM"."GAL143TBX" (PRODUCT_ID,ENGINE_SERIAL_NO,MISSION_SERIAL_NO,STRAIGHT_SHIP_PERCENTAGE,KEY_NO,SHORT_VIN,PRODUCTION_LOT,KD_LOT_NUMBER,PRODUCT_SPEC_CODE,PLAN_OFF_DATE,TRACKING_STATUS,PRODUCT_START_DATE,ACTUAL_OFF_DATE,AUTO_HOLD_STATUS,PRODUCTION_DATE,LAST_PASSING_PROCESS_POINT_ID,ENGINE_STATUS,AF_ON_SEQUENCE_NUMBER,ACTUAL_MISSION_TYPE) VALUES ('2HGFC2F83KH507582',null,null,null,null,'FCKH507582 ','HCM 01AF201811020270','HCM 01201811005901','KTBDLG600 NH883P    V ',{d '2018-11-02'},null,null,null,0,{d '2018-11-02'},null,null,null,null);
INSERT INTO "GALADM"."GAL143TBX" (PRODUCT_ID,ENGINE_SERIAL_NO,MISSION_SERIAL_NO,STRAIGHT_SHIP_PERCENTAGE,KEY_NO,SHORT_VIN,PRODUCTION_LOT,KD_LOT_NUMBER,PRODUCT_SPEC_CODE,PLAN_OFF_DATE,TRACKING_STATUS,PRODUCT_START_DATE,ACTUAL_OFF_DATE,AUTO_HOLD_STATUS,PRODUCTION_DATE,LAST_PASSING_PROCESS_POINT_ID,ENGINE_STATUS,AF_ON_SEQUENCE_NUMBER,ACTUAL_MISSION_TYPE) VALUES ('2HGFC2F83KH507596',null,null,null,null,'FCKH507596 ','HCM 01AF201811020270','HCM 01201811005901','KTBDLG600 NH883P    V ',{d '2018-11-02'},null,null,null,0,{d '2018-11-02'},null,null,null,null);
INSERT INTO "GALADM"."GAL143TBX" (PRODUCT_ID,ENGINE_SERIAL_NO,MISSION_SERIAL_NO,STRAIGHT_SHIP_PERCENTAGE,KEY_NO,SHORT_VIN,PRODUCTION_LOT,KD_LOT_NUMBER,PRODUCT_SPEC_CODE,PLAN_OFF_DATE,TRACKING_STATUS,PRODUCT_START_DATE,ACTUAL_OFF_DATE,AUTO_HOLD_STATUS,PRODUCTION_DATE,LAST_PASSING_PROCESS_POINT_ID,ENGINE_STATUS,AF_ON_SEQUENCE_NUMBER,ACTUAL_MISSION_TYPE) VALUES ('2HGFC2F83KH507601',null,null,null,null,'FCKH507601 ','HCM 01AF201811020270','HCM 01201811005901','KTBDLG600 NH883P    V ',{d '2018-11-02'},null,null,null,0,{d '2018-11-02'},null,null,null,null);
INSERT INTO "GALADM"."GAL143TBX" (PRODUCT_ID,ENGINE_SERIAL_NO,MISSION_SERIAL_NO,STRAIGHT_SHIP_PERCENTAGE,KEY_NO,SHORT_VIN,PRODUCTION_LOT,KD_LOT_NUMBER,PRODUCT_SPEC_CODE,PLAN_OFF_DATE,TRACKING_STATUS,PRODUCT_START_DATE,ACTUAL_OFF_DATE,AUTO_HOLD_STATUS,PRODUCTION_DATE,LAST_PASSING_PROCESS_POINT_ID,ENGINE_STATUS,AF_ON_SEQUENCE_NUMBER,ACTUAL_MISSION_TYPE) VALUES ('2HGFC2F84KH507588',null,null,null,null,'FCKH507588 ','HCM 01AF201811020270','HCM 01201811005901','KTBDLG600 NH883P    V ',{d '2018-11-02'},null,null,null,0,{d '2018-11-02'},null,null,null,null);
INSERT INTO "GALADM"."GAL143TBX" (PRODUCT_ID,ENGINE_SERIAL_NO,MISSION_SERIAL_NO,STRAIGHT_SHIP_PERCENTAGE,KEY_NO,SHORT_VIN,PRODUCTION_LOT,KD_LOT_NUMBER,PRODUCT_SPEC_CODE,PLAN_OFF_DATE,TRACKING_STATUS,PRODUCT_START_DATE,ACTUAL_OFF_DATE,AUTO_HOLD_STATUS,PRODUCTION_DATE,LAST_PASSING_PROCESS_POINT_ID,ENGINE_STATUS,AF_ON_SEQUENCE_NUMBER,ACTUAL_MISSION_TYPE) VALUES ('2HGFC2F84KH507591',null,null,null,null,'FCKH507591 ','HCM 01AF201811020270','HCM 01201811005901','KTBDLG600 NH883P    V ',{d '2018-11-02'},null,null,null,0,{d '2018-11-02'},null,null,null,null);
INSERT INTO "GALADM"."GAL143TBX" (PRODUCT_ID,ENGINE_SERIAL_NO,MISSION_SERIAL_NO,STRAIGHT_SHIP_PERCENTAGE,KEY_NO,SHORT_VIN,PRODUCTION_LOT,KD_LOT_NUMBER,PRODUCT_SPEC_CODE,PLAN_OFF_DATE,TRACKING_STATUS,PRODUCT_START_DATE,ACTUAL_OFF_DATE,AUTO_HOLD_STATUS,PRODUCTION_DATE,LAST_PASSING_PROCESS_POINT_ID,ENGINE_STATUS,AF_ON_SEQUENCE_NUMBER,ACTUAL_MISSION_TYPE) VALUES ('2HGFC2F84KH507607',null,null,null,null,'FCKH507607 ','HCM 01AF201811020270','HCM 01201811005901','KTBDLG600 NH883P    V ',{d '2018-11-02'},null,null,null,0,{d '2018-11-02'},null,null,null,null);
INSERT INTO "GALADM"."GAL143TBX" (PRODUCT_ID,ENGINE_SERIAL_NO,MISSION_SERIAL_NO,STRAIGHT_SHIP_PERCENTAGE,KEY_NO,SHORT_VIN,PRODUCTION_LOT,KD_LOT_NUMBER,PRODUCT_SPEC_CODE,PLAN_OFF_DATE,TRACKING_STATUS,PRODUCT_START_DATE,ACTUAL_OFF_DATE,AUTO_HOLD_STATUS,PRODUCTION_DATE,LAST_PASSING_PROCESS_POINT_ID,ENGINE_STATUS,AF_ON_SEQUENCE_NUMBER,ACTUAL_MISSION_TYPE) VALUES ('2HGFC2F84KH507610',null,null,null,null,'FCKH507610 ','HCM 01AF201811020270','HCM 01201811005901','KTBDLG600 NH883P    V ',{d '2018-11-02'},null,null,null,0,{d '2018-11-02'},null,null,null,null);
INSERT INTO "GALADM"."GAL143TBX" (PRODUCT_ID,ENGINE_SERIAL_NO,MISSION_SERIAL_NO,STRAIGHT_SHIP_PERCENTAGE,KEY_NO,SHORT_VIN,PRODUCTION_LOT,KD_LOT_NUMBER,PRODUCT_SPEC_CODE,PLAN_OFF_DATE,TRACKING_STATUS,PRODUCT_START_DATE,ACTUAL_OFF_DATE,AUTO_HOLD_STATUS,PRODUCTION_DATE,LAST_PASSING_PROCESS_POINT_ID,ENGINE_STATUS,AF_ON_SEQUENCE_NUMBER,ACTUAL_MISSION_TYPE) VALUES ('2HGFC2F85KH507583',null,null,null,null,'FCKH507583 ','HCM 01AF201811020270','HCM 01201811005901','KTBDLG600 NH883P    V ',{d '2018-11-02'},null,null,null,0,{d '2018-11-02'},null,null,null,null);
INSERT INTO "GALADM"."GAL143TBX" (PRODUCT_ID,ENGINE_SERIAL_NO,MISSION_SERIAL_NO,STRAIGHT_SHIP_PERCENTAGE,KEY_NO,SHORT_VIN,PRODUCTION_LOT,KD_LOT_NUMBER,PRODUCT_SPEC_CODE,PLAN_OFF_DATE,TRACKING_STATUS,PRODUCT_START_DATE,ACTUAL_OFF_DATE,AUTO_HOLD_STATUS,PRODUCTION_DATE,LAST_PASSING_PROCESS_POINT_ID,ENGINE_STATUS,AF_ON_SEQUENCE_NUMBER,ACTUAL_MISSION_TYPE) VALUES ('2HGFC2F85KH507597',null,null,null,null,'FCKH507597 ','HCM 01AF201811020270','HCM 01201811005901','KTBDLG600 NH883P    V ',{d '2018-11-02'},null,null,null,0,{d '2018-11-02'},null,null,null,null);
INSERT INTO "GALADM"."GAL143TBX" (PRODUCT_ID,ENGINE_SERIAL_NO,MISSION_SERIAL_NO,STRAIGHT_SHIP_PERCENTAGE,KEY_NO,SHORT_VIN,PRODUCTION_LOT,KD_LOT_NUMBER,PRODUCT_SPEC_CODE,PLAN_OFF_DATE,TRACKING_STATUS,PRODUCT_START_DATE,ACTUAL_OFF_DATE,AUTO_HOLD_STATUS,PRODUCTION_DATE,LAST_PASSING_PROCESS_POINT_ID,ENGINE_STATUS,AF_ON_SEQUENCE_NUMBER,ACTUAL_MISSION_TYPE) VALUES ('2HGFC2F85KH507602',null,null,null,null,'FCKH507602 ','HCM 01AF201811020270','HCM 01201811005901','KTBDLG600 NH883P    V ',{d '2018-11-02'},null,null,null,0,{d '2018-11-02'},null,null,null,null);
INSERT INTO "GALADM"."GAL143TBX" (PRODUCT_ID,ENGINE_SERIAL_NO,MISSION_SERIAL_NO,STRAIGHT_SHIP_PERCENTAGE,KEY_NO,SHORT_VIN,PRODUCTION_LOT,KD_LOT_NUMBER,PRODUCT_SPEC_CODE,PLAN_OFF_DATE,TRACKING_STATUS,PRODUCT_START_DATE,ACTUAL_OFF_DATE,AUTO_HOLD_STATUS,PRODUCTION_DATE,LAST_PASSING_PROCESS_POINT_ID,ENGINE_STATUS,AF_ON_SEQUENCE_NUMBER,ACTUAL_MISSION_TYPE) VALUES ('2HGFC2F86KH507589',null,null,null,null,'FCKH507589 ','HCM 01AF201811020270','HCM 01201811005901','KTBDLG600 NH883P    V ',{d '2018-11-02'},null,null,null,0,{d '2018-11-02'},null,null,null,null);
INSERT INTO "GALADM"."GAL143TBX" (PRODUCT_ID,ENGINE_SERIAL_NO,MISSION_SERIAL_NO,STRAIGHT_SHIP_PERCENTAGE,KEY_NO,SHORT_VIN,PRODUCTION_LOT,KD_LOT_NUMBER,PRODUCT_SPEC_CODE,PLAN_OFF_DATE,TRACKING_STATUS,PRODUCT_START_DATE,ACTUAL_OFF_DATE,AUTO_HOLD_STATUS,PRODUCTION_DATE,LAST_PASSING_PROCESS_POINT_ID,ENGINE_STATUS,AF_ON_SEQUENCE_NUMBER,ACTUAL_MISSION_TYPE) VALUES ('2HGFC2F86KH507592',null,null,null,null,'FCKH507592 ','HCM 01AF201811020270','HCM 01201811005901','KTBDLG600 NH883P    V ',{d '2018-11-02'},null,null,null,0,{d '2018-11-02'},null,null,null,null);
INSERT INTO "GALADM"."GAL143TBX" (PRODUCT_ID,ENGINE_SERIAL_NO,MISSION_SERIAL_NO,STRAIGHT_SHIP_PERCENTAGE,KEY_NO,SHORT_VIN,PRODUCTION_LOT,KD_LOT_NUMBER,PRODUCT_SPEC_CODE,PLAN_OFF_DATE,TRACKING_STATUS,PRODUCT_START_DATE,ACTUAL_OFF_DATE,AUTO_HOLD_STATUS,PRODUCTION_DATE,LAST_PASSING_PROCESS_POINT_ID,ENGINE_STATUS,AF_ON_SEQUENCE_NUMBER,ACTUAL_MISSION_TYPE) VALUES ('2HGFC2F86KH507608',null,null,null,null,'FCKH507608 ','HCM 01AF201811020270','HCM 01201811005901','KTBDLG600 NH883P    V ',{d '2018-11-02'},null,null,null,0,{d '2018-11-02'},null,null,null,null);
INSERT INTO "GALADM"."GAL143TBX" (PRODUCT_ID,ENGINE_SERIAL_NO,MISSION_SERIAL_NO,STRAIGHT_SHIP_PERCENTAGE,KEY_NO,SHORT_VIN,PRODUCTION_LOT,KD_LOT_NUMBER,PRODUCT_SPEC_CODE,PLAN_OFF_DATE,TRACKING_STATUS,PRODUCT_START_DATE,ACTUAL_OFF_DATE,AUTO_HOLD_STATUS,PRODUCTION_DATE,LAST_PASSING_PROCESS_POINT_ID,ENGINE_STATUS,AF_ON_SEQUENCE_NUMBER,ACTUAL_MISSION_TYPE) VALUES ('2HGFC2F87KH507584',null,null,null,null,'FCKH507584 ','HCM 01AF201811020270','HCM 01201811005901','KTBDLG600 NH883P    V ',{d '2018-11-02'},null,null,null,0,{d '2018-11-02'},null,null,null,null);
INSERT INTO "GALADM"."GAL143TBX" (PRODUCT_ID,ENGINE_SERIAL_NO,MISSION_SERIAL_NO,STRAIGHT_SHIP_PERCENTAGE,KEY_NO,SHORT_VIN,PRODUCTION_LOT,KD_LOT_NUMBER,PRODUCT_SPEC_CODE,PLAN_OFF_DATE,TRACKING_STATUS,PRODUCT_START_DATE,ACTUAL_OFF_DATE,AUTO_HOLD_STATUS,PRODUCTION_DATE,LAST_PASSING_PROCESS_POINT_ID,ENGINE_STATUS,AF_ON_SEQUENCE_NUMBER,ACTUAL_MISSION_TYPE) VALUES ('2HGFC2F87KH507598',null,null,null,null,'FCKH507598 ','HCM 01AF201811020270','HCM 01201811005901','KTBDLG600 NH883P    V ',{d '2018-11-02'},null,null,null,0,{d '2018-11-02'},null,null,null,null);
INSERT INTO "GALADM"."GAL143TBX" (PRODUCT_ID,ENGINE_SERIAL_NO,MISSION_SERIAL_NO,STRAIGHT_SHIP_PERCENTAGE,KEY_NO,SHORT_VIN,PRODUCTION_LOT,KD_LOT_NUMBER,PRODUCT_SPEC_CODE,PLAN_OFF_DATE,TRACKING_STATUS,PRODUCT_START_DATE,ACTUAL_OFF_DATE,AUTO_HOLD_STATUS,PRODUCTION_DATE,LAST_PASSING_PROCESS_POINT_ID,ENGINE_STATUS,AF_ON_SEQUENCE_NUMBER,ACTUAL_MISSION_TYPE) VALUES ('2HGFC2F87KH507603',null,null,null,null,'FCKH507603 ','HCM 01AF201811020270','HCM 01201811005901','KTBDLG600 NH883P    V ',{d '2018-11-02'},null,null,null,0,{d '2018-11-02'},null,null,null,null);
INSERT INTO "GALADM"."GAL143TBX" (PRODUCT_ID,ENGINE_SERIAL_NO,MISSION_SERIAL_NO,STRAIGHT_SHIP_PERCENTAGE,KEY_NO,SHORT_VIN,PRODUCTION_LOT,KD_LOT_NUMBER,PRODUCT_SPEC_CODE,PLAN_OFF_DATE,TRACKING_STATUS,PRODUCT_START_DATE,ACTUAL_OFF_DATE,AUTO_HOLD_STATUS,PRODUCTION_DATE,LAST_PASSING_PROCESS_POINT_ID,ENGINE_STATUS,AF_ON_SEQUENCE_NUMBER,ACTUAL_MISSION_TYPE) VALUES ('2HGFC2F88KH507593',null,null,null,null,'FCKH507593 ','HCM 01AF201811020270','HCM 01201811005901','KTBDLG600 NH883P    V ',{d '2018-11-02'},null,null,null,0,{d '2018-11-02'},null,null,null,null);
INSERT INTO "GALADM"."GAL143TBX" (PRODUCT_ID,ENGINE_SERIAL_NO,MISSION_SERIAL_NO,STRAIGHT_SHIP_PERCENTAGE,KEY_NO,SHORT_VIN,PRODUCTION_LOT,KD_LOT_NUMBER,PRODUCT_SPEC_CODE,PLAN_OFF_DATE,TRACKING_STATUS,PRODUCT_START_DATE,ACTUAL_OFF_DATE,AUTO_HOLD_STATUS,PRODUCTION_DATE,LAST_PASSING_PROCESS_POINT_ID,ENGINE_STATUS,AF_ON_SEQUENCE_NUMBER,ACTUAL_MISSION_TYPE) VALUES ('2HGFC2F88KH507609',null,null,null,null,'FCKH507609 ','HCM 01AF201811020270','HCM 01201811005901','KTBDLG600 NH883P    V ',{d '2018-11-02'},null,null,null,0,{d '2018-11-02'},null,null,null,null);
INSERT INTO "GALADM"."GAL143TBX" (PRODUCT_ID,ENGINE_SERIAL_NO,MISSION_SERIAL_NO,STRAIGHT_SHIP_PERCENTAGE,KEY_NO,SHORT_VIN,PRODUCTION_LOT,KD_LOT_NUMBER,PRODUCT_SPEC_CODE,PLAN_OFF_DATE,TRACKING_STATUS,PRODUCT_START_DATE,ACTUAL_OFF_DATE,AUTO_HOLD_STATUS,PRODUCTION_DATE,LAST_PASSING_PROCESS_POINT_ID,ENGINE_STATUS,AF_ON_SEQUENCE_NUMBER,ACTUAL_MISSION_TYPE) VALUES ('2HGFC2F89KH507585',null,null,null,null,'FCKH507585 ','HCM 01AF201811020270','HCM 01201811005901','KTBDLG600 NH883P    V ',{d '2018-11-02'},null,null,null,0,{d '2018-11-02'},null,null,null,null);
INSERT INTO "GALADM"."GAL143TBX" (PRODUCT_ID,ENGINE_SERIAL_NO,MISSION_SERIAL_NO,STRAIGHT_SHIP_PERCENTAGE,KEY_NO,SHORT_VIN,PRODUCTION_LOT,KD_LOT_NUMBER,PRODUCT_SPEC_CODE,PLAN_OFF_DATE,TRACKING_STATUS,PRODUCT_START_DATE,ACTUAL_OFF_DATE,AUTO_HOLD_STATUS,PRODUCTION_DATE,LAST_PASSING_PROCESS_POINT_ID,ENGINE_STATUS,AF_ON_SEQUENCE_NUMBER,ACTUAL_MISSION_TYPE) VALUES ('2HGFC2F89KH507599',null,null,null,null,'FCKH507599 ','HCM 01AF201811020270','HCM 01201811005901','KTBDLG600 NH883P    V ',{d '2018-11-02'},null,null,null,0,{d '2018-11-02'},null,null,null,null);
INSERT INTO "GALADM"."GAL143TBX" (PRODUCT_ID,ENGINE_SERIAL_NO,MISSION_SERIAL_NO,STRAIGHT_SHIP_PERCENTAGE,KEY_NO,SHORT_VIN,PRODUCTION_LOT,KD_LOT_NUMBER,PRODUCT_SPEC_CODE,PLAN_OFF_DATE,TRACKING_STATUS,PRODUCT_START_DATE,ACTUAL_OFF_DATE,AUTO_HOLD_STATUS,PRODUCTION_DATE,LAST_PASSING_PROCESS_POINT_ID,ENGINE_STATUS,AF_ON_SEQUENCE_NUMBER,ACTUAL_MISSION_TYPE) VALUES ('2HGFC2F89KH507604',null,null,null,null,'FCKH507604 ','HCM 01AF201811020270','HCM 01201811005901','KTBDLG600 NH883P    V ',{d '2018-11-02'},'PA              ',null,null,0,{d '2018-11-02'},'1PA1T1001       ',null,null,null);
INSERT INTO "GALADM"."GAL143TBX" (PRODUCT_ID,ENGINE_SERIAL_NO,MISSION_SERIAL_NO,STRAIGHT_SHIP_PERCENTAGE,KEY_NO,SHORT_VIN,PRODUCTION_LOT,KD_LOT_NUMBER,PRODUCT_SPEC_CODE,PLAN_OFF_DATE,TRACKING_STATUS,PRODUCT_START_DATE,ACTUAL_OFF_DATE,AUTO_HOLD_STATUS,PRODUCTION_DATE,LAST_PASSING_PROCESS_POINT_ID,ENGINE_STATUS,AF_ON_SEQUENCE_NUMBER,ACTUAL_MISSION_TYPE) VALUES ('2HGFC2F8XKH507594',null,null,null,null,'FCKH507594 ','HCM 01AF201811020270','HCM 01201811005901','KTBDLG600 NH883P    V ',{d '2018-11-02'},null,null,null,0,{d '2018-11-02'},null,null,null,null);

INSERT INTO "GALADM"."GAL144TBX" (PRODUCT_SPEC_CODE,EXT_COLOR_CODE,INT_COLOR_CODE,EXT_COLOR_DESCRIPTION,INT_COLOR_DESCRIPTION,PLANT_CODE_GPCS,ENGINE_PLANT_CODE,ENGINE_MTO,SALES_MODEL_CODE,SALES_MODEL_TYPE_CODE,SALES_EXT_COLOR_CODE,SALES_INT_COLOR_CODE,PROTOTYPE_CODE,FRAME_NO_PREFIX,SERIES_CODE,SERIES_DESCRIPTION,GRADE_CODE,BODY_AND_TRANS_TYPE_CODE,BODY_AND_TRANS_TYPE_DESC,MODEL_CODE,MODEL_YEAR_CODE,MODEL_TYPE_CODE,MODEL_OPTION_CODE,MODEL_YEAR_DESCRIPTION,BOUNDARY_MARK_REQUIRED,CREATE_TIMESTAMP,UPDATE_TIMESTAMP,ALT_ENGINE_MTO,MODEL_DESCRIPTION,SHORT_MODEL_DESCRIPTION,COMMON_SALES_MODEL_CODE,COMMON_SALES_MODEL_TYPE_CODE) VALUES ('KTBDLG600 NH883P    V ','NH883P    ','V ','WHITE P   ','BLACK3                                  ','HCM ','HCM ','K5BBLG500 ','FC2F8KEX  ','KL','NH-883P   ','  ','W','2HGFC2F8*KH','E','ACURA EL/ HONDA CIVIC                   ','SPORT     ','F','4-DOOR / AUTOMATIC / CVT      ','TBD','K','LG6','00 ','2019',' ',{ts '2017-12-01 10:36:44.391347'},{ts '2018-12-13 05:05:15.750132'},null,null,null,null,null);
INSERT INTO "GALADM"."GAL144TBX" (PRODUCT_SPEC_CODE,EXT_COLOR_CODE,INT_COLOR_CODE,EXT_COLOR_DESCRIPTION,INT_COLOR_DESCRIPTION,PLANT_CODE_GPCS,ENGINE_PLANT_CODE,ENGINE_MTO,SALES_MODEL_CODE,SALES_MODEL_TYPE_CODE,SALES_EXT_COLOR_CODE,SALES_INT_COLOR_CODE,PROTOTYPE_CODE,FRAME_NO_PREFIX,SERIES_CODE,SERIES_DESCRIPTION,GRADE_CODE,BODY_AND_TRANS_TYPE_CODE,BODY_AND_TRANS_TYPE_DESC,MODEL_CODE,MODEL_YEAR_CODE,MODEL_TYPE_CODE,MODEL_OPTION_CODE,MODEL_YEAR_DESCRIPTION,BOUNDARY_MARK_REQUIRED,CREATE_TIMESTAMP,UPDATE_TIMESTAMP,ALT_ENGINE_MTO,MODEL_DESCRIPTION,SHORT_MODEL_DESCRIPTION,COMMON_SALES_MODEL_CODE,COMMON_SALES_MODEL_TYPE_CODE) VALUES ('KTBGAD100 B593M     V ','B593M     ','V ','BLUE      ','BLACK3                                  ','HCM ','HCM ','K5BBAC100 ','FC4A8KEW  ','KA','B-593M    ','  ','W','2HGFC4A8*KH','E','ACURA EL/ HONDA CIVIC                   ','SPORT     ','A','2-DOOR / MANUAL               ','TBG','K','AD1','00 ','2019',' ',{ts '2017-11-16 10:36:39.467303'},{ts '2018-12-13 05:05:15.739198'},null,null,null,null,null);
INSERT INTO "GALADM"."GAL144TBX" (PRODUCT_SPEC_CODE,EXT_COLOR_CODE,INT_COLOR_CODE,EXT_COLOR_DESCRIPTION,INT_COLOR_DESCRIPTION,PLANT_CODE_GPCS,ENGINE_PLANT_CODE,ENGINE_MTO,SALES_MODEL_CODE,SALES_MODEL_TYPE_CODE,SALES_EXT_COLOR_CODE,SALES_INT_COLOR_CODE,PROTOTYPE_CODE,FRAME_NO_PREFIX,SERIES_CODE,SERIES_DESCRIPTION,GRADE_CODE,BODY_AND_TRANS_TYPE_CODE,BODY_AND_TRANS_TYPE_DESC,MODEL_CODE,MODEL_YEAR_CODE,MODEL_TYPE_CODE,MODEL_OPTION_CODE,MODEL_YEAR_DESCRIPTION,BOUNDARY_MARK_REQUIRED,CREATE_TIMESTAMP,UPDATE_TIMESTAMP,ALT_ENGINE_MTO,MODEL_DESCRIPTION,SHORT_MODEL_DESCRIPTION,COMMON_SALES_MODEL_CODE,COMMON_SALES_MODEL_TYPE_CODE) VALUES ('KTBGAD100 NH731P    V ','NH731P    ','V ','CSTL BLACK','BLACK3                                  ','HCM ','HCM ','K5BBAC100 ','FC4A8KEW  ','KA','NH-731P   ','  ','W','2HGFC4A8*KH','E','ACURA EL/ HONDA CIVIC                   ','SPORT     ','A','2-DOOR / MANUAL               ','TBG','K','AD1','00 ','2019',' ',{ts '2017-11-16 10:36:39.472746'},{ts '2018-12-13 05:05:15.739596'},null,null,null,null,null);
INSERT INTO "GALADM"."GAL144TBX" (PRODUCT_SPEC_CODE,EXT_COLOR_CODE,INT_COLOR_CODE,EXT_COLOR_DESCRIPTION,INT_COLOR_DESCRIPTION,PLANT_CODE_GPCS,ENGINE_PLANT_CODE,ENGINE_MTO,SALES_MODEL_CODE,SALES_MODEL_TYPE_CODE,SALES_EXT_COLOR_CODE,SALES_INT_COLOR_CODE,PROTOTYPE_CODE,FRAME_NO_PREFIX,SERIES_CODE,SERIES_DESCRIPTION,GRADE_CODE,BODY_AND_TRANS_TYPE_CODE,BODY_AND_TRANS_TYPE_DESC,MODEL_CODE,MODEL_YEAR_CODE,MODEL_TYPE_CODE,MODEL_OPTION_CODE,MODEL_YEAR_DESCRIPTION,BOUNDARY_MARK_REQUIRED,CREATE_TIMESTAMP,UPDATE_TIMESTAMP,ALT_ENGINE_MTO,MODEL_DESCRIPTION,SHORT_MODEL_DESCRIPTION,COMMON_SALES_MODEL_CODE,COMMON_SALES_MODEL_TYPE_CODE) VALUES ('KTBGAD100 NH797M    V ','NH797M    ','V ','MODSTEEL  ','BLACK3                                  ','HCM ','HCM ','K5BBAC100 ','FC4A8KEW  ','KA','NH-797M   ','  ','W','2HGFC4A8*KH','E','ACURA EL/ HONDA CIVIC                   ','SPORT     ','A','2-DOOR / MANUAL               ','TBG','K','AD1','00 ','2019',' ',{ts '2017-11-16 10:36:39.478242'},{ts '2018-12-13 05:05:15.740054'},null,null,null,null,null);
INSERT INTO "GALADM"."GAL144TBX" (PRODUCT_SPEC_CODE,EXT_COLOR_CODE,INT_COLOR_CODE,EXT_COLOR_DESCRIPTION,INT_COLOR_DESCRIPTION,PLANT_CODE_GPCS,ENGINE_PLANT_CODE,ENGINE_MTO,SALES_MODEL_CODE,SALES_MODEL_TYPE_CODE,SALES_EXT_COLOR_CODE,SALES_INT_COLOR_CODE,PROTOTYPE_CODE,FRAME_NO_PREFIX,SERIES_CODE,SERIES_DESCRIPTION,GRADE_CODE,BODY_AND_TRANS_TYPE_CODE,BODY_AND_TRANS_TYPE_DESC,MODEL_CODE,MODEL_YEAR_CODE,MODEL_TYPE_CODE,MODEL_OPTION_CODE,MODEL_YEAR_DESCRIPTION,BOUNDARY_MARK_REQUIRED,CREATE_TIMESTAMP,UPDATE_TIMESTAMP,ALT_ENGINE_MTO,MODEL_DESCRIPTION,SHORT_MODEL_DESCRIPTION,COMMON_SALES_MODEL_CODE,COMMON_SALES_MODEL_TYPE_CODE) VALUES ('KTBGAD100 R513      V ','R513      ','V ','RALLY RED ','BLACK3                                  ','HCM ','HCM ','K5BBAC100 ','FC4A8KEW  ','KA','R-513     ','  ','W','2HGFC4A8*KH','E','ACURA EL/ HONDA CIVIC                   ','SPORT     ','A','2-DOOR / MANUAL               ','TBG','K','AD1','00 ','2019',' ',{ts '2017-11-16 10:36:39.493345'},{ts '2018-12-13 05:05:15.742259'},null,null,null,null,null);
INSERT INTO "GALADM"."GAL144TBX" (PRODUCT_SPEC_CODE,EXT_COLOR_CODE,INT_COLOR_CODE,EXT_COLOR_DESCRIPTION,INT_COLOR_DESCRIPTION,PLANT_CODE_GPCS,ENGINE_PLANT_CODE,ENGINE_MTO,SALES_MODEL_CODE,SALES_MODEL_TYPE_CODE,SALES_EXT_COLOR_CODE,SALES_INT_COLOR_CODE,PROTOTYPE_CODE,FRAME_NO_PREFIX,SERIES_CODE,SERIES_DESCRIPTION,GRADE_CODE,BODY_AND_TRANS_TYPE_CODE,BODY_AND_TRANS_TYPE_DESC,MODEL_CODE,MODEL_YEAR_CODE,MODEL_TYPE_CODE,MODEL_OPTION_CODE,MODEL_YEAR_DESCRIPTION,BOUNDARY_MARK_REQUIRED,CREATE_TIMESTAMP,UPDATE_TIMESTAMP,ALT_ENGINE_MTO,MODEL_DESCRIPTION,SHORT_MODEL_DESCRIPTION,COMMON_SALES_MODEL_CODE,COMMON_SALES_MODEL_TYPE_CODE) VALUES ('KTBJAC200 R513      Z ','R513      ','Z ','RALLY RED ','BLACK2                                  ','HCM ','HCM ','K5AMAC000 ','FC3A5KJW  ','KA','R-513     ','  ','W','2HGFC3A5*KH','E','ACURA EL/ HONDA CIVIC                   ','SI        ','A','2-DOOR / MANUAL               ','TBJ','K','AC2','00 ','2019',' ',{ts '2018-04-17 06:01:42.629332'},{ts '2018-12-13 05:05:16.196025'},null,null,null,null,null);

INSERT INTO "GALADM"."GAL214TBX" (PROCESS_POINT_NAME,PROCESS_POINT_ID,PROCESS_POINT_DESCRIPTION,PROCESS_POINT_TYPE,SITE_NAME,PLANT_NAME,DIVISION_ID,DIVISION_NAME,DIVISION_NAME1,DIVISION_NAME2,LINE_ID,LINE_NAME,BACK_FILL_PROCESS_POINT_ID,SEQUENCE_NUMBER,TRACKING_POINT_FLAG,RECOVERY_POINT_FLAG,PASSING_COUNT_FLAG,CREATE_TIMESTAMP,UPDATE_TIMESTAMP,CURRENT_PROD_LOT,FEATURE_ID,FEATURE_TYPE,CURRENT_KD_LOT) VALUES ('Interior Equipment GSmurf       ','1AF1D1202       ','Multi Mount Build Results                                                                                                       ',0,'HCM             ','FRAME1          ','AF1             ','AF1                             ','                                ','                                ','UB01            ','Underbody 1                     ','                ',0,0,0,1,{ts '2018-01-02 12:10:30.451498'},{ts '2018-02-23 12:59:17.407826'},null,null,null,null);
INSERT INTO "GALADM"."GAL214TBX" (PROCESS_POINT_NAME,PROCESS_POINT_ID,PROCESS_POINT_DESCRIPTION,PROCESS_POINT_TYPE,SITE_NAME,PLANT_NAME,DIVISION_ID,DIVISION_NAME,DIVISION_NAME1,DIVISION_NAME2,LINE_ID,LINE_NAME,BACK_FILL_PROCESS_POINT_ID,SEQUENCE_NUMBER,TRACKING_POINT_FLAG,RECOVERY_POINT_FLAG,PASSING_COUNT_FLAG,CREATE_TIMESTAMP,UPDATE_TIMESTAMP,CURRENT_PROD_LOT,FEATURE_ID,FEATURE_TYPE,CURRENT_KD_LOT) VALUES ('PA OFF                          ','1PA1D6001       ','Paint Off                                                                                                                       ',2,'HCM             ','FRAME1          ','PA1             ','PA1                             ','                                ','                                ','PBS             ','PBS                             ','                ',0,1,0,1,{ts '2018-01-09 15:34:33.977896'},{ts '2018-01-10 12:40:22.215808'},null,null,null,null);

INSERT INTO "GALADM"."GAL253TBX" (CLIENT_ID,ALIAS_NAME,DEVICE_TYPE,DEVICE_DESCRIPTION,EIF_IP_ADDRESS,EIF_PORT,IO_PROCESS_POINT_ID,DIVISION_ID,REPLY_CLIENT_ID,CREATE_TIMESTAMP,UPDATE_TIMESTAMP) VALUES ('1AF1D1202_VIN                   ','                                                                ',6,'GSmurf Build Result                                                                                                             ','',0,'1AF1D1202       ','AF1             ','1AF1D1202_CMP                   ',{ts '2018-01-02 12:24:17.970291'},{ts '2018-06-06 14:42:44.154796'});

INSERT INTO "GALADM"."GAL257TBX" (CLIENT_ID,TAG,SEQUENCE_NUMBER,"OFFSET",LENGTH,TAG_TYPE,TAG_VALUE,TAG_NAME,DATA_TYPE,CREATE_TIMESTAMP,UPDATE_TIMESTAMP) VALUES ('1AF1D1202_CMP                   ','DATA_COLLECTION_COMPLETE                                                                                                        ',1,0,0,2,'DATA_COLLECTION_COMPLETE','',0,{ts '2018-01-02 13:47:56.844523'},null);
INSERT INTO "GALADM"."GAL257TBX" (CLIENT_ID,TAG,SEQUENCE_NUMBER,"OFFSET",LENGTH,TAG_TYPE,TAG_VALUE,TAG_NAME,DATA_TYPE,CREATE_TIMESTAMP,UPDATE_TIMESTAMP) VALUES ('1AF1D1202_VIN                   ','ANGLE1                                                                                                                          ',6,0,0,2,'EG_ANGLE1','',3,{ts '2018-01-02 12:36:12.000534'},{ts '2018-12-12 09:41:45.561329'});
INSERT INTO "GALADM"."GAL257TBX" (CLIENT_ID,TAG,SEQUENCE_NUMBER,"OFFSET",LENGTH,TAG_TYPE,TAG_VALUE,TAG_NAME,DATA_TYPE,CREATE_TIMESTAMP,UPDATE_TIMESTAMP) VALUES ('1AF1D1202_VIN                   ','ANGLE2                                                                                                                          ',12,0,0,2,'EG_ANGLE3','',3,{ts '2018-01-02 12:39:03.382408'},{ts '2018-12-12 09:41:45.561399'});
INSERT INTO "GALADM"."GAL257TBX" (CLIENT_ID,TAG,SEQUENCE_NUMBER,"OFFSET",LENGTH,TAG_TYPE,TAG_VALUE,TAG_NAME,DATA_TYPE,CREATE_TIMESTAMP,UPDATE_TIMESTAMP) VALUES ('1AF1D1202_VIN                   ','PRODUCT_ID                                                                                                                      ',1,0,0,2,'PRODUCT_ID','',4,{ts '2018-01-02 12:42:06.693741'},{ts '2018-12-12 09:41:45.561234'});
INSERT INTO "GALADM"."GAL257TBX" (CLIENT_ID,TAG,SEQUENCE_NUMBER,"OFFSET",LENGTH,TAG_TYPE,TAG_VALUE,TAG_NAME,DATA_TYPE,CREATE_TIMESTAMP,UPDATE_TIMESTAMP) VALUES ('1AF1D1202_VIN                   ','RESULT1                                                                                                                         ',7,0,0,2,'EG_RESULT1','',0,{ts '2018-01-02 12:42:06.693752'},{ts '2018-12-12 09:41:45.561341'});
INSERT INTO "GALADM"."GAL257TBX" (CLIENT_ID,TAG,SEQUENCE_NUMBER,"OFFSET",LENGTH,TAG_TYPE,TAG_VALUE,TAG_NAME,DATA_TYPE,CREATE_TIMESTAMP,UPDATE_TIMESTAMP) VALUES ('1AF1D1202_VIN                   ','RESULT2                                                                                                                         ',13,0,0,2,'EG_RESULT3','',0,{ts '2018-01-12 08:59:39.072948'},{ts '2018-12-12 09:41:45.561414'});
INSERT INTO "GALADM"."GAL257TBX" (CLIENT_ID,TAG,SEQUENCE_NUMBER,"OFFSET",LENGTH,TAG_TYPE,TAG_VALUE,TAG_NAME,DATA_TYPE,CREATE_TIMESTAMP,UPDATE_TIMESTAMP) VALUES ('1AF1D1202_VIN                   ','SN1                                                                                                                             ',2,0,0,2,'SN1','',4,{ts '2018-01-02 12:36:11.987518'},{ts '2018-12-12 09:41:45.561281'});
INSERT INTO "GALADM"."GAL257TBX" (CLIENT_ID,TAG,SEQUENCE_NUMBER,"OFFSET",LENGTH,TAG_TYPE,TAG_VALUE,TAG_NAME,DATA_TYPE,CREATE_TIMESTAMP,UPDATE_TIMESTAMP) VALUES ('1AF1D1202_VIN                   ','SN2                                                                                                                             ',3,0,0,2,'SN2','',4,{ts '2018-01-02 12:42:38.479396'},{ts '2018-12-12 09:41:45.561295'});
INSERT INTO "GALADM"."GAL257TBX" (CLIENT_ID,TAG,SEQUENCE_NUMBER,"OFFSET",LENGTH,TAG_TYPE,TAG_VALUE,TAG_NAME,DATA_TYPE,CREATE_TIMESTAMP,UPDATE_TIMESTAMP) VALUES ('1AF1D1202_VIN                   ','STATUS2                                                                                                                         ',4,0,0,2,null,'',0,{ts '2018-01-12 08:59:39.073010'},{ts '2018-12-12 09:41:45.561306'});
INSERT INTO "GALADM"."GAL257TBX" (CLIENT_ID,TAG,SEQUENCE_NUMBER,"OFFSET",LENGTH,TAG_TYPE,TAG_VALUE,TAG_NAME,DATA_TYPE,CREATE_TIMESTAMP,UPDATE_TIMESTAMP) VALUES ('1AF1D1202_VIN                   ','VALUE1                                                                                                                          ',5,0,0,2,'EG_VALUE1','',3,{ts '2018-01-02 12:36:12.000547'},{ts '2018-12-12 09:41:45.561318'});
INSERT INTO "GALADM"."GAL257TBX" (CLIENT_ID,TAG,SEQUENCE_NUMBER,"OFFSET",LENGTH,TAG_TYPE,TAG_VALUE,TAG_NAME,DATA_TYPE,CREATE_TIMESTAMP,UPDATE_TIMESTAMP) VALUES ('1AF1D1202_VIN                   ','VALUE2                                                                                                                          ',11,0,0,2,'EG_VALUE3','',3,{ts '2018-01-02 12:39:03.382352'},{ts '2018-12-12 09:41:45.561388'});
INSERT INTO "GALADM"."GAL257TBX" (CLIENT_ID,TAG,SEQUENCE_NUMBER,"OFFSET",LENGTH,TAG_TYPE,TAG_VALUE,TAG_NAME,DATA_TYPE,CREATE_TIMESTAMP,UPDATE_TIMESTAMP) VALUES ('1AF1D1202_VIN                   ','MNAME1                                                                                                                          ',8,0,0,2,'EG_MNAME1','',4,{ts '2018-01-02 12:36:11.987441'},{ts '2018-12-12 09:41:45.561352'});
INSERT INTO "GALADM"."GAL257TBX" (CLIENT_ID,TAG,SEQUENCE_NUMBER,"OFFSET",LENGTH,TAG_TYPE,TAG_VALUE,TAG_NAME,DATA_TYPE,CREATE_TIMESTAMP,UPDATE_TIMESTAMP) VALUES ('1AF1D1202_VIN                   ','STRING_VALUE1                                                                                                                   ',10,0,0,2,'EG_STRING_VALUE1','',4,{ts '2018-01-02 12:36:11.987506'},{ts '2018-12-12 09:41:45.561376'});
INSERT INTO "GALADM"."GAL257TBX" (CLIENT_ID,TAG,SEQUENCE_NUMBER,"OFFSET",LENGTH,TAG_TYPE,TAG_VALUE,TAG_NAME,DATA_TYPE,CREATE_TIMESTAMP,UPDATE_TIMESTAMP) VALUES ('1AF1D1202_VIN                   ','MNAME2                                                                                                                          ',14,0,0,2,'EG_MNAME3','',4,{ts '2018-01-12 09:00:39.000359'},{ts '2018-12-12 09:41:45.561425'});
INSERT INTO "GALADM"."GAL257TBX" (CLIENT_ID,TAG,SEQUENCE_NUMBER,"OFFSET",LENGTH,TAG_TYPE,TAG_VALUE,TAG_NAME,DATA_TYPE,CREATE_TIMESTAMP,UPDATE_TIMESTAMP) VALUES ('1AF1D1202_VIN                   ','STRING_VALUE2                                                                                                                   ',16,0,0,2,'EG_STRING_VALUE3','',4,{ts '2018-01-02 12:36:11.987533'},{ts '2018-12-12 09:41:45.561447'});
INSERT INTO "GALADM"."GAL257TBX" (CLIENT_ID,TAG,SEQUENCE_NUMBER,"OFFSET",LENGTH,TAG_TYPE,TAG_VALUE,TAG_NAME,DATA_TYPE,CREATE_TIMESTAMP,UPDATE_TIMESTAMP) VALUES ('1AF1D1202_VIN                   ','VALUE3                                                                                                                          ',17,0,0,2,'EG_VALUE7','',3,{ts '2018-01-15 15:16:48.095378'},{ts '2018-12-12 09:41:45.561458'});
INSERT INTO "GALADM"."GAL257TBX" (CLIENT_ID,TAG,SEQUENCE_NUMBER,"OFFSET",LENGTH,TAG_TYPE,TAG_VALUE,TAG_NAME,DATA_TYPE,CREATE_TIMESTAMP,UPDATE_TIMESTAMP) VALUES ('1AF1D1202_VIN                   ','ANGLE3                                                                                                                          ',18,0,0,2,'EG_ANGLE7','',3,{ts '2018-01-15 15:16:48.096718'},{ts '2018-12-12 09:41:45.561472'});
INSERT INTO "GALADM"."GAL257TBX" (CLIENT_ID,TAG,SEQUENCE_NUMBER,"OFFSET",LENGTH,TAG_TYPE,TAG_VALUE,TAG_NAME,DATA_TYPE,CREATE_TIMESTAMP,UPDATE_TIMESTAMP) VALUES ('1AF1D1202_VIN                   ','RESULT3                                                                                                                         ',19,0,0,2,'EG_RESULT7','',0,{ts '2018-01-15 15:16:48.098074'},{ts '2018-12-12 09:41:45.561483'});
INSERT INTO "GALADM"."GAL257TBX" (CLIENT_ID,TAG,SEQUENCE_NUMBER,"OFFSET",LENGTH,TAG_TYPE,TAG_VALUE,TAG_NAME,DATA_TYPE,CREATE_TIMESTAMP,UPDATE_TIMESTAMP) VALUES ('1AF1D1202_VIN                   ','MNAME3                                                                                                                          ',20,0,0,2,'EG_MNAME7','',4,{ts '2018-01-15 15:16:48.099274'},{ts '2018-12-12 09:41:45.561494'});
INSERT INTO "GALADM"."GAL257TBX" (CLIENT_ID,TAG,SEQUENCE_NUMBER,"OFFSET",LENGTH,TAG_TYPE,TAG_VALUE,TAG_NAME,DATA_TYPE,CREATE_TIMESTAMP,UPDATE_TIMESTAMP) VALUES ('1AF1D1202_VIN                   ','STRING_VALUE3                                                                                                                   ',21,0,0,2,'EG_STRING_VALUE7','',4,{ts '2018-01-15 15:16:48.100219'},{ts '2018-12-12 09:41:45.561505'});
INSERT INTO "GALADM"."GAL257TBX" (CLIENT_ID,TAG,SEQUENCE_NUMBER,"OFFSET",LENGTH,TAG_TYPE,TAG_VALUE,TAG_NAME,DATA_TYPE,CREATE_TIMESTAMP,UPDATE_TIMESTAMP) VALUES ('1AF1D1202_VIN                   ','VALUE4                                                                                                                          ',23,0,0,2,'EG_VALUE5','',3,{ts '2018-01-15 15:16:48.102265'},{ts '2018-12-12 09:41:45.561528'});
INSERT INTO "GALADM"."GAL257TBX" (CLIENT_ID,TAG,SEQUENCE_NUMBER,"OFFSET",LENGTH,TAG_TYPE,TAG_VALUE,TAG_NAME,DATA_TYPE,CREATE_TIMESTAMP,UPDATE_TIMESTAMP) VALUES ('1AF1D1202_VIN                   ','ANGLE4                                                                                                                          ',24,0,0,2,'EG_ANGLE5','',3,{ts '2018-01-15 15:16:48.103317'},{ts '2018-12-12 09:41:45.561539'});
INSERT INTO "GALADM"."GAL257TBX" (CLIENT_ID,TAG,SEQUENCE_NUMBER,"OFFSET",LENGTH,TAG_TYPE,TAG_VALUE,TAG_NAME,DATA_TYPE,CREATE_TIMESTAMP,UPDATE_TIMESTAMP) VALUES ('1AF1D1202_VIN                   ','RESULT4                                                                                                                         ',25,0,0,2,'EG_RESULT5','',0,{ts '2018-01-15 15:16:48.104625'},{ts '2018-12-12 09:41:45.561551'});
INSERT INTO "GALADM"."GAL257TBX" (CLIENT_ID,TAG,SEQUENCE_NUMBER,"OFFSET",LENGTH,TAG_TYPE,TAG_VALUE,TAG_NAME,DATA_TYPE,CREATE_TIMESTAMP,UPDATE_TIMESTAMP) VALUES ('1AF1D1202_VIN                   ','MNAME4                                                                                                                          ',26,0,0,2,'EG_MNAME5','',4,{ts '2018-01-15 15:16:48.106574'},{ts '2018-12-12 09:41:45.561564'});
INSERT INTO "GALADM"."GAL257TBX" (CLIENT_ID,TAG,SEQUENCE_NUMBER,"OFFSET",LENGTH,TAG_TYPE,TAG_VALUE,TAG_NAME,DATA_TYPE,CREATE_TIMESTAMP,UPDATE_TIMESTAMP) VALUES ('1AF1D1202_VIN                   ','STRING_VALUE4                                                                                                                   ',27,0,0,2,'EG_STRING_VALUE5','',4,{ts '2018-01-15 15:16:48.107586'},{ts '2018-12-12 09:41:45.561575'});
INSERT INTO "GALADM"."GAL257TBX" (CLIENT_ID,TAG,SEQUENCE_NUMBER,"OFFSET",LENGTH,TAG_TYPE,TAG_VALUE,TAG_NAME,DATA_TYPE,CREATE_TIMESTAMP,UPDATE_TIMESTAMP) VALUES ('1AF1D1202_VIN                   ','VALUE5                                                                                                                          ',29,0,0,2,'EG_VALUE2','',3,{ts '2018-01-15 15:16:48.110336'},{ts '2018-12-12 09:41:45.561598'});
INSERT INTO "GALADM"."GAL257TBX" (CLIENT_ID,TAG,SEQUENCE_NUMBER,"OFFSET",LENGTH,TAG_TYPE,TAG_VALUE,TAG_NAME,DATA_TYPE,CREATE_TIMESTAMP,UPDATE_TIMESTAMP) VALUES ('1AF1D1202_VIN                   ','ANGLE5                                                                                                                          ',30,0,0,2,'EG_ANGLE2','',3,{ts '2018-01-15 15:16:48.111283'},{ts '2018-12-12 09:41:45.561609'});
INSERT INTO "GALADM"."GAL257TBX" (CLIENT_ID,TAG,SEQUENCE_NUMBER,"OFFSET",LENGTH,TAG_TYPE,TAG_VALUE,TAG_NAME,DATA_TYPE,CREATE_TIMESTAMP,UPDATE_TIMESTAMP) VALUES ('1AF1D1202_VIN                   ','RESULT5                                                                                                                         ',31,0,0,2,'EG_RESULT2','',0,{ts '2018-01-15 15:16:48.112338'},{ts '2018-12-12 09:41:45.561620'});
INSERT INTO "GALADM"."GAL257TBX" (CLIENT_ID,TAG,SEQUENCE_NUMBER,"OFFSET",LENGTH,TAG_TYPE,TAG_VALUE,TAG_NAME,DATA_TYPE,CREATE_TIMESTAMP,UPDATE_TIMESTAMP) VALUES ('1AF1D1202_VIN                   ','MNAME5                                                                                                                          ',32,0,0,2,'EG_MNAME2','',4,{ts '2018-01-15 15:16:48.113336'},{ts '2018-12-12 09:41:45.561631'});
INSERT INTO "GALADM"."GAL257TBX" (CLIENT_ID,TAG,SEQUENCE_NUMBER,"OFFSET",LENGTH,TAG_TYPE,TAG_VALUE,TAG_NAME,DATA_TYPE,CREATE_TIMESTAMP,UPDATE_TIMESTAMP) VALUES ('1AF1D1202_VIN                   ','STRING_VALUE5                                                                                                                   ',33,0,0,2,'EG_STRING_VALUE2','',4,{ts '2018-01-15 15:16:48.114683'},{ts '2018-12-12 09:41:45.561643'});
INSERT INTO "GALADM"."GAL257TBX" (CLIENT_ID,TAG,SEQUENCE_NUMBER,"OFFSET",LENGTH,TAG_TYPE,TAG_VALUE,TAG_NAME,DATA_TYPE,CREATE_TIMESTAMP,UPDATE_TIMESTAMP) VALUES ('1AF1D1202_VIN                   ','VALUE6                                                                                                                          ',35,0,0,2,'EG_VALUE4','',3,{ts '2018-01-15 15:16:48.117350'},{ts '2018-12-12 09:41:45.561667'});
INSERT INTO "GALADM"."GAL257TBX" (CLIENT_ID,TAG,SEQUENCE_NUMBER,"OFFSET",LENGTH,TAG_TYPE,TAG_VALUE,TAG_NAME,DATA_TYPE,CREATE_TIMESTAMP,UPDATE_TIMESTAMP) VALUES ('1AF1D1202_VIN                   ','ANGLE6                                                                                                                          ',36,0,0,2,'EG_ANGLE4','',3,{ts '2018-01-15 15:16:48.118703'},{ts '2018-12-12 09:41:45.561688'});
INSERT INTO "GALADM"."GAL257TBX" (CLIENT_ID,TAG,SEQUENCE_NUMBER,"OFFSET",LENGTH,TAG_TYPE,TAG_VALUE,TAG_NAME,DATA_TYPE,CREATE_TIMESTAMP,UPDATE_TIMESTAMP) VALUES ('1AF1D1202_VIN                   ','RESULT6                                                                                                                         ',37,0,0,2,'EG_RESULT4','',0,{ts '2018-01-15 15:16:48.120000'},{ts '2018-12-12 09:41:45.561699'});
INSERT INTO "GALADM"."GAL257TBX" (CLIENT_ID,TAG,SEQUENCE_NUMBER,"OFFSET",LENGTH,TAG_TYPE,TAG_VALUE,TAG_NAME,DATA_TYPE,CREATE_TIMESTAMP,UPDATE_TIMESTAMP) VALUES ('1AF1D1202_VIN                   ','MNAME6                                                                                                                          ',38,0,0,2,'EG_MNAME4','',4,{ts '2018-01-15 15:16:48.120940'},{ts '2018-12-12 09:41:45.561710'});
INSERT INTO "GALADM"."GAL257TBX" (CLIENT_ID,TAG,SEQUENCE_NUMBER,"OFFSET",LENGTH,TAG_TYPE,TAG_VALUE,TAG_NAME,DATA_TYPE,CREATE_TIMESTAMP,UPDATE_TIMESTAMP) VALUES ('1AF1D1202_VIN                   ','STRING_VALUE6                                                                                                                   ',39,0,0,2,'EG_STRING_VALUE4','',4,{ts '2018-01-15 15:16:48.122104'},{ts '2018-12-12 09:41:45.561721'});
INSERT INTO "GALADM"."GAL257TBX" (CLIENT_ID,TAG,SEQUENCE_NUMBER,"OFFSET",LENGTH,TAG_TYPE,TAG_VALUE,TAG_NAME,DATA_TYPE,CREATE_TIMESTAMP,UPDATE_TIMESTAMP) VALUES ('1AF1D1202_VIN                   ','VALUE7                                                                                                                          ',41,0,0,2,'EG_VALUE8','',3,{ts '2018-01-15 15:16:48.124210'},{ts '2018-12-12 09:41:45.561743'});
INSERT INTO "GALADM"."GAL257TBX" (CLIENT_ID,TAG,SEQUENCE_NUMBER,"OFFSET",LENGTH,TAG_TYPE,TAG_VALUE,TAG_NAME,DATA_TYPE,CREATE_TIMESTAMP,UPDATE_TIMESTAMP) VALUES ('1AF1D1202_VIN                   ','ANGLE7                                                                                                                          ',42,0,0,2,'EG_ANGLE8','',3,{ts '2018-01-15 15:16:48.125113'},{ts '2018-12-12 09:41:45.561756'});
INSERT INTO "GALADM"."GAL257TBX" (CLIENT_ID,TAG,SEQUENCE_NUMBER,"OFFSET",LENGTH,TAG_TYPE,TAG_VALUE,TAG_NAME,DATA_TYPE,CREATE_TIMESTAMP,UPDATE_TIMESTAMP) VALUES ('1AF1D1202_VIN                   ','RESULT7                                                                                                                         ',43,0,0,2,'EG_RESULT8','',0,{ts '2018-01-15 15:16:48.126203'},{ts '2018-12-12 09:41:45.561769'});
INSERT INTO "GALADM"."GAL257TBX" (CLIENT_ID,TAG,SEQUENCE_NUMBER,"OFFSET",LENGTH,TAG_TYPE,TAG_VALUE,TAG_NAME,DATA_TYPE,CREATE_TIMESTAMP,UPDATE_TIMESTAMP) VALUES ('1AF1D1202_VIN                   ','MNAME7                                                                                                                          ',44,0,0,2,'EG_MNAME8','',4,{ts '2018-01-15 15:16:48.127259'},{ts '2018-12-12 09:41:45.561780'});
INSERT INTO "GALADM"."GAL257TBX" (CLIENT_ID,TAG,SEQUENCE_NUMBER,"OFFSET",LENGTH,TAG_TYPE,TAG_VALUE,TAG_NAME,DATA_TYPE,CREATE_TIMESTAMP,UPDATE_TIMESTAMP) VALUES ('1AF1D1202_VIN                   ','STRING_VALUE7                                                                                                                   ',45,0,0,2,'EG_STRING_VALUE8','',4,{ts '2018-01-15 15:16:48.128264'},{ts '2018-12-12 09:41:45.561791'});
INSERT INTO "GALADM"."GAL257TBX" (CLIENT_ID,TAG,SEQUENCE_NUMBER,"OFFSET",LENGTH,TAG_TYPE,TAG_VALUE,TAG_NAME,DATA_TYPE,CREATE_TIMESTAMP,UPDATE_TIMESTAMP) VALUES ('1AF1D1202_VIN                   ','VALUE8                                                                                                                          ',47,0,0,2,'EG_VALUE6','',3,{ts '2018-01-15 15:16:48.130213'},{ts '2018-12-12 09:41:45.561813'});
INSERT INTO "GALADM"."GAL257TBX" (CLIENT_ID,TAG,SEQUENCE_NUMBER,"OFFSET",LENGTH,TAG_TYPE,TAG_VALUE,TAG_NAME,DATA_TYPE,CREATE_TIMESTAMP,UPDATE_TIMESTAMP) VALUES ('1AF1D1202_VIN                   ','ANGLE8                                                                                                                          ',48,0,0,2,'EG_ANGLE6','',3,{ts '2018-01-15 15:16:48.131273'},{ts '2018-12-12 09:41:45.561824'});
INSERT INTO "GALADM"."GAL257TBX" (CLIENT_ID,TAG,SEQUENCE_NUMBER,"OFFSET",LENGTH,TAG_TYPE,TAG_VALUE,TAG_NAME,DATA_TYPE,CREATE_TIMESTAMP,UPDATE_TIMESTAMP) VALUES ('1AF1D1202_VIN                   ','RESULT8                                                                                                                         ',49,0,0,2,'EG_RESULT6','',0,{ts '2018-01-15 15:16:48.132224'},{ts '2018-12-12 09:41:45.561835'});
INSERT INTO "GALADM"."GAL257TBX" (CLIENT_ID,TAG,SEQUENCE_NUMBER,"OFFSET",LENGTH,TAG_TYPE,TAG_VALUE,TAG_NAME,DATA_TYPE,CREATE_TIMESTAMP,UPDATE_TIMESTAMP) VALUES ('1AF1D1202_VIN                   ','MNAME8                                                                                                                          ',50,0,0,2,'EG_MNAME6','',4,{ts '2018-01-15 15:16:48.133364'},{ts '2018-12-12 09:41:45.561851'});
INSERT INTO "GALADM"."GAL257TBX" (CLIENT_ID,TAG,SEQUENCE_NUMBER,"OFFSET",LENGTH,TAG_TYPE,TAG_VALUE,TAG_NAME,DATA_TYPE,CREATE_TIMESTAMP,UPDATE_TIMESTAMP) VALUES ('1AF1D1202_VIN                   ','STRING_VALUE8                                                                                                                   ',51,0,0,2,'EG_STRING_VALUE6','',4,{ts '2018-01-15 15:16:48.134525'},{ts '2018-12-12 09:41:45.561862'});
INSERT INTO "GALADM"."GAL257TBX" (CLIENT_ID,TAG,SEQUENCE_NUMBER,"OFFSET",LENGTH,TAG_TYPE,TAG_VALUE,TAG_NAME,DATA_TYPE,CREATE_TIMESTAMP,UPDATE_TIMESTAMP) VALUES ('1AF1D1202_VIN                   ','VALUE9                                                                                                                          ',53,0,0,2,'EG_VALUE9','',3,{ts '2018-01-15 15:16:48.136628'},{ts '2018-12-12 09:41:45.561884'});
INSERT INTO "GALADM"."GAL257TBX" (CLIENT_ID,TAG,SEQUENCE_NUMBER,"OFFSET",LENGTH,TAG_TYPE,TAG_VALUE,TAG_NAME,DATA_TYPE,CREATE_TIMESTAMP,UPDATE_TIMESTAMP) VALUES ('1AF1D1202_VIN                   ','ANGLE9                                                                                                                          ',54,0,0,2,'EG_ANGLE9','',3,{ts '2018-01-15 15:16:48.137682'},{ts '2018-12-12 09:41:45.561894'});
INSERT INTO "GALADM"."GAL257TBX" (CLIENT_ID,TAG,SEQUENCE_NUMBER,"OFFSET",LENGTH,TAG_TYPE,TAG_VALUE,TAG_NAME,DATA_TYPE,CREATE_TIMESTAMP,UPDATE_TIMESTAMP) VALUES ('1AF1D1202_VIN                   ','RESULT9                                                                                                                         ',55,0,0,2,'EG_RESULT9','',0,{ts '2018-01-15 15:16:48.139030'},{ts '2018-12-12 09:41:45.561906'});
INSERT INTO "GALADM"."GAL257TBX" (CLIENT_ID,TAG,SEQUENCE_NUMBER,"OFFSET",LENGTH,TAG_TYPE,TAG_VALUE,TAG_NAME,DATA_TYPE,CREATE_TIMESTAMP,UPDATE_TIMESTAMP) VALUES ('1AF1D1202_VIN                   ','MNAME9                                                                                                                          ',56,0,0,2,'EG_MNAME9','',4,{ts '2018-01-15 15:16:48.140232'},{ts '2018-12-12 09:41:45.561916'});
INSERT INTO "GALADM"."GAL257TBX" (CLIENT_ID,TAG,SEQUENCE_NUMBER,"OFFSET",LENGTH,TAG_TYPE,TAG_VALUE,TAG_NAME,DATA_TYPE,CREATE_TIMESTAMP,UPDATE_TIMESTAMP) VALUES ('1AF1D1202_VIN                   ','STRING_VALUE9                                                                                                                   ',57,0,0,2,'EG_STRING_VALUE9','',4,{ts '2018-01-15 15:16:48.141322'},{ts '2018-12-12 09:41:45.561927'});
INSERT INTO "GALADM"."GAL257TBX" (CLIENT_ID,TAG,SEQUENCE_NUMBER,"OFFSET",LENGTH,TAG_TYPE,TAG_VALUE,TAG_NAME,DATA_TYPE,CREATE_TIMESTAMP,UPDATE_TIMESTAMP) VALUES ('1AF1D1202_VIN                   ','VALUE10                                                                                                                         ',59,0,0,2,'EG_VALUE11','',3,{ts '2018-01-15 15:16:48.143737'},{ts '2018-12-12 09:41:45.561951'});
INSERT INTO "GALADM"."GAL257TBX" (CLIENT_ID,TAG,SEQUENCE_NUMBER,"OFFSET",LENGTH,TAG_TYPE,TAG_VALUE,TAG_NAME,DATA_TYPE,CREATE_TIMESTAMP,UPDATE_TIMESTAMP) VALUES ('1AF1D1202_VIN                   ','ANGLE10                                                                                                                         ',60,0,0,2,'EG_ANGLE11','',3,{ts '2018-01-15 15:16:48.145047'},{ts '2018-12-12 09:41:45.561962'});
INSERT INTO "GALADM"."GAL257TBX" (CLIENT_ID,TAG,SEQUENCE_NUMBER,"OFFSET",LENGTH,TAG_TYPE,TAG_VALUE,TAG_NAME,DATA_TYPE,CREATE_TIMESTAMP,UPDATE_TIMESTAMP) VALUES ('1AF1D1202_VIN                   ','RESULT10                                                                                                                        ',61,0,0,2,'EG_RESULT11','',0,{ts '2018-01-15 15:16:48.146246'},{ts '2018-12-12 09:41:45.561973'});
INSERT INTO "GALADM"."GAL257TBX" (CLIENT_ID,TAG,SEQUENCE_NUMBER,"OFFSET",LENGTH,TAG_TYPE,TAG_VALUE,TAG_NAME,DATA_TYPE,CREATE_TIMESTAMP,UPDATE_TIMESTAMP) VALUES ('1AF1D1202_VIN                   ','MNAME10                                                                                                                         ',62,0,0,2,'EG_MNAME11','',4,{ts '2018-01-15 15:16:48.147249'},{ts '2018-12-12 09:41:45.561984'});
INSERT INTO "GALADM"."GAL257TBX" (CLIENT_ID,TAG,SEQUENCE_NUMBER,"OFFSET",LENGTH,TAG_TYPE,TAG_VALUE,TAG_NAME,DATA_TYPE,CREATE_TIMESTAMP,UPDATE_TIMESTAMP) VALUES ('1AF1D1202_VIN                   ','STRING_VALUE10                                                                                                                  ',63,0,0,2,'EG_STRING_VALUE11','',4,{ts '2018-01-15 15:16:48.148100'},{ts '2018-12-12 09:41:45.561995'});
INSERT INTO "GALADM"."GAL257TBX" (CLIENT_ID,TAG,SEQUENCE_NUMBER,"OFFSET",LENGTH,TAG_TYPE,TAG_VALUE,TAG_NAME,DATA_TYPE,CREATE_TIMESTAMP,UPDATE_TIMESTAMP) VALUES ('1AF1D1202_VIN                   ','METHOD15                                                                                                                        ',94,0,0,2,'EG_METHOD12','',2,{ts '2018-02-26 13:17:15.962529'},{ts '2018-12-12 09:41:45.562350'});
INSERT INTO "GALADM"."GAL257TBX" (CLIENT_ID,TAG,SEQUENCE_NUMBER,"OFFSET",LENGTH,TAG_TYPE,TAG_VALUE,TAG_NAME,DATA_TYPE,CREATE_TIMESTAMP,UPDATE_TIMESTAMP) VALUES ('1AF1D1202_VIN                   ','VALUE11                                                                                                                         ',65,0,0,2,'EG_VALUE17','',3,{ts '2018-01-15 15:16:48.150095'},{ts '2018-12-12 09:41:45.562017'});
INSERT INTO "GALADM"."GAL257TBX" (CLIENT_ID,TAG,SEQUENCE_NUMBER,"OFFSET",LENGTH,TAG_TYPE,TAG_VALUE,TAG_NAME,DATA_TYPE,CREATE_TIMESTAMP,UPDATE_TIMESTAMP) VALUES ('1AF1D1202_VIN                   ','ANGLE11                                                                                                                         ',66,0,0,2,'EG_ANGLE17','',3,{ts '2018-01-15 15:16:48.151203'},{ts '2018-12-12 09:41:45.562030'});
INSERT INTO "GALADM"."GAL257TBX" (CLIENT_ID,TAG,SEQUENCE_NUMBER,"OFFSET",LENGTH,TAG_TYPE,TAG_VALUE,TAG_NAME,DATA_TYPE,CREATE_TIMESTAMP,UPDATE_TIMESTAMP) VALUES ('1AF1D1202_VIN                   ','RESULT11                                                                                                                        ',67,0,0,2,'EG_RESULT17','',0,{ts '2018-01-15 15:16:48.152262'},{ts '2018-12-12 09:41:45.562041'});
INSERT INTO "GALADM"."GAL257TBX" (CLIENT_ID,TAG,SEQUENCE_NUMBER,"OFFSET",LENGTH,TAG_TYPE,TAG_VALUE,TAG_NAME,DATA_TYPE,CREATE_TIMESTAMP,UPDATE_TIMESTAMP) VALUES ('1AF1D1202_VIN                   ','MNAME11                                                                                                                         ',68,0,0,2,'EG_MNAME17','',4,{ts '2018-01-15 15:16:48.153208'},{ts '2018-12-12 09:41:45.562052'});
INSERT INTO "GALADM"."GAL257TBX" (CLIENT_ID,TAG,SEQUENCE_NUMBER,"OFFSET",LENGTH,TAG_TYPE,TAG_VALUE,TAG_NAME,DATA_TYPE,CREATE_TIMESTAMP,UPDATE_TIMESTAMP) VALUES ('1AF1D1202_VIN                   ','STRING_VALUE11                                                                                                                  ',69,0,0,2,'EG_STRING_VALUE17','',4,{ts '2018-01-15 15:16:48.154206'},{ts '2018-12-12 09:41:45.562063'});
INSERT INTO "GALADM"."GAL257TBX" (CLIENT_ID,TAG,SEQUENCE_NUMBER,"OFFSET",LENGTH,TAG_TYPE,TAG_VALUE,TAG_NAME,DATA_TYPE,CREATE_TIMESTAMP,UPDATE_TIMESTAMP) VALUES ('1AF1D1202_VIN                   ','METHOD16                                                                                                                        ',100,0,0,2,'EG_METHOD18','',2,{ts '2018-02-26 13:17:15.962550'},{ts '2018-12-12 09:41:45.562425'});
INSERT INTO "GALADM"."GAL257TBX" (CLIENT_ID,TAG,SEQUENCE_NUMBER,"OFFSET",LENGTH,TAG_TYPE,TAG_VALUE,TAG_NAME,DATA_TYPE,CREATE_TIMESTAMP,UPDATE_TIMESTAMP) VALUES ('1AF1D1202_VIN                   ','VALUE12                                                                                                                         ',71,0,0,2,'EG_VALUE15','',3,{ts '2018-01-15 15:16:48.156259'},{ts '2018-12-12 09:41:45.562085'});
INSERT INTO "GALADM"."GAL257TBX" (CLIENT_ID,TAG,SEQUENCE_NUMBER,"OFFSET",LENGTH,TAG_TYPE,TAG_VALUE,TAG_NAME,DATA_TYPE,CREATE_TIMESTAMP,UPDATE_TIMESTAMP) VALUES ('1AF1D1202_VIN                   ','ANGLE12                                                                                                                         ',72,0,0,2,'EG_ANGLE15','',3,{ts '2018-01-15 15:16:48.157379'},{ts '2018-12-12 09:41:45.562096'});
INSERT INTO "GALADM"."GAL257TBX" (CLIENT_ID,TAG,SEQUENCE_NUMBER,"OFFSET",LENGTH,TAG_TYPE,TAG_VALUE,TAG_NAME,DATA_TYPE,CREATE_TIMESTAMP,UPDATE_TIMESTAMP) VALUES ('1AF1D1202_VIN                   ','RESULT12                                                                                                                        ',73,0,0,2,'EG_RESULT15','',0,{ts '2018-01-15 15:16:48.158723'},{ts '2018-12-12 09:41:45.562107'});
INSERT INTO "GALADM"."GAL257TBX" (CLIENT_ID,TAG,SEQUENCE_NUMBER,"OFFSET",LENGTH,TAG_TYPE,TAG_VALUE,TAG_NAME,DATA_TYPE,CREATE_TIMESTAMP,UPDATE_TIMESTAMP) VALUES ('1AF1D1202_VIN                   ','MNAME12                                                                                                                         ',74,0,0,2,'EG_MNAME15','',4,{ts '2018-01-15 15:16:48.160086'},{ts '2018-12-12 09:41:45.562119'});
INSERT INTO "GALADM"."GAL257TBX" (CLIENT_ID,TAG,SEQUENCE_NUMBER,"OFFSET",LENGTH,TAG_TYPE,TAG_VALUE,TAG_NAME,DATA_TYPE,CREATE_TIMESTAMP,UPDATE_TIMESTAMP) VALUES ('1AF1D1202_VIN                   ','STRING_VALUE12                                                                                                                  ',75,0,0,2,'EG_STRING_VALUE15','',4,{ts '2018-01-15 15:16:48.161236'},{ts '2018-12-12 09:41:45.562131'});
INSERT INTO "GALADM"."GAL257TBX" (CLIENT_ID,TAG,SEQUENCE_NUMBER,"OFFSET",LENGTH,TAG_TYPE,TAG_VALUE,TAG_NAME,DATA_TYPE,CREATE_TIMESTAMP,UPDATE_TIMESTAMP) VALUES ('1AF1D1202_VIN                   ','METHOD17                                                                                                                        ',106,0,0,2,'EG_METHOD16','',2,{ts '2018-02-26 13:17:15.962561'},{ts '2018-12-12 09:41:45.562866'});
INSERT INTO "GALADM"."GAL257TBX" (CLIENT_ID,TAG,SEQUENCE_NUMBER,"OFFSET",LENGTH,TAG_TYPE,TAG_VALUE,TAG_NAME,DATA_TYPE,CREATE_TIMESTAMP,UPDATE_TIMESTAMP) VALUES ('1AF1D1202_VIN                   ','VALUE13                                                                                                                         ',77,0,0,2,'EG_VALUE13','',3,{ts '2018-01-15 15:16:48.163224'},{ts '2018-12-12 09:41:45.562153'});
INSERT INTO "GALADM"."GAL257TBX" (CLIENT_ID,TAG,SEQUENCE_NUMBER,"OFFSET",LENGTH,TAG_TYPE,TAG_VALUE,TAG_NAME,DATA_TYPE,CREATE_TIMESTAMP,UPDATE_TIMESTAMP) VALUES ('1AF1D1202_VIN                   ','ANGLE13                                                                                                                         ',78,0,0,2,'EG_ANGLE13','',3,{ts '2018-01-15 15:16:48.164189'},{ts '2018-12-12 09:41:45.562164'});
INSERT INTO "GALADM"."GAL257TBX" (CLIENT_ID,TAG,SEQUENCE_NUMBER,"OFFSET",LENGTH,TAG_TYPE,TAG_VALUE,TAG_NAME,DATA_TYPE,CREATE_TIMESTAMP,UPDATE_TIMESTAMP) VALUES ('1AF1D1202_VIN                   ','RESULT13                                                                                                                        ',79,0,0,2,'EG_RESULT13','',0,{ts '2018-01-15 15:16:48.165380'},{ts '2018-12-12 09:41:45.562175'});
INSERT INTO "GALADM"."GAL257TBX" (CLIENT_ID,TAG,SEQUENCE_NUMBER,"OFFSET",LENGTH,TAG_TYPE,TAG_VALUE,TAG_NAME,DATA_TYPE,CREATE_TIMESTAMP,UPDATE_TIMESTAMP) VALUES ('1AF1D1202_VIN                   ','MNAME13                                                                                                                         ',80,0,0,2,'EG_MNAME13','',4,{ts '2018-01-15 15:16:48.166684'},{ts '2018-12-12 09:41:45.562186'});
INSERT INTO "GALADM"."GAL257TBX" (CLIENT_ID,TAG,SEQUENCE_NUMBER,"OFFSET",LENGTH,TAG_TYPE,TAG_VALUE,TAG_NAME,DATA_TYPE,CREATE_TIMESTAMP,UPDATE_TIMESTAMP) VALUES ('1AF1D1202_VIN                   ','STRING_VALUE13                                                                                                                  ',81,0,0,2,'EG_STRING_VALUE13','',4,{ts '2018-01-15 15:16:48.168029'},{ts '2018-12-12 09:41:45.562197'});
INSERT INTO "GALADM"."GAL257TBX" (CLIENT_ID,TAG,SEQUENCE_NUMBER,"OFFSET",LENGTH,TAG_TYPE,TAG_VALUE,TAG_NAME,DATA_TYPE,CREATE_TIMESTAMP,UPDATE_TIMESTAMP) VALUES ('1AF1D1202_VIN                   ','VALUE14                                                                                                                         ',83,0,0,2,'EG_VALUE10','',3,{ts '2018-01-15 15:16:48.170790'},{ts '2018-12-12 09:41:45.562226'});
INSERT INTO "GALADM"."GAL257TBX" (CLIENT_ID,TAG,SEQUENCE_NUMBER,"OFFSET",LENGTH,TAG_TYPE,TAG_VALUE,TAG_NAME,DATA_TYPE,CREATE_TIMESTAMP,UPDATE_TIMESTAMP) VALUES ('1AF1D1202_VIN                   ','ANGLE14                                                                                                                         ',84,0,0,2,'EG_ANGLE10','',3,{ts '2018-01-15 15:16:48.171942'},{ts '2018-12-12 09:41:45.562237'});
INSERT INTO "GALADM"."GAL257TBX" (CLIENT_ID,TAG,SEQUENCE_NUMBER,"OFFSET",LENGTH,TAG_TYPE,TAG_VALUE,TAG_NAME,DATA_TYPE,CREATE_TIMESTAMP,UPDATE_TIMESTAMP) VALUES ('1AF1D1202_VIN                   ','RESULT14                                                                                                                        ',85,0,0,2,'EG_RESULT10','',0,{ts '2018-01-15 15:16:48.173245'},{ts '2018-12-12 09:41:45.562247'});
INSERT INTO "GALADM"."GAL257TBX" (CLIENT_ID,TAG,SEQUENCE_NUMBER,"OFFSET",LENGTH,TAG_TYPE,TAG_VALUE,TAG_NAME,DATA_TYPE,CREATE_TIMESTAMP,UPDATE_TIMESTAMP) VALUES ('1AF1D1202_VIN                   ','MNAME14                                                                                                                         ',86,0,0,2,'EG_MNAME10','',4,{ts '2018-01-15 15:16:48.174271'},{ts '2018-12-12 09:41:45.562258'});
INSERT INTO "GALADM"."GAL257TBX" (CLIENT_ID,TAG,SEQUENCE_NUMBER,"OFFSET",LENGTH,TAG_TYPE,TAG_VALUE,TAG_NAME,DATA_TYPE,CREATE_TIMESTAMP,UPDATE_TIMESTAMP) VALUES ('1AF1D1202_VIN                   ','STRING_VALUE14                                                                                                                  ',87,0,0,2,'EG_STRING_VALUE10','',4,{ts '2018-01-15 15:16:48.175193'},{ts '2018-12-12 09:41:45.562269'});
INSERT INTO "GALADM"."GAL257TBX" (CLIENT_ID,TAG,SEQUENCE_NUMBER,"OFFSET",LENGTH,TAG_TYPE,TAG_VALUE,TAG_NAME,DATA_TYPE,CREATE_TIMESTAMP,UPDATE_TIMESTAMP) VALUES ('1AF1D1202_VIN                   ','VALUE15                                                                                                                         ',89,0,0,2,'EG_VALUE12','',3,{ts '2018-01-15 15:16:48.177204'},{ts '2018-12-12 09:41:45.562292'});
INSERT INTO "GALADM"."GAL257TBX" (CLIENT_ID,TAG,SEQUENCE_NUMBER,"OFFSET",LENGTH,TAG_TYPE,TAG_VALUE,TAG_NAME,DATA_TYPE,CREATE_TIMESTAMP,UPDATE_TIMESTAMP) VALUES ('1AF1D1202_VIN                   ','ANGLE15                                                                                                                         ',90,0,0,2,'EG_ANGLE12','',3,{ts '2018-01-15 15:16:48.178267'},{ts '2018-12-12 09:41:45.562306'});
INSERT INTO "GALADM"."GAL257TBX" (CLIENT_ID,TAG,SEQUENCE_NUMBER,"OFFSET",LENGTH,TAG_TYPE,TAG_VALUE,TAG_NAME,DATA_TYPE,CREATE_TIMESTAMP,UPDATE_TIMESTAMP) VALUES ('1AF1D1202_VIN                   ','RESULT15                                                                                                                        ',91,0,0,2,'EG_RESULT12','',0,{ts '2018-01-15 15:16:48.179247'},{ts '2018-12-12 09:41:45.562317'});
INSERT INTO "GALADM"."GAL257TBX" (CLIENT_ID,TAG,SEQUENCE_NUMBER,"OFFSET",LENGTH,TAG_TYPE,TAG_VALUE,TAG_NAME,DATA_TYPE,CREATE_TIMESTAMP,UPDATE_TIMESTAMP) VALUES ('1AF1D1202_VIN                   ','MNAME15                                                                                                                         ',92,0,0,2,'EG_MNAME12','',4,{ts '2018-01-15 15:16:48.180196'},{ts '2018-12-12 09:41:45.562328'});
INSERT INTO "GALADM"."GAL257TBX" (CLIENT_ID,TAG,SEQUENCE_NUMBER,"OFFSET",LENGTH,TAG_TYPE,TAG_VALUE,TAG_NAME,DATA_TYPE,CREATE_TIMESTAMP,UPDATE_TIMESTAMP) VALUES ('1AF1D1202_VIN                   ','STRING_VALUE15                                                                                                                  ',93,0,0,2,'EG_STRING_VALUE12','',4,{ts '2018-01-15 15:16:48.181378'},{ts '2018-12-12 09:41:45.562339'});
INSERT INTO "GALADM"."GAL257TBX" (CLIENT_ID,TAG,SEQUENCE_NUMBER,"OFFSET",LENGTH,TAG_TYPE,TAG_VALUE,TAG_NAME,DATA_TYPE,CREATE_TIMESTAMP,UPDATE_TIMESTAMP) VALUES ('1AF1D1202_VIN                   ','VALUE16                                                                                                                         ',95,0,0,2,'EG_VALUE18','',3,{ts '2018-01-15 15:16:48.184066'},{ts '2018-12-12 09:41:45.562362'});
INSERT INTO "GALADM"."GAL257TBX" (CLIENT_ID,TAG,SEQUENCE_NUMBER,"OFFSET",LENGTH,TAG_TYPE,TAG_VALUE,TAG_NAME,DATA_TYPE,CREATE_TIMESTAMP,UPDATE_TIMESTAMP) VALUES ('1AF1D1202_VIN                   ','ANGLE16                                                                                                                         ',96,0,0,2,'EG_ANGLE18','',3,{ts '2018-01-15 15:16:48.185558'},{ts '2018-12-12 09:41:45.562373'});
INSERT INTO "GALADM"."GAL257TBX" (CLIENT_ID,TAG,SEQUENCE_NUMBER,"OFFSET",LENGTH,TAG_TYPE,TAG_VALUE,TAG_NAME,DATA_TYPE,CREATE_TIMESTAMP,UPDATE_TIMESTAMP) VALUES ('1AF1D1202_VIN                   ','RESULT16                                                                                                                        ',97,0,0,2,'EG_RESULT18','',0,{ts '2018-01-15 15:16:48.186866'},{ts '2018-12-12 09:41:45.562384'});
INSERT INTO "GALADM"."GAL257TBX" (CLIENT_ID,TAG,SEQUENCE_NUMBER,"OFFSET",LENGTH,TAG_TYPE,TAG_VALUE,TAG_NAME,DATA_TYPE,CREATE_TIMESTAMP,UPDATE_TIMESTAMP) VALUES ('1AF1D1202_VIN                   ','MNAME16                                                                                                                         ',98,0,0,2,'EG_MNAME18','',4,{ts '2018-01-15 15:16:48.187769'},{ts '2018-12-12 09:41:45.562397'});
INSERT INTO "GALADM"."GAL257TBX" (CLIENT_ID,TAG,SEQUENCE_NUMBER,"OFFSET",LENGTH,TAG_TYPE,TAG_VALUE,TAG_NAME,DATA_TYPE,CREATE_TIMESTAMP,UPDATE_TIMESTAMP) VALUES ('1AF1D1202_VIN                   ','STRING_VALUE16                                                                                                                  ',99,0,0,2,'EG_STRING_VALUE18','',4,{ts '2018-01-15 15:16:48.189068'},{ts '2018-12-12 09:41:45.562414'});
INSERT INTO "GALADM"."GAL257TBX" (CLIENT_ID,TAG,SEQUENCE_NUMBER,"OFFSET",LENGTH,TAG_TYPE,TAG_VALUE,TAG_NAME,DATA_TYPE,CREATE_TIMESTAMP,UPDATE_TIMESTAMP) VALUES ('1AF1D1202_VIN                   ','VALUE17                                                                                                                         ',101,0,0,2,'EG_VALUE16','',3,{ts '2018-01-15 15:16:48.195281'},{ts '2018-12-12 09:41:45.562805'});
INSERT INTO "GALADM"."GAL257TBX" (CLIENT_ID,TAG,SEQUENCE_NUMBER,"OFFSET",LENGTH,TAG_TYPE,TAG_VALUE,TAG_NAME,DATA_TYPE,CREATE_TIMESTAMP,UPDATE_TIMESTAMP) VALUES ('1AF1D1202_VIN                   ','ANGLE17                                                                                                                         ',102,0,0,2,'EG_ANGLE16','',3,{ts '2018-01-15 15:16:48.197086'},{ts '2018-12-12 09:41:45.562820'});
INSERT INTO "GALADM"."GAL257TBX" (CLIENT_ID,TAG,SEQUENCE_NUMBER,"OFFSET",LENGTH,TAG_TYPE,TAG_VALUE,TAG_NAME,DATA_TYPE,CREATE_TIMESTAMP,UPDATE_TIMESTAMP) VALUES ('1AF1D1202_VIN                   ','RESULT17                                                                                                                        ',103,0,0,2,'EG_RESULT16','',0,{ts '2018-01-15 15:16:48.199006'},{ts '2018-12-12 09:41:45.562831'});
INSERT INTO "GALADM"."GAL257TBX" (CLIENT_ID,TAG,SEQUENCE_NUMBER,"OFFSET",LENGTH,TAG_TYPE,TAG_VALUE,TAG_NAME,DATA_TYPE,CREATE_TIMESTAMP,UPDATE_TIMESTAMP) VALUES ('1AF1D1202_VIN                   ','MNAME17                                                                                                                         ',104,0,0,2,'EG_MNAME16','',4,{ts '2018-01-15 15:16:48.200297'},{ts '2018-12-12 09:41:45.562843'});
INSERT INTO "GALADM"."GAL257TBX" (CLIENT_ID,TAG,SEQUENCE_NUMBER,"OFFSET",LENGTH,TAG_TYPE,TAG_VALUE,TAG_NAME,DATA_TYPE,CREATE_TIMESTAMP,UPDATE_TIMESTAMP) VALUES ('1AF1D1202_VIN                   ','STRING_VALUE17                                                                                                                  ',105,0,0,2,'EG_STRING_VALUE16','',4,{ts '2018-01-15 15:16:48.206884'},{ts '2018-12-12 09:41:45.562853'});
INSERT INTO "GALADM"."GAL257TBX" (CLIENT_ID,TAG,SEQUENCE_NUMBER,"OFFSET",LENGTH,TAG_TYPE,TAG_VALUE,TAG_NAME,DATA_TYPE,CREATE_TIMESTAMP,UPDATE_TIMESTAMP) VALUES ('1AF1D1202_VIN                   ','VALUE18                                                                                                                         ',107,0,0,2,'EG_VALUE14','',3,{ts '2018-01-15 15:16:48.209240'},{ts '2018-12-12 09:41:45.562879'});
INSERT INTO "GALADM"."GAL257TBX" (CLIENT_ID,TAG,SEQUENCE_NUMBER,"OFFSET",LENGTH,TAG_TYPE,TAG_VALUE,TAG_NAME,DATA_TYPE,CREATE_TIMESTAMP,UPDATE_TIMESTAMP) VALUES ('1AF1D1202_VIN                   ','ANGLE18                                                                                                                         ',108,0,0,2,'EG_ANGLE14','',3,{ts '2018-01-15 15:16:48.210310'},{ts '2018-12-12 09:41:45.562911'});
INSERT INTO "GALADM"."GAL257TBX" (CLIENT_ID,TAG,SEQUENCE_NUMBER,"OFFSET",LENGTH,TAG_TYPE,TAG_VALUE,TAG_NAME,DATA_TYPE,CREATE_TIMESTAMP,UPDATE_TIMESTAMP) VALUES ('1AF1D1202_VIN                   ','RESULT18                                                                                                                        ',109,0,0,2,'EG_RESULT14','',0,{ts '2018-01-15 15:16:48.211294'},{ts '2018-12-12 09:41:45.562923'});
INSERT INTO "GALADM"."GAL257TBX" (CLIENT_ID,TAG,SEQUENCE_NUMBER,"OFFSET",LENGTH,TAG_TYPE,TAG_VALUE,TAG_NAME,DATA_TYPE,CREATE_TIMESTAMP,UPDATE_TIMESTAMP) VALUES ('1AF1D1202_VIN                   ','MNAME18                                                                                                                         ',110,0,0,2,'EG_MNAME14','',4,{ts '2018-01-15 15:16:48.212345'},{ts '2018-12-12 09:41:45.562934'});
INSERT INTO "GALADM"."GAL257TBX" (CLIENT_ID,TAG,SEQUENCE_NUMBER,"OFFSET",LENGTH,TAG_TYPE,TAG_VALUE,TAG_NAME,DATA_TYPE,CREATE_TIMESTAMP,UPDATE_TIMESTAMP) VALUES ('1AF1D1202_VIN                   ','STRING_VALUE18                                                                                                                  ',111,0,0,2,'EG_STRING_VALUE14','',4,{ts '2018-01-15 15:16:48.213299'},{ts '2018-12-12 09:41:45.562950'});
INSERT INTO "GALADM"."GAL257TBX" (CLIENT_ID,TAG,SEQUENCE_NUMBER,"OFFSET",LENGTH,TAG_TYPE,TAG_VALUE,TAG_NAME,DATA_TYPE,CREATE_TIMESTAMP,UPDATE_TIMESTAMP) VALUES ('1AF1D1202_VIN                   ','METHOD7                                                                                                                         ',46,0,0,2,'EG_METHOD8','',2,{ts '2018-02-26 13:17:15.962387'},{ts '2018-12-12 09:41:45.561802'});
INSERT INTO "GALADM"."GAL257TBX" (CLIENT_ID,TAG,SEQUENCE_NUMBER,"OFFSET",LENGTH,TAG_TYPE,TAG_VALUE,TAG_NAME,DATA_TYPE,CREATE_TIMESTAMP,UPDATE_TIMESTAMP) VALUES ('1AF1D1202_VIN                   ','METHOD8                                                                                                                         ',52,0,0,2,'EG_METHOD6','',2,{ts '2018-02-26 13:17:15.962396'},{ts '2018-12-12 09:41:45.561872'});
INSERT INTO "GALADM"."GAL257TBX" (CLIENT_ID,TAG,SEQUENCE_NUMBER,"OFFSET",LENGTH,TAG_TYPE,TAG_VALUE,TAG_NAME,DATA_TYPE,CREATE_TIMESTAMP,UPDATE_TIMESTAMP) VALUES ('1AF1D1202_VIN                   ','METHOD9                                                                                                                         ',58,0,0,2,'EG_METHOD9','',2,{ts '2018-02-26 13:17:15.962405'},{ts '2018-12-12 09:41:45.561940'});
INSERT INTO "GALADM"."GAL257TBX" (CLIENT_ID,TAG,SEQUENCE_NUMBER,"OFFSET",LENGTH,TAG_TYPE,TAG_VALUE,TAG_NAME,DATA_TYPE,CREATE_TIMESTAMP,UPDATE_TIMESTAMP) VALUES ('1AF1D1202_VIN                   ','METHOD10                                                                                                                        ',64,0,0,2,'EG_METHOD11','',2,{ts '2018-02-26 13:17:15.962479'},{ts '2018-12-12 09:41:45.562006'});
INSERT INTO "GALADM"."GAL257TBX" (CLIENT_ID,TAG,SEQUENCE_NUMBER,"OFFSET",LENGTH,TAG_TYPE,TAG_VALUE,TAG_NAME,DATA_TYPE,CREATE_TIMESTAMP,UPDATE_TIMESTAMP) VALUES ('1AF1D1202_VIN                   ','METHOD18                                                                                                                        ',112,0,0,2,'EG_METHOD14','',2,{ts '2018-02-26 13:11:45.258356'},{ts '2018-12-12 09:41:45.562963'});
INSERT INTO "GALADM"."GAL257TBX" (CLIENT_ID,TAG,SEQUENCE_NUMBER,"OFFSET",LENGTH,TAG_TYPE,TAG_VALUE,TAG_NAME,DATA_TYPE,CREATE_TIMESTAMP,UPDATE_TIMESTAMP) VALUES ('1AF1D1202_VIN                   ','METHOD1                                                                                                                         ',9,0,0,2,'EG_METHOD1','',2,{ts '2018-02-26 13:17:15.962266'},{ts '2018-12-12 09:41:45.561363'});
INSERT INTO "GALADM"."GAL257TBX" (CLIENT_ID,TAG,SEQUENCE_NUMBER,"OFFSET",LENGTH,TAG_TYPE,TAG_VALUE,TAG_NAME,DATA_TYPE,CREATE_TIMESTAMP,UPDATE_TIMESTAMP) VALUES ('1AF1D1202_VIN                   ','METHOD2                                                                                                                         ',15,0,0,2,'EG_METHOD3','',2,{ts '2018-02-26 13:17:15.962324'},{ts '2018-12-12 09:41:45.561436'});
INSERT INTO "GALADM"."GAL257TBX" (CLIENT_ID,TAG,SEQUENCE_NUMBER,"OFFSET",LENGTH,TAG_TYPE,TAG_VALUE,TAG_NAME,DATA_TYPE,CREATE_TIMESTAMP,UPDATE_TIMESTAMP) VALUES ('1AF1D1202_VIN                   ','METHOD3                                                                                                                         ',22,0,0,2,'EG_METHOD7','',2,{ts '2018-02-26 13:17:15.962336'},{ts '2018-12-12 09:41:45.561516'});
INSERT INTO "GALADM"."GAL257TBX" (CLIENT_ID,TAG,SEQUENCE_NUMBER,"OFFSET",LENGTH,TAG_TYPE,TAG_VALUE,TAG_NAME,DATA_TYPE,CREATE_TIMESTAMP,UPDATE_TIMESTAMP) VALUES ('1AF1D1202_VIN                   ','METHOD4                                                                                                                         ',28,0,0,2,'EG_METHOD5','',2,{ts '2018-02-26 13:17:15.962348'},{ts '2018-12-12 09:41:45.561587'});
INSERT INTO "GALADM"."GAL257TBX" (CLIENT_ID,TAG,SEQUENCE_NUMBER,"OFFSET",LENGTH,TAG_TYPE,TAG_VALUE,TAG_NAME,DATA_TYPE,CREATE_TIMESTAMP,UPDATE_TIMESTAMP) VALUES ('1AF1D1202_VIN                   ','METHOD5                                                                                                                         ',34,0,0,2,'EG_METHOD2','',2,{ts '2018-02-26 13:17:15.962361'},{ts '2018-12-12 09:41:45.561655'});
INSERT INTO "GALADM"."GAL257TBX" (CLIENT_ID,TAG,SEQUENCE_NUMBER,"OFFSET",LENGTH,TAG_TYPE,TAG_VALUE,TAG_NAME,DATA_TYPE,CREATE_TIMESTAMP,UPDATE_TIMESTAMP) VALUES ('1AF1D1202_VIN                   ','METHOD6                                                                                                                         ',40,0,0,2,'EG_METHOD4','',2,{ts '2018-02-26 13:17:15.962370'},{ts '2018-12-12 09:41:45.561732'});
INSERT INTO "GALADM"."GAL257TBX" (CLIENT_ID,TAG,SEQUENCE_NUMBER,"OFFSET",LENGTH,TAG_TYPE,TAG_VALUE,TAG_NAME,DATA_TYPE,CREATE_TIMESTAMP,UPDATE_TIMESTAMP) VALUES ('1AF1D1202_VIN                   ','METHOD11                                                                                                                        ',70,0,0,2,'EG_METHOD17','',2,{ts '2018-02-26 13:17:15.962489'},{ts '2018-12-12 09:41:45.562074'});
INSERT INTO "GALADM"."GAL257TBX" (CLIENT_ID,TAG,SEQUENCE_NUMBER,"OFFSET",LENGTH,TAG_TYPE,TAG_VALUE,TAG_NAME,DATA_TYPE,CREATE_TIMESTAMP,UPDATE_TIMESTAMP) VALUES ('1AF1D1202_VIN                   ','METHOD12                                                                                                                        ',76,0,0,2,'EG_METHOD15','',2,{ts '2018-02-26 13:17:15.962498'},{ts '2018-12-12 09:41:45.562142'});
INSERT INTO "GALADM"."GAL257TBX" (CLIENT_ID,TAG,SEQUENCE_NUMBER,"OFFSET",LENGTH,TAG_TYPE,TAG_VALUE,TAG_NAME,DATA_TYPE,CREATE_TIMESTAMP,UPDATE_TIMESTAMP) VALUES ('1AF1D1202_VIN                   ','METHOD13                                                                                                                        ',82,0,0,2,'EG_METHOD13','',2,{ts '2018-02-26 13:17:15.962510'},{ts '2018-12-12 09:41:45.562210'});
INSERT INTO "GALADM"."GAL257TBX" (CLIENT_ID,TAG,SEQUENCE_NUMBER,"OFFSET",LENGTH,TAG_TYPE,TAG_VALUE,TAG_NAME,DATA_TYPE,CREATE_TIMESTAMP,UPDATE_TIMESTAMP) VALUES ('1AF1D1202_VIN                   ','METHOD14                                                                                                                        ',88,0,0,2,'EG_METHOD10','',2,{ts '2018-02-26 13:17:15.962519'},{ts '2018-12-12 09:41:45.562280'});
INSERT INTO "GALADM"."GAL257TBX" (CLIENT_ID,TAG,SEQUENCE_NUMBER,"OFFSET",LENGTH,TAG_TYPE,TAG_VALUE,TAG_NAME,DATA_TYPE,CREATE_TIMESTAMP,UPDATE_TIMESTAMP) VALUES ('1AF1D1202_VIN                   ','STATUS1                                                                                                                         ',113,0,0,1,'true','',0,{ts '2018-12-12 09:41:41.610589'},null);


INSERT INTO "GALADM"."GAL489TBX" (COMPONENT_ID,PROPERTY_KEY,PROPERTY_VALUE,DESCRIPTION,CHANGE_USER_ID,CREATE_TIMESTAMP,UPDATE_TIMESTAMP) VALUES ('1AF1D1202','PLC_DATA_MAPPING','MAP_BY_RULE','','GALCAdmin1',{ts '2018-01-12 09:11:12.154728'},{ts '2018-05-31 12:39:49.487483'});
INSERT INTO "GALADM"."GAL489TBX" (COMPONENT_ID,PROPERTY_KEY,PROPERTY_VALUE,DESCRIPTION,CHANGE_USER_ID,CREATE_TIMESTAMP,UPDATE_TIMESTAMP) VALUES ('System_Info','ASSEMBLY_LINE_ID','01','','GALCAdmin1',{ts '2017-06-06 12:19:24.295741'},null);
INSERT INTO "GALADM"."GAL489TBX" (COMPONENT_ID,PROPERTY_KEY,PROPERTY_VALUE,DESCRIPTION,CHANGE_USER_ID,CREATE_TIMESTAMP,UPDATE_TIMESTAMP) VALUES ('System_Info','JAVAFX_CSS_FILE','2SDdefault','','GALCAdmin1',{ts '2017-11-14 10:14:02.813555'},null);
INSERT INTO "GALADM"."GAL489TBX" (COMPONENT_ID,PROPERTY_KEY,PROPERTY_VALUE,DESCRIPTION,CHANGE_USER_ID,CREATE_TIMESTAMP,UPDATE_TIMESTAMP) VALUES ('System_Info','LINE_REF_NUMBER_OF_DIGITS','4','','GALCAdmin1',{ts '2017-12-21 08:05:18.613667'},null);
INSERT INTO "GALADM"."GAL489TBX" (COMPONENT_ID,PROPERTY_KEY,PROPERTY_VALUE,DESCRIPTION,CHANGE_USER_ID,CREATE_TIMESTAMP,UPDATE_TIMESTAMP) VALUES ('System_Info','PART_MASK_WILDCARD_FORMAT','MSEXEL_ENHANCED','','VE032660',{ts '2017-10-13 10:03:04.583706'},{ts '2018-10-10 12:46:42.561738'});
INSERT INTO "GALADM"."GAL489TBX" (COMPONENT_ID,PROPERTY_KEY,PROPERTY_VALUE,DESCRIPTION,CHANGE_USER_ID,CREATE_TIMESTAMP,UPDATE_TIMESTAMP) VALUES ('System_Info','PRODUCT_KIND','AUTOMOBILE','','GALCAdmin1',{ts '2017-11-14 10:14:21.448119'},null);
INSERT INTO "GALADM"."GAL489TBX" (COMPONENT_ID,PROPERTY_KEY,PROPERTY_VALUE,DESCRIPTION,CHANGE_USER_ID,CREATE_TIMESTAMP,UPDATE_TIMESTAMP) VALUES ('System_Info','PRODUCT_TYPE','FRAME','','GALCAdmin1',{ts '2017-07-13 15:10:07.477593'},null);
INSERT INTO "GALADM"."GAL489TBX" (COMPONENT_ID,PROPERTY_KEY,PROPERTY_VALUE,DESCRIPTION,CHANGE_USER_ID,CREATE_TIMESTAMP,UPDATE_TIMESTAMP) VALUES ('System_Info','SERVER_URLS{server1}','http://10.167.200.220:8005/','','GALCAdmin1',{ts '2017-09-13 12:40:45.747632'},null);
INSERT INTO "GALADM"."GAL489TBX" (COMPONENT_ID,PROPERTY_KEY,PROPERTY_VALUE,DESCRIPTION,CHANGE_USER_ID,CREATE_TIMESTAMP,UPDATE_TIMESTAMP) VALUES ('System_Info','SERVER_URLS{server2}','http://10.167.200.225:8005/','','GALCAdmin1',{ts '2017-09-13 13:39:57.193500'},null);
INSERT INTO "GALADM"."GAL489TBX" (COMPONENT_ID,PROPERTY_KEY,PROPERTY_VALUE,DESCRIPTION,CHANGE_USER_ID,CREATE_TIMESTAMP,UPDATE_TIMESTAMP) VALUES ('System_Info','SERVER_URLS{server3}','http://10.167.200.226:8005/','','GALCAdmin1',{ts '2017-09-13 13:40:06.608816'},null);
INSERT INTO "GALADM"."GAL489TBX" (COMPONENT_ID,PROPERTY_KEY,PROPERTY_VALUE,DESCRIPTION,CHANGE_USER_ID,CREATE_TIMESTAMP,UPDATE_TIMESTAMP) VALUES ('System_Info','SITE_NAME','HCM','','GALCAdmin1',{ts '2016-09-16 08:27:09.466401'},null);
INSERT INTO "GALADM"."GAL489TBX" (COMPONENT_ID,PROPERTY_KEY,PROPERTY_VALUE,DESCRIPTION,CHANGE_USER_ID,CREATE_TIMESTAMP,UPDATE_TIMESTAMP) VALUES ('System_Info','SERVER_URLS{localServer}','http://10.167.200.220:8005/','','VEC15809',{ts '2018-06-08 15:21:15.771682'},{ts '2018-09-26 13:31:59.473319'});
INSERT INTO "GALADM"."GAL489TBX" (COMPONENT_ID,PROPERTY_KEY,PROPERTY_VALUE,DESCRIPTION,CHANGE_USER_ID,CREATE_TIMESTAMP,UPDATE_TIMESTAMP) VALUES ('System_Info','RESTART_ON_SWITCH_USER_OR_LOGOUT','FALSE','','VE030279',{ts '2018-05-01 14:53:22.208124'},null);
INSERT INTO "GALADM"."GAL489TBX" (COMPONENT_ID,PROPERTY_KEY,PROPERTY_VALUE,DESCRIPTION,CHANGE_USER_ID,CREATE_TIMESTAMP,UPDATE_TIMESTAMP) VALUES ('System_Info','SKIPPED_PRODUCT_DISPLAY_VALUE','LINE_REF','Show ref # in skipped box instead of VIN','VE030279',{ts '2018-08-13 11:20:46.303846'},null);
INSERT INTO "GALADM"."GAL489TBX" (COMPONENT_ID,PROPERTY_KEY,PROPERTY_VALUE,DESCRIPTION,CHANGE_USER_ID,CREATE_TIMESTAMP,UPDATE_TIMESTAMP) VALUES ('Default_DataMapping','LOT_CONTROL','TRUE','','GALCAdmin1',{ts '2017-07-26 09:20:31.925609'},null);
INSERT INTO "GALADM"."GAL489TBX" (COMPONENT_ID,PROPERTY_KEY,PROPERTY_VALUE,DESCRIPTION,CHANGE_USER_ID,CREATE_TIMESTAMP,UPDATE_TIMESTAMP) VALUES ('Default_DataMapping','PLC_DATA_MAPPING','MAP_BY_RULE_INDEX','','GALCAdmin1',{ts '2017-07-26 09:20:52.861946'},null);
INSERT INTO "GALADM"."GAL489TBX" (COMPONENT_ID,PROPERTY_KEY,PROPERTY_VALUE,DESCRIPTION,CHANGE_USER_ID,CREATE_TIMESTAMP,UPDATE_TIMESTAMP) VALUES ('Default_HeadLess','AUTO_TRACKING','TRUE','','GALCAdmin1',{ts '2017-06-05 10:18:55.290647'},null);
INSERT INTO "GALADM"."GAL489TBX" (COMPONENT_ID,PROPERTY_KEY,PROPERTY_VALUE,DESCRIPTION,CHANGE_USER_ID,CREATE_TIMESTAMP,UPDATE_TIMESTAMP) VALUES ('Default_HeadLess','PLC_DATA_MAPPING','MAP_BY_RULE','','GALCAdmin1',{ts '2017-12-01 08:33:54.564208'},null);
INSERT INTO "GALADM"."GAL489TBX" (COMPONENT_ID,PROPERTY_KEY,PROPERTY_VALUE,DESCRIPTION,CHANGE_USER_ID,CREATE_TIMESTAMP,UPDATE_TIMESTAMP) VALUES ('Default_Tracking','PROCESS_COUNT','TRUE','','GALCAdmin1',{ts '2017-06-05 10:18:58.531900'},null);
INSERT INTO "GALADM"."GAL489TBX" (COMPONENT_ID,PROPERTY_KEY,PROPERTY_VALUE,DESCRIPTION,CHANGE_USER_ID,CREATE_TIMESTAMP,UPDATE_TIMESTAMP) VALUES ('Default_Tracking','PROCESS_COUNT_BY_MODEL','TRUE','','GALCAdmin1',{ts '2017-06-05 10:18:59.149288'},null);
INSERT INTO "GALADM"."GAL489TBX" (COMPONENT_ID,PROPERTY_KEY,PROPERTY_VALUE,DESCRIPTION,CHANGE_USER_ID,CREATE_TIMESTAMP,UPDATE_TIMESTAMP) VALUES ('Default_Tracking','PROCESS_COUNT_BY_PRODUCT_SPEC','TRUE','','GALCAdmin1',{ts '2017-06-05 10:18:59.361871'},null);
INSERT INTO "GALADM"."GAL489TBX" (COMPONENT_ID,PROPERTY_KEY,PROPERTY_VALUE,DESCRIPTION,CHANGE_USER_ID,CREATE_TIMESTAMP,UPDATE_TIMESTAMP) VALUES ('Default_Tracking','PROCESS_COUNT_BY_PRODUCTION_LOT','TRUE','','GALCAdmin1',{ts '2017-06-05 10:18:58.098807'},null);
