-- Site
INSERT INTO "GALADM"."GAL117TBX" (SITE_NAME,SITE_DESCRIPTION) VALUES ('HCM             ','HCM                                                                                                                             ');

-- Division
INSERT INTO "GALADM"."GAL128TBX" (DIVISION_ID,SITE_NAME,PLANT_NAME,DIVISION_NAME,DIVISION_DESCRIPTION,DIVISION_NAME1,DIVISION_NAME2,SEQUENCE_NUMBER) VALUES ('AE              ','HCM             ','Engine          ','AE                              ','Assembly Engine                                                                                                                 ','NONE                            ','NONE                            ',2);
INSERT INTO "GALADM"."GAL128TBX" (DIVISION_ID,SITE_NAME,PLANT_NAME,DIVISION_NAME,DIVISION_DESCRIPTION,DIVISION_NAME1,DIVISION_NAME2,SEQUENCE_NUMBER) VALUES ('EQ              ','HCM             ','Engine          ','EQ                              ','Engine Quality                                                                                                                  ','NONE                            ','NONE                            ',3);
INSERT INTO "GALADM"."GAL128TBX" (DIVISION_ID,SITE_NAME,PLANT_NAME,DIVISION_NAME,DIVISION_DESCRIPTION,DIVISION_NAME1,DIVISION_NAME2,SEQUENCE_NUMBER) VALUES ('HP              ','HCM             ','Engine          ','HP                              ','Die Cast High Pressure                                                                                                          ','NONE                            ','NONE                            ',0);
INSERT INTO "GALADM"."GAL128TBX" (DIVISION_ID,SITE_NAME,PLANT_NAME,DIVISION_NAME,DIVISION_DESCRIPTION,DIVISION_NAME1,DIVISION_NAME2,SEQUENCE_NUMBER) VALUES ('LP              ','HCM             ','Engine          ','LP                              ','Die Cast Low Pressure                                                                                                           ','NONE                            ','NONE                            ',0);
INSERT INTO "GALADM"."GAL128TBX" (DIVISION_ID,SITE_NAME,PLANT_NAME,DIVISION_NAME,DIVISION_DESCRIPTION,DIVISION_NAME1,DIVISION_NAME2,SEQUENCE_NUMBER) VALUES ('MB              ','HCM             ','Engine          ','MB                              ','Machining Block                                                                                                                 ','NONE                            ','NONE                            ',0);
INSERT INTO "GALADM"."GAL128TBX" (DIVISION_ID,SITE_NAME,PLANT_NAME,DIVISION_NAME,DIVISION_DESCRIPTION,DIVISION_NAME1,DIVISION_NAME2,SEQUENCE_NUMBER) VALUES ('ME              ','HCM             ','Engine          ','ME                              ','Material Services                                                                                                               ','NONE                            ','NONE                            ',6);
INSERT INTO "GALADM"."GAL128TBX" (DIVISION_ID,SITE_NAME,PLANT_NAME,DIVISION_NAME,DIVISION_DESCRIPTION,DIVISION_NAME1,DIVISION_NAME2,SEQUENCE_NUMBER) VALUES ('MH              ','HCM             ','Engine          ','MH                              ','Machining Head                                                                                                                  ','NONE                            ','NONE                            ',0);

-- Line
INSERT INTO "GALADM"."GAL195TBX" (LINE_ID,SITE_NAME,PLANT_NAME,DIVISION_ID,DIVISION_NAME,DIVISION_NAME1,DIVISION_NAME2,LINE_NAME,LINE_TYPE,LINE_DESCRIPTION,ENTRY_PROCESS_POINT_ID,LINE_SEQUENCE_NUMBER,STD_INVENTORY,MAXIMUM_INVENTORY,MINIMUM_INVENTORY) VALUES ('AE1BL1          ','HCM             ','Engine          ','AE              ','AE                              ','NONE                            ','NONE                            ','Block                           ',0,'Block Line                                                                                                                      ','AE0EN11001      ',0,20,100,0);
INSERT INTO "GALADM"."GAL195TBX" (LINE_ID,SITE_NAME,PLANT_NAME,DIVISION_ID,DIVISION_NAME,DIVISION_NAME1,DIVISION_NAME2,LINE_NAME,LINE_TYPE,LINE_DESCRIPTION,ENTRY_PROCESS_POINT_ID,LINE_SEQUENCE_NUMBER,STD_INVENTORY,MAXIMUM_INVENTORY,MINIMUM_INVENTORY) VALUES ('AE1DI1          ','HCM             ','Engine          ','AE              ','AE                              ','                                ','                                ','Direct Injection                ',0,'                                                                                                                                ','                ',0,100,1000,0);
INSERT INTO "GALADM"."GAL195TBX" (LINE_ID,SITE_NAME,PLANT_NAME,DIVISION_ID,DIVISION_NAME,DIVISION_NAME1,DIVISION_NAME2,LINE_NAME,LINE_TYPE,LINE_DESCRIPTION,ENTRY_PROCESS_POINT_ID,LINE_SEQUENCE_NUMBER,STD_INVENTORY,MAXIMUM_INVENTORY,MINIMUM_INVENTORY) VALUES ('AE1DL1          ','HCM             ','Engine          ','AE              ','AE                              ','NONE                            ','NONE                            ','Dress UP                        ',0,'Dress Up Line                                                                                                                   ','AE0EN15301      ',0,20,50,0);
INSERT INTO "GALADM"."GAL195TBX" (LINE_ID,SITE_NAME,PLANT_NAME,DIVISION_ID,DIVISION_NAME,DIVISION_NAME1,DIVISION_NAME2,LINE_NAME,LINE_TYPE,LINE_DESCRIPTION,ENTRY_PROCESS_POINT_ID,LINE_SEQUENCE_NUMBER,STD_INVENTORY,MAXIMUM_INVENTORY,MINIMUM_INVENTORY) VALUES ('AE1EQUIP1       ','HCM             ','Engine          ','AE              ','AE                              ','NONE                            ','NONE                            ','Equipments                      ',1,'                                                                                                                                ','                ',0,1,2,0);
INSERT INTO "GALADM"."GAL195TBX" (LINE_ID,SITE_NAME,PLANT_NAME,DIVISION_ID,DIVISION_NAME,DIVISION_NAME1,DIVISION_NAME2,LINE_NAME,LINE_TYPE,LINE_DESCRIPTION,ENTRY_PROCESS_POINT_ID,LINE_SEQUENCE_NUMBER,STD_INVENTORY,MAXIMUM_INVENTORY,MINIMUM_INVENTORY) VALUES ('AE1HL1          ','HCM             ','Engine          ','AE              ','AE                              ','NONE                            ','NONE                            ','Head                            ',0,'Head Line                                                                                                                       ','AE0HD11101      ',0,10,50,0);
INSERT INTO "GALADM"."GAL195TBX" (LINE_ID,SITE_NAME,PLANT_NAME,DIVISION_ID,DIVISION_NAME,DIVISION_NAME1,DIVISION_NAME2,LINE_NAME,LINE_TYPE,LINE_DESCRIPTION,ENTRY_PROCESS_POINT_ID,LINE_SEQUENCE_NUMBER,STD_INVENTORY,MAXIMUM_INVENTORY,MINIMUM_INVENTORY) VALUES ('AE1ML1          ','HCM             ','Engine          ','AE              ','AE                              ','NONE                            ','NONE                            ','Main                            ',0,'Main Line                                                                                                                       ','AE0EN14101      ',0,50,200,0);
INSERT INTO "GALADM"."GAL195TBX" (LINE_ID,SITE_NAME,PLANT_NAME,DIVISION_ID,DIVISION_NAME,DIVISION_NAME1,DIVISION_NAME2,LINE_NAME,LINE_TYPE,LINE_DESCRIPTION,ENTRY_PROCESS_POINT_ID,LINE_SEQUENCE_NUMBER,STD_INVENTORY,MAXIMUM_INVENTORY,MINIMUM_INVENTORY) VALUES ('AE1OFF1         ','HCM             ','Engine          ','AE              ','AE                              ','NONE                            ','NONE                            ','AE OFF Line                     ',0,'AE OFF Line                                                                                                                     ','AE0EN16001      ',0,5,10,0);
INSERT INTO "GALADM"."GAL195TBX" (LINE_ID,SITE_NAME,PLANT_NAME,DIVISION_ID,DIVISION_NAME,DIVISION_NAME1,DIVISION_NAME2,LINE_NAME,LINE_TYPE,LINE_DESCRIPTION,ENTRY_PROCESS_POINT_ID,LINE_SEQUENCE_NUMBER,STD_INVENTORY,MAXIMUM_INVENTORY,MINIMUM_INVENTORY) VALUES ('AE1PAM1         ','HCM             ','Engine          ','AE              ','AE                              ','                                ','                                ','PAM SubLine                     ',0,'Piston Sub Assy Machine                                                                                                         ','AE0PM11001      ',0,10,100,0);
INSERT INTO "GALADM"."GAL195TBX" (LINE_ID,SITE_NAME,PLANT_NAME,DIVISION_ID,DIVISION_NAME,DIVISION_NAME1,DIVISION_NAME2,LINE_NAME,LINE_TYPE,LINE_DESCRIPTION,ENTRY_PROCESS_POINT_ID,LINE_SEQUENCE_NUMBER,STD_INVENTORY,MAXIMUM_INVENTORY,MINIMUM_INVENTORY) VALUES ('AE1PI1          ','HCM             ','Engine          ','AE              ','AE                              ','NONE                            ','NONE                            ','Piston Insert                   ',0,'Piston Insert Line                                                                                                              ','AE0EN10801      ',0,10,100,0);
INSERT INTO "GALADM"."GAL195TBX" (LINE_ID,SITE_NAME,PLANT_NAME,DIVISION_ID,DIVISION_NAME,DIVISION_NAME1,DIVISION_NAME2,LINE_NAME,LINE_TYPE,LINE_DESCRIPTION,ENTRY_PROCESS_POINT_ID,LINE_SEQUENCE_NUMBER,STD_INVENTORY,MAXIMUM_INVENTORY,MINIMUM_INVENTORY) VALUES ('AE1REP1         ','HCM             ','Engine          ','AE              ','AE                              ','NONE                            ','NONE                            ','Repair                          ',0,'Repair                                                                                                                          ','AE0EN16051      ',0,10,100,0);
INSERT INTO "GALADM"."GAL195TBX" (LINE_ID,SITE_NAME,PLANT_NAME,DIVISION_ID,DIVISION_NAME,DIVISION_NAME1,DIVISION_NAME2,LINE_NAME,LINE_TYPE,LINE_DESCRIPTION,ENTRY_PROCESS_POINT_ID,LINE_SEQUENCE_NUMBER,STD_INVENTORY,MAXIMUM_INVENTORY,MINIMUM_INVENTORY) VALUES ('AE1SCR1         ','HCM             ','Engine          ','AE              ','AE                              ','                                ','                                ','AE Scrap                        ',0,'AE Scrap                                                                                                                        ','                ',0,1,1000,0);
INSERT INTO "GALADM"."GAL195TBX" (LINE_ID,SITE_NAME,PLANT_NAME,DIVISION_ID,DIVISION_NAME,DIVISION_NAME1,DIVISION_NAME2,LINE_NAME,LINE_TYPE,LINE_DESCRIPTION,ENTRY_PROCESS_POINT_ID,LINE_SEQUENCE_NUMBER,STD_INVENTORY,MAXIMUM_INVENTORY,MINIMUM_INVENTORY) VALUES ('AE1SH1          ','HCM             ','Engine          ','AE              ','AE                              ','NONE                            ','NONE                            ','Shipping                        ',0,'Shipping Line                                                                                                                   ','AE0EN16601      ',0,50,200,0);
INSERT INTO "GALADM"."GAL195TBX" (LINE_ID,SITE_NAME,PLANT_NAME,DIVISION_ID,DIVISION_NAME,DIVISION_NAME1,DIVISION_NAME2,LINE_NAME,LINE_TYPE,LINE_DESCRIPTION,ENTRY_PROCESS_POINT_ID,LINE_SEQUENCE_NUMBER,STD_INVENTORY,MAXIMUM_INVENTORY,MINIMUM_INVENTORY) VALUES ('AE1SR1          ','HCM             ','Engine          ','AE              ','AE                              ','NONE                            ','NONE                            ','Shipping Repair                 ',0,'Shipping Repair                                                                                                                 ','AE0EN16151      ',0,10,100,0);
INSERT INTO "GALADM"."GAL195TBX" (LINE_ID,SITE_NAME,PLANT_NAME,DIVISION_ID,DIVISION_NAME,DIVISION_NAME1,DIVISION_NAME2,LINE_NAME,LINE_TYPE,LINE_DESCRIPTION,ENTRY_PROCESS_POINT_ID,LINE_SEQUENCE_NUMBER,STD_INVENTORY,MAXIMUM_INVENTORY,MINIMUM_INVENTORY) VALUES ('AE1SS1          ','HCM             ','Engine          ','AE              ','AE                              ','NONE                            ','NONE                            ','Shipping Storage                ',0,'Shipping Storage                                                                                                                ','AE0EN16101      ',0,10,100,0);
INSERT INTO "GALADM"."GAL195TBX" (LINE_ID,SITE_NAME,PLANT_NAME,DIVISION_ID,DIVISION_NAME,DIVISION_NAME1,DIVISION_NAME2,LINE_NAME,LINE_TYPE,LINE_DESCRIPTION,ENTRY_PROCESS_POINT_ID,LINE_SEQUENCE_NUMBER,STD_INVENTORY,MAXIMUM_INVENTORY,MINIMUM_INVENTORY) VALUES ('AE1VL1          ','HCM             ','Engine          ','AE              ','AE                              ','NONE                            ','NONE                            ','Valve                           ',0,'Valve Line                                                                                                                      ','AE0HD10401      ',0,10,50,0);
INSERT INTO "GALADM"."GAL195TBX" (LINE_ID,SITE_NAME,PLANT_NAME,DIVISION_ID,DIVISION_NAME,DIVISION_NAME1,DIVISION_NAME2,LINE_NAME,LINE_TYPE,LINE_DESCRIPTION,ENTRY_PROCESS_POINT_ID,LINE_SEQUENCE_NUMBER,STD_INVENTORY,MAXIMUM_INVENTORY,MINIMUM_INVENTORY) VALUES ('AE1VTC1         ','HCM             ','Engine          ','AE              ','AE                              ','                                ','                                ','VTC SubLine                     ',0,'VTC Sprocket Assembly Sub Line                                                                                                  ','                ',0,10,1000,0);

-- GPCS Division
INSERT INTO "GALADM"."GAL238TBX" (GPCS_PLANT_CODE,GPCS_LINE_NO,GPCS_PROCESS_LOCATION,DIVISION_ID) VALUES ('HCM ','01','PA','PA1             ');
INSERT INTO "GALADM"."GAL238TBX" (GPCS_PLANT_CODE,GPCS_LINE_NO,GPCS_PROCESS_LOCATION,DIVISION_ID) VALUES ('HCM ','01','MS','MS1             ');
INSERT INTO "GALADM"."GAL238TBX" (GPCS_PLANT_CODE,GPCS_LINE_NO,GPCS_PROCESS_LOCATION,DIVISION_ID) VALUES ('HCM ','01','WE','WE1             ');
INSERT INTO "GALADM"."GAL238TBX" (GPCS_PLANT_CODE,GPCS_LINE_NO,GPCS_PROCESS_LOCATION,DIVISION_ID) VALUES ('HCM ','01','PO','PO1             ');
INSERT INTO "GALADM"."GAL238TBX" (GPCS_PLANT_CODE,GPCS_LINE_NO,GPCS_PROCESS_LOCATION,DIVISION_ID) VALUES ('HCM ','01','ST','ST1             ');
INSERT INTO "GALADM"."GAL238TBX" (GPCS_PLANT_CODE,GPCS_LINE_NO,GPCS_PROCESS_LOCATION,DIVISION_ID) VALUES ('HCM ','01','VQ','VQ1             ');
INSERT INTO "GALADM"."GAL238TBX" (GPCS_PLANT_CODE,GPCS_LINE_NO,GPCS_PROCESS_LOCATION,DIVISION_ID) VALUES ('SIM ','01','AF','SIMDIV01        ');
INSERT INTO "GALADM"."GAL238TBX" (GPCS_PLANT_CODE,GPCS_LINE_NO,GPCS_PROCESS_LOCATION,DIVISION_ID) VALUES ('HCM ','01','AF','AF1             ');
INSERT INTO "GALADM"."GAL238TBX" (GPCS_PLANT_CODE,GPCS_LINE_NO,GPCS_PROCESS_LOCATION,DIVISION_ID) VALUES ('HCM ','01','AF','AF              ');

-- Plant
INSERT INTO "GALADM"."GAL211TBX" (SITE_NAME,PLANT_NAME,PLANT_LONG_DESCRIPTION) VALUES ('HCM             ','001             ','Frame Plant 1                                                                                                                   ');
INSERT INTO "GALADM"."GAL211TBX" (SITE_NAME,PLANT_NAME,PLANT_LONG_DESCRIPTION) VALUES ('HCM             ','FRAME1          ','Frame Plant 1                                                                                                                   ');
INSERT INTO "GALADM"."GAL211TBX" (SITE_NAME,PLANT_NAME,PLANT_LONG_DESCRIPTION) VALUES ('HCM             ','FRAME2          ','Frame Plant 2                                                                                                                   ');
INSERT INTO "GALADM"."GAL211TBX" (SITE_NAME,PLANT_NAME,PLANT_LONG_DESCRIPTION) VALUES ('HCM             ','01SIMPLANT      ','Simulation Plant                                                                                                                ');
INSERT INTO "GALADM"."GAL211TBX" (SITE_NAME,PLANT_NAME,PLANT_LONG_DESCRIPTION) VALUES ('HCM             ','Test Plant      ','Interns                                                                                                                         ');

INSERT INTO "GALADM"."GAL214TBX" (PROCESS_POINT_NAME,PROCESS_POINT_ID,PROCESS_POINT_DESCRIPTION,PROCESS_POINT_TYPE,SITE_NAME,PLANT_NAME,DIVISION_ID,DIVISION_NAME,DIVISION_NAME1,DIVISION_NAME2,LINE_ID,LINE_NAME,BACK_FILL_PROCESS_POINT_ID,SEQUENCE_NUMBER,TRACKING_POINT_FLAG,RECOVERY_POINT_FLAG,PASSING_COUNT_FLAG,CREATE_TIMESTAMP,UPDATE_TIMESTAMP,CURRENT_PROD_LOT,FEATURE_ID,FEATURE_TYPE,CURRENT_KD_LOT) VALUES ('Chaincase Install Tighten 1     ','AE0EN14101      ','Chaincase Install Tighten 1                                                                                                     ',0,'HCM             ','Engine          ','AE              ','AE                              ','                                ','                                ','AE1ML1          ','MAIN                            ','                ',1,0,0,1,{ts '2014-06-08 11:45:13.152110'},{ts '2013-09-24 10:38:48'},null,null,null,null);

-- Application
INSERT INTO "GALADM"."GAL241TBX" (APPLICATION_ID,APPLICATION_NAME,APPLICATION_TYPE,TERMINAL_APPLICATION_FLAG,SCREEN_ID,WINDOW_TITLE,SCREEN_CLASS,APPLICATION_DESCRIPTION,PRELOAD,SESSION_REQUIRED,PERSISTENT_SESSION,CREATE_TIMESTAMP,UPDATE_TIMESTAMP) VALUES ('AE0EN14101      ','                                   ',1,0,'                ','Chaincase Install Tighten 1     ','                                                                                                                                ','                                                                                                                                ',0,0,0,{ts '2014-06-08 11:45:13.162079'},{ts '2010-11-02 11:03:28'});

-- Application by Terminal
INSERT INTO "GALADM"."GAL242TBX" (APPLICATION_ID,HOST_NAME,DEFAULT_APPLICATION_FLAG,CREATE_TIMESTAMP,UPDATE_TIMESTAMP,SEQ_NUM) VALUES ('AE0TR18001      ','ESTS Client                     ',1,{ts '2008-05-20 15:27:04.257464'},{ts '2008-05-20 15:27:04.263373'},null);

-- Application Task
INSERT INTO "GALADM"."GAL243TBX" (APPLICATION_ID,JNDI_NAME,TASK_NAME,SEQUENCE_NO,INPUT_EVENT_EXIST_FLAG,BEGIN_FLAG,COMMIT_FLAG,STATEFULL_SESSION_BEAN_FLAG,ARGUMENT) VALUES ('AE0TR18001      ','                                                                                                                                ','GtsEngineBodyTrackingService    ',1,0,1,1,0,'                                                                                                                                ');

-- Task Spec
INSERT INTO "GALADM"."GAL244TBX" (TASK_NAME,TASKSPEC_DESCRIPTION,STATEFULL_SESSION_BEAN_FLAG,JNDI_NAME) VALUES ('GtsEngineBodyTrackingService    ','                                                                                                                                ',0,'                                                                                                                                ');

INSERT INTO "GALADM"."GAL245TBX" (PART_ID,PART_NAME,MODEL_YEAR_CODE,MODEL_CODE,MODEL_TYPE_CODE,MODEL_OPTION_CODE,EXT_COLOR_CODE,INT_COLOR_CODE,CREATE_TIMESTAMP,UPDATE_TIMESTAMP,PRODUCT_SPEC_CODE,UPDATE_USER) VALUES ('A0000','8X35 BOLT FLANGE                ','J','5BB','*  ','*  ','*         ','* ',{ts '2017-02-22 15:05:44.198246'},null,'J5BB                          ',null);
INSERT INTO "GALADM"."GAL245TBX" (PART_ID,PART_NAME,MODEL_YEAR_CODE,MODEL_CODE,MODEL_TYPE_CODE,MODEL_OPTION_CODE,EXT_COLOR_CODE,INT_COLOR_CODE,CREATE_TIMESTAMP,UPDATE_TIMESTAMP,PRODUCT_SPEC_CODE,UPDATE_USER) VALUES ('A0000','8X35 BOLT FLANGE                ','K','5BB','*  ','*  ','*         ','* ',{ts '2017-11-24 09:15:26.202993'},null,'K5BB                          ',null);
INSERT INTO "GALADM"."GAL245TBX" (PART_ID,PART_NAME,MODEL_YEAR_CODE,MODEL_CODE,MODEL_TYPE_CODE,MODEL_OPTION_CODE,EXT_COLOR_CODE,INT_COLOR_CODE,CREATE_TIMESTAMP,UPDATE_TIMESTAMP,PRODUCT_SPEC_CODE,UPDATE_USER) VALUES ('A0002','8X35 BOLT FLANGE                ','J','5VZ','*  ','*  ','*         ','* ',{ts '2017-06-13 09:58:12.345986'},null,'J5VZ                          ',null);
INSERT INTO "GALADM"."GAL245TBX" (PART_ID,PART_NAME,MODEL_YEAR_CODE,MODEL_CODE,MODEL_TYPE_CODE,MODEL_OPTION_CODE,EXT_COLOR_CODE,INT_COLOR_CODE,CREATE_TIMESTAMP,UPDATE_TIMESTAMP,PRODUCT_SPEC_CODE,UPDATE_USER) VALUES ('A0002','8X35 BOLT FLANGE                ','K','5VZ','*  ','*  ','*         ','* ',{ts '2018-08-29 09:43:39.107754'},null,'K5VZ                          ','VE007741   ');
INSERT INTO "GALADM"."GAL245TBX" (PART_ID,PART_NAME,MODEL_YEAR_CODE,MODEL_CODE,MODEL_TYPE_CODE,MODEL_OPTION_CODE,EXT_COLOR_CODE,INT_COLOR_CODE,CREATE_TIMESTAMP,UPDATE_TIMESTAMP,PRODUCT_SPEC_CODE,UPDATE_USER) VALUES ('A0000','CHAIN CASE CELL 10MM            ','J','5BB','*  ','*  ','*         ','* ',{ts '2017-02-22 15:05:44.131778'},null,'J5BB                          ',null);
INSERT INTO "GALADM"."GAL245TBX" (PART_ID,PART_NAME,MODEL_YEAR_CODE,MODEL_CODE,MODEL_TYPE_CODE,MODEL_OPTION_CODE,EXT_COLOR_CODE,INT_COLOR_CODE,CREATE_TIMESTAMP,UPDATE_TIMESTAMP,PRODUCT_SPEC_CODE,UPDATE_USER) VALUES ('A0000','CHAIN CASE CELL 10MM            ','K','5BB','*  ','*  ','*         ','* ',{ts '2017-11-24 09:15:26.201623'},null,'K5BB                          ',null);
INSERT INTO "GALADM"."GAL245TBX" (PART_ID,PART_NAME,MODEL_YEAR_CODE,MODEL_CODE,MODEL_TYPE_CODE,MODEL_OPTION_CODE,EXT_COLOR_CODE,INT_COLOR_CODE,CREATE_TIMESTAMP,UPDATE_TIMESTAMP,PRODUCT_SPEC_CODE,UPDATE_USER) VALUES ('A0001','KNOCK BOLTS TIMING CHAIN        ','J','5BB','*  ','*  ','*         ','* ',{ts '2017-02-22 15:05:44.321527'},null,'J5BB                          ',null);
INSERT INTO "GALADM"."GAL245TBX" (PART_ID,PART_NAME,MODEL_YEAR_CODE,MODEL_CODE,MODEL_TYPE_CODE,MODEL_OPTION_CODE,EXT_COLOR_CODE,INT_COLOR_CODE,CREATE_TIMESTAMP,UPDATE_TIMESTAMP,PRODUCT_SPEC_CODE,UPDATE_USER) VALUES ('A0001','KNOCK BOLTS TIMING CHAIN        ','J','5VZ','*  ','*  ','*         ','* ',{ts '2017-06-13 09:58:12.411808'},null,'J5VZ                          ',null);
INSERT INTO "GALADM"."GAL245TBX" (PART_ID,PART_NAME,MODEL_YEAR_CODE,MODEL_CODE,MODEL_TYPE_CODE,MODEL_OPTION_CODE,EXT_COLOR_CODE,INT_COLOR_CODE,CREATE_TIMESTAMP,UPDATE_TIMESTAMP,PRODUCT_SPEC_CODE,UPDATE_USER) VALUES ('A0001','KNOCK BOLTS TIMING CHAIN        ','K','5BB','*  ','*  ','*         ','* ',{ts '2017-11-24 09:15:26.214789'},null,'K5BB                          ',null);
INSERT INTO "GALADM"."GAL245TBX" (PART_ID,PART_NAME,MODEL_YEAR_CODE,MODEL_CODE,MODEL_TYPE_CODE,MODEL_OPTION_CODE,EXT_COLOR_CODE,INT_COLOR_CODE,CREATE_TIMESTAMP,UPDATE_TIMESTAMP,PRODUCT_SPEC_CODE,UPDATE_USER) VALUES ('A0001','KNOCK BOLTS TIMING CHAIN        ','K','5VZ','*  ','*  ','*         ','* ',{ts '2018-08-29 09:43:22.920669'},null,'K5VZ                          ','VE007741   ');

INSERT INTO "GALADM"."GAL246TBX" (PROCESS_POINT_ID,MODEL_YEAR_CODE,MODEL_CODE,MODEL_TYPE_CODE,MODEL_OPTION_CODE,INT_COLOR_CODE,EXT_COLOR_CODE,PART_NAME,SEQUENCE_NUMBER,EXPECTED_INSTALL_TIME,VERIFICATION_FLAG,SERIAL_NUMBER_SCAN_FLAG,INSTRUCTION_CODE,SERIAL_NUMBER_UNIQUE_FLAG,CREATE_TIMESTAMP,UPDATE_TIMESTAMP,STRATEGY,DEVICE_ID,SUB_ID,PRODUCT_SPEC_CODE,GROUP_ID,PART_CONFIRM_FLAG,UPDATE_USER) VALUES ('AE0EN14101      ','K','5VZ','*  ','*  ','* ','*         ','KNOCK BOLTS TIMING CHAIN        ',1,0,0,0,null,0,{ts '2018-08-29 09:43:22.931520'},null,null,null,null,'K5VZ                          ',null,0,'VE007741   ');
INSERT INTO "GALADM"."GAL246TBX" (PROCESS_POINT_ID,MODEL_YEAR_CODE,MODEL_CODE,MODEL_TYPE_CODE,MODEL_OPTION_CODE,INT_COLOR_CODE,EXT_COLOR_CODE,PART_NAME,SEQUENCE_NUMBER,EXPECTED_INSTALL_TIME,VERIFICATION_FLAG,SERIAL_NUMBER_SCAN_FLAG,INSTRUCTION_CODE,SERIAL_NUMBER_UNIQUE_FLAG,CREATE_TIMESTAMP,UPDATE_TIMESTAMP,STRATEGY,DEVICE_ID,SUB_ID,PRODUCT_SPEC_CODE,GROUP_ID,PART_CONFIRM_FLAG,UPDATE_USER) VALUES ('AE0EN14101      ','K','5VZ','*  ','*  ','* ','*         ','8X35 BOLT FLANGE                ',2,0,0,0,null,0,{ts '2018-08-29 09:43:39.116183'},null,null,null,null,'K5VZ                          ',null,0,'VE007741   ');
INSERT INTO "GALADM"."GAL246TBX" (PROCESS_POINT_ID,MODEL_YEAR_CODE,MODEL_CODE,MODEL_TYPE_CODE,MODEL_OPTION_CODE,INT_COLOR_CODE,EXT_COLOR_CODE,PART_NAME,SEQUENCE_NUMBER,EXPECTED_INSTALL_TIME,VERIFICATION_FLAG,SERIAL_NUMBER_SCAN_FLAG,INSTRUCTION_CODE,SERIAL_NUMBER_UNIQUE_FLAG,CREATE_TIMESTAMP,UPDATE_TIMESTAMP,STRATEGY,DEVICE_ID,SUB_ID,PRODUCT_SPEC_CODE,GROUP_ID,PART_CONFIRM_FLAG,UPDATE_USER) VALUES ('AE0EN14101      ','J','5BB','*  ','*  ','* ','*         ','CHAIN CASE CELL 10MM            ',2,0,0,0,null,0,{ts '2017-02-22 15:05:44.116922'},{ts '2018-02-12 09:02:17.677628'},null,null,null,'J5BB                          ',null,0,null);
INSERT INTO "GALADM"."GAL246TBX" (PROCESS_POINT_ID,MODEL_YEAR_CODE,MODEL_CODE,MODEL_TYPE_CODE,MODEL_OPTION_CODE,INT_COLOR_CODE,EXT_COLOR_CODE,PART_NAME,SEQUENCE_NUMBER,EXPECTED_INSTALL_TIME,VERIFICATION_FLAG,SERIAL_NUMBER_SCAN_FLAG,INSTRUCTION_CODE,SERIAL_NUMBER_UNIQUE_FLAG,CREATE_TIMESTAMP,UPDATE_TIMESTAMP,STRATEGY,DEVICE_ID,SUB_ID,PRODUCT_SPEC_CODE,GROUP_ID,PART_CONFIRM_FLAG,UPDATE_USER) VALUES ('AE0EN14101      ','J','5BB','*  ','*  ','* ','*         ','8X35 BOLT FLANGE                ',3,0,0,0,null,0,{ts '2017-02-22 15:05:44.184849'},{ts '2018-02-12 09:02:35.928806'},null,null,null,'J5BB                          ',null,0,null);
INSERT INTO "GALADM"."GAL246TBX" (PROCESS_POINT_ID,MODEL_YEAR_CODE,MODEL_CODE,MODEL_TYPE_CODE,MODEL_OPTION_CODE,INT_COLOR_CODE,EXT_COLOR_CODE,PART_NAME,SEQUENCE_NUMBER,EXPECTED_INSTALL_TIME,VERIFICATION_FLAG,SERIAL_NUMBER_SCAN_FLAG,INSTRUCTION_CODE,SERIAL_NUMBER_UNIQUE_FLAG,CREATE_TIMESTAMP,UPDATE_TIMESTAMP,STRATEGY,DEVICE_ID,SUB_ID,PRODUCT_SPEC_CODE,GROUP_ID,PART_CONFIRM_FLAG,UPDATE_USER) VALUES ('AE0EN14101      ','J','5BB','*  ','*  ','* ','*         ','KNOCK BOLTS TIMING CHAIN        ',1,0,0,0,null,0,{ts '2017-02-22 15:05:44.307976'},{ts '2018-02-12 09:02:12.602081'},null,null,null,'J5BB                          ',null,0,null);
INSERT INTO "GALADM"."GAL246TBX" (PROCESS_POINT_ID,MODEL_YEAR_CODE,MODEL_CODE,MODEL_TYPE_CODE,MODEL_OPTION_CODE,INT_COLOR_CODE,EXT_COLOR_CODE,PART_NAME,SEQUENCE_NUMBER,EXPECTED_INSTALL_TIME,VERIFICATION_FLAG,SERIAL_NUMBER_SCAN_FLAG,INSTRUCTION_CODE,SERIAL_NUMBER_UNIQUE_FLAG,CREATE_TIMESTAMP,UPDATE_TIMESTAMP,STRATEGY,DEVICE_ID,SUB_ID,PRODUCT_SPEC_CODE,GROUP_ID,PART_CONFIRM_FLAG,UPDATE_USER) VALUES ('AE0EN14101      ','J','5VZ','*  ','*  ','* ','*         ','8X35 BOLT FLANGE                ',2,0,0,0,null,0,{ts '2017-06-13 09:58:12.334263'},{ts '2018-02-12 09:02:30.422591'},null,null,null,'J5VZ                          ',null,0,null);
INSERT INTO "GALADM"."GAL246TBX" (PROCESS_POINT_ID,MODEL_YEAR_CODE,MODEL_CODE,MODEL_TYPE_CODE,MODEL_OPTION_CODE,INT_COLOR_CODE,EXT_COLOR_CODE,PART_NAME,SEQUENCE_NUMBER,EXPECTED_INSTALL_TIME,VERIFICATION_FLAG,SERIAL_NUMBER_SCAN_FLAG,INSTRUCTION_CODE,SERIAL_NUMBER_UNIQUE_FLAG,CREATE_TIMESTAMP,UPDATE_TIMESTAMP,STRATEGY,DEVICE_ID,SUB_ID,PRODUCT_SPEC_CODE,GROUP_ID,PART_CONFIRM_FLAG,UPDATE_USER) VALUES ('AE0EN14101      ','J','5VZ','*  ','*  ','* ','*         ','KNOCK BOLTS TIMING CHAIN        ',1,0,0,0,null,0,{ts '2017-06-13 09:58:12.399794'},{ts '2018-02-12 09:02:14.623374'},null,null,null,'J5VZ                          ',null,0,null);
INSERT INTO "GALADM"."GAL246TBX" (PROCESS_POINT_ID,MODEL_YEAR_CODE,MODEL_CODE,MODEL_TYPE_CODE,MODEL_OPTION_CODE,INT_COLOR_CODE,EXT_COLOR_CODE,PART_NAME,SEQUENCE_NUMBER,EXPECTED_INSTALL_TIME,VERIFICATION_FLAG,SERIAL_NUMBER_SCAN_FLAG,INSTRUCTION_CODE,SERIAL_NUMBER_UNIQUE_FLAG,CREATE_TIMESTAMP,UPDATE_TIMESTAMP,STRATEGY,DEVICE_ID,SUB_ID,PRODUCT_SPEC_CODE,GROUP_ID,PART_CONFIRM_FLAG,UPDATE_USER) VALUES ('AE0EN14101      ','K','5BB','*  ','*  ','* ','*         ','KNOCK BOLTS TIMING CHAIN        ',1,0,0,0,null,0,{ts '2017-11-24 09:15:25.546719'},null,null,null,null,'K5BB                          ',null,0,null);
INSERT INTO "GALADM"."GAL246TBX" (PROCESS_POINT_ID,MODEL_YEAR_CODE,MODEL_CODE,MODEL_TYPE_CODE,MODEL_OPTION_CODE,INT_COLOR_CODE,EXT_COLOR_CODE,PART_NAME,SEQUENCE_NUMBER,EXPECTED_INSTALL_TIME,VERIFICATION_FLAG,SERIAL_NUMBER_SCAN_FLAG,INSTRUCTION_CODE,SERIAL_NUMBER_UNIQUE_FLAG,CREATE_TIMESTAMP,UPDATE_TIMESTAMP,STRATEGY,DEVICE_ID,SUB_ID,PRODUCT_SPEC_CODE,GROUP_ID,PART_CONFIRM_FLAG,UPDATE_USER) VALUES ('AE0EN14101      ','K','5BB','*  ','*  ','* ','*         ','CHAIN CASE CELL 10MM            ',2,0,0,0,null,0,{ts '2017-11-24 09:15:25.548678'},null,null,null,null,'K5BB                          ',null,0,null);
INSERT INTO "GALADM"."GAL246TBX" (PROCESS_POINT_ID,MODEL_YEAR_CODE,MODEL_CODE,MODEL_TYPE_CODE,MODEL_OPTION_CODE,INT_COLOR_CODE,EXT_COLOR_CODE,PART_NAME,SEQUENCE_NUMBER,EXPECTED_INSTALL_TIME,VERIFICATION_FLAG,SERIAL_NUMBER_SCAN_FLAG,INSTRUCTION_CODE,SERIAL_NUMBER_UNIQUE_FLAG,CREATE_TIMESTAMP,UPDATE_TIMESTAMP,STRATEGY,DEVICE_ID,SUB_ID,PRODUCT_SPEC_CODE,GROUP_ID,PART_CONFIRM_FLAG,UPDATE_USER) VALUES ('AE0EN14101      ','K','5BB','*  ','*  ','* ','*         ','8X35 BOLT FLANGE                ',3,0,0,0,null,0,{ts '2017-11-24 09:15:25.549619'},null,null,null,null,'K5BB                          ',null,0,null);

INSERT INTO "GALADM"."GAL261TBX" (PART_NAME,PART_CONFIRM_CHECK,WINDOW_LABEL,CREATE_TIMESTAMP,UPDATE_TIMESTAMP,PRODUCT_TYPE,SUB_PRODUCT_TYPE,PART_VISIBLE,REPAIR_CHECK,EXTERNAL_REQUIRED,LET_CHECK_REQUIRED) VALUES ('8X35 BOLT FLANGE                ',0,'8X35 BOLT FLANGE                ',{ts '2015-08-19 12:39:25.594305'},null,'ENGINE    ',null,null,null,null,null);
INSERT INTO "GALADM"."GAL261TBX" (PART_NAME,PART_CONFIRM_CHECK,WINDOW_LABEL,CREATE_TIMESTAMP,UPDATE_TIMESTAMP,PRODUCT_TYPE,SUB_PRODUCT_TYPE,PART_VISIBLE,REPAIR_CHECK,EXTERNAL_REQUIRED,LET_CHECK_REQUIRED) VALUES ('CHAIN CASE CELL 10MM            ',0,'CHAIN CASE CELL 10MM            ',{ts '2015-06-22 07:13:06.916811'},null,'ENGINE    ',null,null,null,null,null);
INSERT INTO "GALADM"."GAL261TBX" (PART_NAME,PART_CONFIRM_CHECK,WINDOW_LABEL,CREATE_TIMESTAMP,UPDATE_TIMESTAMP,PRODUCT_TYPE,SUB_PRODUCT_TYPE,PART_VISIBLE,REPAIR_CHECK,EXTERNAL_REQUIRED,LET_CHECK_REQUIRED) VALUES ('KNOCK BOLTS TIMING CHAIN        ',0,'KNOCK BOLTS TIMING CHAIN        ',{ts '2010-05-13 13:08:04.666578'},{ts '2014-05-18 07:42:37.767477'},'ENGINE    ',null,null,null,null,null);

INSERT INTO "GALADM"."PART_SPEC_TBX" (PART_NAME,PART_ID,PART_DESCRIPTION,PART_SERIAL_NUMBER_MASK,PART_MAX_ATTEMPTS,MEASUREMENT_COUNT,ENTRY_TIMESTAMP,CREATE_TIMESTAMP,UPDATE_TIMESTAMP,COMMENT,PART_MARK,PART_NUMBER,DISPLAY_TYPE,PARSE_STRATEGY,PARSE_INFORMATION,IMAGE_ID) VALUES ('8X35 BOLT FLANGE                ','A0000','8x35 Bolt Flange','*',0,4,null,{ts '2015-08-19 12:40:25.901471'},{ts '2016-04-16 08:42:11.169302'},'2.0L',null,'                              ',null,null,null,null);
INSERT INTO "GALADM"."PART_SPEC_TBX" (PART_NAME,PART_ID,PART_DESCRIPTION,PART_SERIAL_NUMBER_MASK,PART_MAX_ATTEMPTS,MEASUREMENT_COUNT,ENTRY_TIMESTAMP,CREATE_TIMESTAMP,UPDATE_TIMESTAMP,COMMENT,PART_MARK,PART_NUMBER,DISPLAY_TYPE,PARSE_STRATEGY,PARSE_INFORMATION,IMAGE_ID) VALUES ('8X35 BOLT FLANGE                ','A0001','8x35 Bolt Flange','*',0,7,null,{ts '2015-10-16 06:10:34.803644'},{ts '2016-04-16 08:42:11.169302'},'2.4L 16M',null,'                              ',null,null,null,null);
INSERT INTO "GALADM"."PART_SPEC_TBX" (PART_NAME,PART_ID,PART_DESCRIPTION,PART_SERIAL_NUMBER_MASK,PART_MAX_ATTEMPTS,MEASUREMENT_COUNT,ENTRY_TIMESTAMP,CREATE_TIMESTAMP,UPDATE_TIMESTAMP,COMMENT,PART_MARK,PART_NUMBER,DISPLAY_TYPE,PARSE_STRATEGY,PARSE_INFORMATION,IMAGE_ID) VALUES ('8X35 BOLT FLANGE                ','A0002','8x35 Bolt Flange','*',0,6,null,{ts '2015-11-11 08:27:18.867378'},{ts '2016-04-16 08:42:11.169302'},'2.4L 17M',null,'                              ',null,null,null,null);
INSERT INTO "GALADM"."PART_SPEC_TBX" (PART_NAME,PART_ID,PART_DESCRIPTION,PART_SERIAL_NUMBER_MASK,PART_MAX_ATTEMPTS,MEASUREMENT_COUNT,ENTRY_TIMESTAMP,CREATE_TIMESTAMP,UPDATE_TIMESTAMP,COMMENT,PART_MARK,PART_NUMBER,DISPLAY_TYPE,PARSE_STRATEGY,PARSE_INFORMATION,IMAGE_ID) VALUES ('CHAIN CASE CELL 10MM            ','A0000','Chain Case Cell','*',0,2,null,{ts '2015-06-22 07:13:09.920723'},{ts '2016-04-16 08:42:11.169302'},'Chain Case cell',null,'                              ',null,null,null,null);
INSERT INTO "GALADM"."PART_SPEC_TBX" (PART_NAME,PART_ID,PART_DESCRIPTION,PART_SERIAL_NUMBER_MASK,PART_MAX_ATTEMPTS,MEASUREMENT_COUNT,ENTRY_TIMESTAMP,CREATE_TIMESTAMP,UPDATE_TIMESTAMP,COMMENT,PART_MARK,PART_NUMBER,DISPLAY_TYPE,PARSE_STRATEGY,PARSE_INFORMATION,IMAGE_ID) VALUES ('KNOCK BOLTS TIMING CHAIN        ','A0000','Installed at D2 B BatchCounter','*                             ',0,2,{ts '2011-07-13 13:43:12.480000'},{ts '2013-11-10 08:03:27.433524'},{ts '2016-04-16 08:42:11.169302'},'12 Nm Target torque - Confirm Knock Bolts x2',null,'                              ',null,null,null,null);
INSERT INTO "GALADM"."PART_SPEC_TBX" (PART_NAME,PART_ID,PART_DESCRIPTION,PART_SERIAL_NUMBER_MASK,PART_MAX_ATTEMPTS,MEASUREMENT_COUNT,ENTRY_TIMESTAMP,CREATE_TIMESTAMP,UPDATE_TIMESTAMP,COMMENT,PART_MARK,PART_NUMBER,DISPLAY_TYPE,PARSE_STRATEGY,PARSE_INFORMATION,IMAGE_ID) VALUES ('KNOCK BOLTS TIMING CHAIN        ','A0001','Installed at D2 B BatchCounter','*',0,2,null,{ts '2014-05-18 07:42:41.023429'},{ts '2016-04-16 08:42:11.169302'},'12 Nm Target torque - Confirm Knock Bolts x2',null,'                              ',null,null,null,null);

INSERT INTO "GALADM"."MEASUREMENT_SPEC_TBX" (PART_NAME,PART_ID,MEASUREMENT_SEQ_NUM,MINIMUM_LIMIT,MAXIMUM_LIMIT,MAX_ATTEMPTS,CREATE_TIMESTAMP,UPDATE_TIMESTAMP) VALUES ('KNOCK BOLTS TIMING CHAIN        ','A0000',1,10.0,14.0,0,{ts '2011-07-13 13:43:15.844455'},{ts '2011-09-22 11:11:59.246174'});
INSERT INTO "GALADM"."MEASUREMENT_SPEC_TBX" (PART_NAME,PART_ID,MEASUREMENT_SEQ_NUM,MINIMUM_LIMIT,MAXIMUM_LIMIT,MAX_ATTEMPTS,CREATE_TIMESTAMP,UPDATE_TIMESTAMP) VALUES ('KNOCK BOLTS TIMING CHAIN        ','A0000',2,10.0,14.0,0,{ts '2011-09-22 11:13:17.252560'},{ts '2011-09-22 11:13:29.082379'});

INSERT INTO "GALADM"."PRODUCT_TYPE_TBX" (PRODUCT_TYPE,PRODUCT_TYPE_LABEL,PRODUCT_SPEC_CODE_FORMAT,PRODUCT_SPEC_CODE_LABEL,OWNER_PRODUCT_TYPE,PRODUCT_ID_LABEL,PRODUCT_ID_FORMAT,CREATE_TIMESTAMP,UPDATE_TIMESTAMP) VALUES ('BLOCK     ','Block                         ','M','MTO                           ','BLOCK     ','BLOCK                         ','DCB,MCB                       ',{ts '2012-07-29 06:54:46.995963'},{ts '2015-08-16 13:02:23.143520'});
INSERT INTO "GALADM"."PRODUCT_TYPE_TBX" (PRODUCT_TYPE,PRODUCT_TYPE_LABEL,PRODUCT_SPEC_CODE_FORMAT,PRODUCT_SPEC_CODE_LABEL,OWNER_PRODUCT_TYPE,PRODUCT_ID_LABEL,PRODUCT_ID_FORMAT,CREATE_TIMESTAMP,UPDATE_TIMESTAMP) VALUES ('HEAD      ','Head                          ','M','MC_NUM                        ','HEAD      ','HEAD                          ','DCH,MCH                       ',{ts '2012-07-29 06:54:59.475655'},{ts '2015-08-16 10:58:38.258653'});
INSERT INTO "GALADM"."PRODUCT_TYPE_TBX" (PRODUCT_TYPE,PRODUCT_TYPE_LABEL,PRODUCT_SPEC_CODE_FORMAT,PRODUCT_SPEC_CODE_LABEL,OWNER_PRODUCT_TYPE,PRODUCT_ID_LABEL,PRODUCT_ID_FORMAT,CREATE_TIMESTAMP,UPDATE_TIMESTAMP) VALUES ('ENGINE    ','Engine                        ','YMTOC','MTO                           ','ENGINE    ','EIN                           ','EIN                           ',{ts '2012-07-29 06:55:08.163364'},{ts '2017-08-31 05:30:24.926384'});
INSERT INTO "GALADM"."PRODUCT_TYPE_TBX" (PRODUCT_TYPE,PRODUCT_TYPE_LABEL,PRODUCT_SPEC_CODE_FORMAT,PRODUCT_SPEC_CODE_LABEL,OWNER_PRODUCT_TYPE,PRODUCT_ID_LABEL,PRODUCT_ID_FORMAT,CREATE_TIMESTAMP,UPDATE_TIMESTAMP) VALUES ('FRAME     ','Frame                         ',null,'MTO                           ',null,'VIN                           ','VIN                           ',{ts '2012-07-29 06:55:12.963625'},null);
INSERT INTO "GALADM"."PRODUCT_TYPE_TBX" (PRODUCT_TYPE,PRODUCT_TYPE_LABEL,PRODUCT_SPEC_CODE_FORMAT,PRODUCT_SPEC_CODE_LABEL,OWNER_PRODUCT_TYPE,PRODUCT_ID_LABEL,PRODUCT_ID_FORMAT,CREATE_TIMESTAMP,UPDATE_TIMESTAMP) VALUES ('KNUCKLE   ','Knuckle                       ',null,'MTO                           ','FRAME     ','KNU                           ','KNU                           ',{ts '2012-07-29 06:55:17.019569'},{ts '2012-03-26 09:00:00'});
INSERT INTO "GALADM"."PRODUCT_TYPE_TBX" (PRODUCT_TYPE,PRODUCT_TYPE_LABEL,PRODUCT_SPEC_CODE_FORMAT,PRODUCT_SPEC_CODE_LABEL,OWNER_PRODUCT_TYPE,PRODUCT_ID_LABEL,PRODUCT_ID_FORMAT,CREATE_TIMESTAMP,UPDATE_TIMESTAMP) VALUES ('MBPN      ','MBPN                          ','YM','SPEC                          ','ENGINE    ','MBPN                          ','                              ',{ts '2016-07-06 07:58:53.626559'},{ts '2016-07-06 10:10:03.204619'});

INSERT INTO "GALADM"."GAL212TBX" (PRODUCTION_LOT,LOT_SIZE,START_PRODUCT_ID,SEND_STATUS,STAMPED_COUNT,HOLD_STATUS,SENT_TIMESTAMP,NEXT_PRODUCTION_LOT,LOT_NUMBER,PLANT_CODE,PROCESS_LOCATION,LINE_NO,PRODUCT_SPEC_CODE,CREATE_TIMESTAMP,UPDATE_TIMESTAMP,BUILD_SEQ_NOT_FIXED_FLAG,BUILD_SEQUENCE_NUMBER,PLAN_CODE,KD_LOT_NUMBER) VALUES ('HCM 03AE201810190120',18,'K20C24205985     ',2,18,1,null,'HCM 03AE201810190130','201810190120','HCM ','AE','03','K5BBLF900             ',{ts '2018-10-13 10:50:48.668307'},{ts '2018-10-17 12:11:55.396152'},null,null,null,'HCM 01201810034502');
INSERT INTO "GALADM"."GAL212TBX" (PRODUCTION_LOT,LOT_SIZE,START_PRODUCT_ID,SEND_STATUS,STAMPED_COUNT,HOLD_STATUS,SENT_TIMESTAMP,NEXT_PRODUCTION_LOT,LOT_NUMBER,PLANT_CODE,PROCESS_LOCATION,LINE_NO,PRODUCT_SPEC_CODE,CREATE_TIMESTAMP,UPDATE_TIMESTAMP,BUILD_SEQ_NOT_FIXED_FLAG,BUILD_SEQUENCE_NUMBER,PLAN_CODE,KD_LOT_NUMBER) VALUES ('HCM 03AE201810190130',12,'K20C24206003     ',2,12,1,null,'HCM 03AE201810190140','201810190130','HCM ','AE','03','K5BBAF900             ',{ts '2018-10-13 10:50:49.773775'},{ts '2018-10-17 12:23:23.009600'},null,null,null,'HCM 01201810034501');
INSERT INTO "GALADM"."GAL212TBX" (PRODUCTION_LOT,LOT_SIZE,START_PRODUCT_ID,SEND_STATUS,STAMPED_COUNT,HOLD_STATUS,SENT_TIMESTAMP,NEXT_PRODUCTION_LOT,LOT_NUMBER,PLANT_CODE,PROCESS_LOCATION,LINE_NO,PRODUCT_SPEC_CODE,CREATE_TIMESTAMP,UPDATE_TIMESTAMP,BUILD_SEQ_NOT_FIXED_FLAG,BUILD_SEQUENCE_NUMBER,PLAN_CODE,KD_LOT_NUMBER) VALUES ('HCM 03AE201810190140',30,'K20C24206015     ',2,30,1,null,null,'201810190140','HCM ','AE','03','K5BBAF900             ',{ts '2018-10-13 10:50:50.865481'},{ts '2018-10-17 13:00:17.779271'},null,null,null,'HCM 01201810034401');

INSERT INTO "GALADM"."GAL217TBX" (PRODUCTION_LOT,PLAN_CODE,LINE_NO,PROCESS_LOCATION,WE_LINE_NO,WE_PROCESS_LOCATION,PA_LINE_NO,PA_PROCESS_LOCATION,PRODUCT_SPEC_CODE,KD_LOT_NUMBER,START_PRODUCT_ID,LOT_SIZE,DEMAND_TYPE,PLAN_OFF_DATE,PRODUCTION_DATE,LOT_PASS_FLAG,LOT_NUMBER,PLANT_CODE,LOT_STATUS,CREATE_TIMESTAMP,UPDATE_TIMESTAMP,PROD_LOT_KD) VALUES ('HCM 03AE201810190120','HCM 034AE  ','03','AE','  ','  ','  ','  ','K5BBLF900                     ','HCM 01201810034502','K20C24205985     ',18,'MP',{d '2018-10-19'},{d '2018-10-19'},0,'201810190120','HCM ',1,{ts '2018-10-13 10:50:48.599631'},{ts '2018-10-17 12:11:55.404034'},'HCM 03AE201810190120');
INSERT INTO "GALADM"."GAL217TBX" (PRODUCTION_LOT,PLAN_CODE,LINE_NO,PROCESS_LOCATION,WE_LINE_NO,WE_PROCESS_LOCATION,PA_LINE_NO,PA_PROCESS_LOCATION,PRODUCT_SPEC_CODE,KD_LOT_NUMBER,START_PRODUCT_ID,LOT_SIZE,DEMAND_TYPE,PLAN_OFF_DATE,PRODUCTION_DATE,LOT_PASS_FLAG,LOT_NUMBER,PLANT_CODE,LOT_STATUS,CREATE_TIMESTAMP,UPDATE_TIMESTAMP,PROD_LOT_KD) VALUES ('HCM 03AE201810190130','HCM 034AE  ','03','AE','  ','  ','  ','  ','K5BBAF900                     ','HCM 01201810034501','K20C24206003     ',12,'MP',{d '2018-10-19'},{d '2018-10-19'},0,'201810190130','HCM ',1,{ts '2018-10-13 10:50:49.691475'},{ts '2018-10-17 12:23:23.016611'},'HCM 03AE201810190130');
INSERT INTO "GALADM"."GAL217TBX" (PRODUCTION_LOT,PLAN_CODE,LINE_NO,PROCESS_LOCATION,WE_LINE_NO,WE_PROCESS_LOCATION,PA_LINE_NO,PA_PROCESS_LOCATION,PRODUCT_SPEC_CODE,KD_LOT_NUMBER,START_PRODUCT_ID,LOT_SIZE,DEMAND_TYPE,PLAN_OFF_DATE,PRODUCTION_DATE,LOT_PASS_FLAG,LOT_NUMBER,PLANT_CODE,LOT_STATUS,CREATE_TIMESTAMP,UPDATE_TIMESTAMP,PROD_LOT_KD) VALUES ('HCM 03AE201810190140','HCM 034AE  ','03','AE','  ','  ','  ','  ','K5BBAF900                     ','HCM 01201810034401','K20C24206015     ',30,'MP',{d '2018-10-19'},{d '2018-10-19'},0,'201810190140','HCM ',1,{ts '2018-10-13 10:50:50.786788'},{ts '2018-10-17 13:00:17.789570'},'HCM 03AE201810190140');

INSERT INTO "GALADM"."GAL131TBX" (PRODUCT_ID,VIN,MISSION_SERIAL_NO,ENGINE_FIRING_FLAG,PRODUCTION_LOT,KD_LOT_NUMBER,PRODUCT_SPEC_CODE,PLAN_OFF_DATE,TRACKING_STATUS,PRODUCTION_DATE,PRODUCT_START_DATE,ACTUAL_OFF_DATE,AUTO_HOLD_STATUS,LAST_PASSING_PROCESS_POINT_ID,MISSION_STATUS,FIRING_TYPE,REPAIR_FLAG,ACTUAL_MISSION_TYPE,CREATE_TIMESTAMP,UPDATE_TIMESTAMP,DEFECT_STATUS) VALUES ('K20C24205985     ',null,'JDJC4003963         ',0,'HCM 03AE201810190120','HCM 01201810034502','K5BBLF900             ',{d '2018-10-19'},'AE1SS1          ',{d '2018-10-19'},null,null,0,'AE0EN16101      ',1,0,0,'K5DJCA0               ',{ts '2018-10-13 10:50:48.614839'},{ts '2018-10-17 14:39:46.659455'},null);
INSERT INTO "GALADM"."GAL131TBX" (PRODUCT_ID,VIN,MISSION_SERIAL_NO,ENGINE_FIRING_FLAG,PRODUCTION_LOT,KD_LOT_NUMBER,PRODUCT_SPEC_CODE,PLAN_OFF_DATE,TRACKING_STATUS,PRODUCTION_DATE,PRODUCT_START_DATE,ACTUAL_OFF_DATE,AUTO_HOLD_STATUS,LAST_PASSING_PROCESS_POINT_ID,MISSION_STATUS,FIRING_TYPE,REPAIR_FLAG,ACTUAL_MISSION_TYPE,CREATE_TIMESTAMP,UPDATE_TIMESTAMP,DEFECT_STATUS) VALUES ('K20C24205986     ',null,'JDJC4003962         ',0,'HCM 03AE201810190120','HCM 01201810034502','K5BBLF900             ',{d '2018-10-19'},'AE1SS1          ',{d '2018-10-19'},null,null,0,'AE0EN16101      ',1,0,0,'K5DJCA0               ',{ts '2018-10-13 10:50:48.614997'},{ts '2018-10-17 14:39:46.747947'},null);
INSERT INTO "GALADM"."GAL131TBX" (PRODUCT_ID,VIN,MISSION_SERIAL_NO,ENGINE_FIRING_FLAG,PRODUCTION_LOT,KD_LOT_NUMBER,PRODUCT_SPEC_CODE,PLAN_OFF_DATE,TRACKING_STATUS,PRODUCTION_DATE,PRODUCT_START_DATE,ACTUAL_OFF_DATE,AUTO_HOLD_STATUS,LAST_PASSING_PROCESS_POINT_ID,MISSION_STATUS,FIRING_TYPE,REPAIR_FLAG,ACTUAL_MISSION_TYPE,CREATE_TIMESTAMP,UPDATE_TIMESTAMP,DEFECT_STATUS) VALUES ('K20C24205987     ',null,'JDJC4003958         ',0,'HCM 03AE201810190120','HCM 01201810034502','K5BBLF900             ',{d '2018-10-19'},'AE1SS1          ',{d '2018-10-19'},null,null,0,'AE0EN16101      ',1,0,0,'K5DJCA0               ',{ts '2018-10-13 10:50:48.615093'},{ts '2018-10-17 14:39:46.818183'},null);
INSERT INTO "GALADM"."GAL131TBX" (PRODUCT_ID,VIN,MISSION_SERIAL_NO,ENGINE_FIRING_FLAG,PRODUCTION_LOT,KD_LOT_NUMBER,PRODUCT_SPEC_CODE,PLAN_OFF_DATE,TRACKING_STATUS,PRODUCTION_DATE,PRODUCT_START_DATE,ACTUAL_OFF_DATE,AUTO_HOLD_STATUS,LAST_PASSING_PROCESS_POINT_ID,MISSION_STATUS,FIRING_TYPE,REPAIR_FLAG,ACTUAL_MISSION_TYPE,CREATE_TIMESTAMP,UPDATE_TIMESTAMP,DEFECT_STATUS) VALUES ('K20C24205988     ',null,'JDJC4003959         ',0,'HCM 03AE201810190120','HCM 01201810034502','K5BBLF900             ',{d '2018-10-19'},'AE1SS1          ',{d '2018-10-19'},null,null,0,'AE0EN16101      ',1,0,0,'K5DJCA0               ',{ts '2018-10-13 10:50:48.615204'},{ts '2018-10-17 17:06:25.453375'},null);
INSERT INTO "GALADM"."GAL131TBX" (PRODUCT_ID,VIN,MISSION_SERIAL_NO,ENGINE_FIRING_FLAG,PRODUCTION_LOT,KD_LOT_NUMBER,PRODUCT_SPEC_CODE,PLAN_OFF_DATE,TRACKING_STATUS,PRODUCTION_DATE,PRODUCT_START_DATE,ACTUAL_OFF_DATE,AUTO_HOLD_STATUS,LAST_PASSING_PROCESS_POINT_ID,MISSION_STATUS,FIRING_TYPE,REPAIR_FLAG,ACTUAL_MISSION_TYPE,CREATE_TIMESTAMP,UPDATE_TIMESTAMP,DEFECT_STATUS) VALUES ('K20C24205989     ',null,'JDJC4003965         ',0,'HCM 03AE201810190120','HCM 01201810034502','K5BBLF900             ',{d '2018-10-19'},'AE1SS1          ',{d '2018-10-19'},null,null,0,'AE0EN16101      ',1,0,0,'K5DJCA0               ',{ts '2018-10-13 10:50:48.615271'},{ts '2018-10-17 14:39:46.875084'},null);
INSERT INTO "GALADM"."GAL131TBX" (PRODUCT_ID,VIN,MISSION_SERIAL_NO,ENGINE_FIRING_FLAG,PRODUCTION_LOT,KD_LOT_NUMBER,PRODUCT_SPEC_CODE,PLAN_OFF_DATE,TRACKING_STATUS,PRODUCTION_DATE,PRODUCT_START_DATE,ACTUAL_OFF_DATE,AUTO_HOLD_STATUS,LAST_PASSING_PROCESS_POINT_ID,MISSION_STATUS,FIRING_TYPE,REPAIR_FLAG,ACTUAL_MISSION_TYPE,CREATE_TIMESTAMP,UPDATE_TIMESTAMP,DEFECT_STATUS) VALUES ('K20C24205990     ',null,'JDJC4004020         ',0,'HCM 03AE201810190120','HCM 01201810034502','K5BBLF900             ',{d '2018-10-19'},'AE1SS1          ',{d '2018-10-19'},null,null,0,'AE0EN16101      ',1,0,0,'K5DJCA0               ',{ts '2018-10-13 10:50:48.615337'},{ts '2018-10-17 17:06:25.388194'},null);
INSERT INTO "GALADM"."GAL131TBX" (PRODUCT_ID,VIN,MISSION_SERIAL_NO,ENGINE_FIRING_FLAG,PRODUCTION_LOT,KD_LOT_NUMBER,PRODUCT_SPEC_CODE,PLAN_OFF_DATE,TRACKING_STATUS,PRODUCTION_DATE,PRODUCT_START_DATE,ACTUAL_OFF_DATE,AUTO_HOLD_STATUS,LAST_PASSING_PROCESS_POINT_ID,MISSION_STATUS,FIRING_TYPE,REPAIR_FLAG,ACTUAL_MISSION_TYPE,CREATE_TIMESTAMP,UPDATE_TIMESTAMP,DEFECT_STATUS) VALUES ('K20C24205991     ',null,'JDJC4003960         ',0,'HCM 03AE201810190120','HCM 01201810034502','K5BBLF900             ',{d '2018-10-19'},'AE1SS1          ',{d '2018-10-19'},null,null,0,'AE0EN16101      ',1,0,0,'K5DJCA0               ',{ts '2018-10-13 10:50:48.615404'},{ts '2018-10-17 14:39:46.928880'},null);
INSERT INTO "GALADM"."GAL131TBX" (PRODUCT_ID,VIN,MISSION_SERIAL_NO,ENGINE_FIRING_FLAG,PRODUCTION_LOT,KD_LOT_NUMBER,PRODUCT_SPEC_CODE,PLAN_OFF_DATE,TRACKING_STATUS,PRODUCTION_DATE,PRODUCT_START_DATE,ACTUAL_OFF_DATE,AUTO_HOLD_STATUS,LAST_PASSING_PROCESS_POINT_ID,MISSION_STATUS,FIRING_TYPE,REPAIR_FLAG,ACTUAL_MISSION_TYPE,CREATE_TIMESTAMP,UPDATE_TIMESTAMP,DEFECT_STATUS) VALUES ('K20C24205992     ',null,'JDJC4005992         ',0,'HCM 03AE201810190120','HCM 01201810034502','K5BBLF900             ',{d '2018-10-19'},'AE1SS1          ',{d '2018-10-19'},null,null,0,'AE0EN16101      ',1,0,0,'K5DJCA0               ',{ts '2018-10-13 10:50:48.615469'},{ts '2018-10-17 14:39:46.987653'},null);
INSERT INTO "GALADM"."GAL131TBX" (PRODUCT_ID,VIN,MISSION_SERIAL_NO,ENGINE_FIRING_FLAG,PRODUCTION_LOT,KD_LOT_NUMBER,PRODUCT_SPEC_CODE,PLAN_OFF_DATE,TRACKING_STATUS,PRODUCTION_DATE,PRODUCT_START_DATE,ACTUAL_OFF_DATE,AUTO_HOLD_STATUS,LAST_PASSING_PROCESS_POINT_ID,MISSION_STATUS,FIRING_TYPE,REPAIR_FLAG,ACTUAL_MISSION_TYPE,CREATE_TIMESTAMP,UPDATE_TIMESTAMP,DEFECT_STATUS) VALUES ('K20C24205993     ',null,'JDJC4005996         ',0,'HCM 03AE201810190120','HCM 01201810034502','K5BBLF900             ',{d '2018-10-19'},'AE1SS1          ',{d '2018-10-19'},null,null,0,'AE0EN16101      ',1,0,0,'K5DJCA0               ',{ts '2018-10-13 10:50:48.615562'},{ts '2018-10-17 14:39:47.064254'},null);
INSERT INTO "GALADM"."GAL131TBX" (PRODUCT_ID,VIN,MISSION_SERIAL_NO,ENGINE_FIRING_FLAG,PRODUCTION_LOT,KD_LOT_NUMBER,PRODUCT_SPEC_CODE,PLAN_OFF_DATE,TRACKING_STATUS,PRODUCTION_DATE,PRODUCT_START_DATE,ACTUAL_OFF_DATE,AUTO_HOLD_STATUS,LAST_PASSING_PROCESS_POINT_ID,MISSION_STATUS,FIRING_TYPE,REPAIR_FLAG,ACTUAL_MISSION_TYPE,CREATE_TIMESTAMP,UPDATE_TIMESTAMP,DEFECT_STATUS) VALUES ('K20C24205994     ',null,'JDJC4004022         ',0,'HCM 03AE201810190120','HCM 01201810034502','K5BBLF900             ',{d '2018-10-19'},'AE1SS1          ',{d '2018-10-19'},null,null,0,'AE0EN16101      ',1,0,0,'K5DJCA0               ',{ts '2018-10-13 10:50:48.615663'},{ts '2018-10-17 14:39:47.108486'},null);
INSERT INTO "GALADM"."GAL131TBX" (PRODUCT_ID,VIN,MISSION_SERIAL_NO,ENGINE_FIRING_FLAG,PRODUCTION_LOT,KD_LOT_NUMBER,PRODUCT_SPEC_CODE,PLAN_OFF_DATE,TRACKING_STATUS,PRODUCTION_DATE,PRODUCT_START_DATE,ACTUAL_OFF_DATE,AUTO_HOLD_STATUS,LAST_PASSING_PROCESS_POINT_ID,MISSION_STATUS,FIRING_TYPE,REPAIR_FLAG,ACTUAL_MISSION_TYPE,CREATE_TIMESTAMP,UPDATE_TIMESTAMP,DEFECT_STATUS) VALUES ('K20C24205995     ',null,'JDJC4005994         ',0,'HCM 03AE201810190120','HCM 01201810034502','K5BBLF900             ',{d '2018-10-19'},'AE1SS1          ',{d '2018-10-19'},null,null,0,'AE0EN16101      ',1,0,0,'K5DJCA0               ',{ts '2018-10-13 10:50:48.615749'},{ts '2018-10-17 14:39:47.169445'},null);
INSERT INTO "GALADM"."GAL131TBX" (PRODUCT_ID,VIN,MISSION_SERIAL_NO,ENGINE_FIRING_FLAG,PRODUCTION_LOT,KD_LOT_NUMBER,PRODUCT_SPEC_CODE,PLAN_OFF_DATE,TRACKING_STATUS,PRODUCTION_DATE,PRODUCT_START_DATE,ACTUAL_OFF_DATE,AUTO_HOLD_STATUS,LAST_PASSING_PROCESS_POINT_ID,MISSION_STATUS,FIRING_TYPE,REPAIR_FLAG,ACTUAL_MISSION_TYPE,CREATE_TIMESTAMP,UPDATE_TIMESTAMP,DEFECT_STATUS) VALUES ('K20C24205996     ',null,'JDJC4005997         ',0,'HCM 03AE201810190120','HCM 01201810034502','K5BBLF900             ',{d '2018-10-19'},'AE1SS1          ',{d '2018-10-19'},null,null,0,'AE0EN16101      ',1,0,0,'K5DJCA0               ',{ts '2018-10-13 10:50:48.615822'},{ts '2018-10-17 14:39:47.228589'},null);
INSERT INTO "GALADM"."GAL131TBX" (PRODUCT_ID,VIN,MISSION_SERIAL_NO,ENGINE_FIRING_FLAG,PRODUCTION_LOT,KD_LOT_NUMBER,PRODUCT_SPEC_CODE,PLAN_OFF_DATE,TRACKING_STATUS,PRODUCTION_DATE,PRODUCT_START_DATE,ACTUAL_OFF_DATE,AUTO_HOLD_STATUS,LAST_PASSING_PROCESS_POINT_ID,MISSION_STATUS,FIRING_TYPE,REPAIR_FLAG,ACTUAL_MISSION_TYPE,CREATE_TIMESTAMP,UPDATE_TIMESTAMP,DEFECT_STATUS) VALUES ('K20C24205997     ',null,'JDJC4005998         ',0,'HCM 03AE201810190120','HCM 01201810034502','K5BBLF900             ',{d '2018-10-19'},'AE1SS1          ',{d '2018-10-19'},null,null,0,'AE0EN16101      ',1,0,0,'K5DJCA0               ',{ts '2018-10-13 10:50:48.615890'},{ts '2018-10-17 14:39:47.283161'},null);
INSERT INTO "GALADM"."GAL131TBX" (PRODUCT_ID,VIN,MISSION_SERIAL_NO,ENGINE_FIRING_FLAG,PRODUCTION_LOT,KD_LOT_NUMBER,PRODUCT_SPEC_CODE,PLAN_OFF_DATE,TRACKING_STATUS,PRODUCTION_DATE,PRODUCT_START_DATE,ACTUAL_OFF_DATE,AUTO_HOLD_STATUS,LAST_PASSING_PROCESS_POINT_ID,MISSION_STATUS,FIRING_TYPE,REPAIR_FLAG,ACTUAL_MISSION_TYPE,CREATE_TIMESTAMP,UPDATE_TIMESTAMP,DEFECT_STATUS) VALUES ('K20C24205998     ',null,'JDJC4006014         ',0,'HCM 03AE201810190120','HCM 01201810034502','K5BBLF900             ',{d '2018-10-19'},'AE1SS1          ',{d '2018-10-19'},null,null,0,'AE0EN16101      ',1,0,0,'K5DJCA0               ',{ts '2018-10-13 10:50:48.615986'},{ts '2018-10-19 13:12:32.044215'},null);
INSERT INTO "GALADM"."GAL131TBX" (PRODUCT_ID,VIN,MISSION_SERIAL_NO,ENGINE_FIRING_FLAG,PRODUCTION_LOT,KD_LOT_NUMBER,PRODUCT_SPEC_CODE,PLAN_OFF_DATE,TRACKING_STATUS,PRODUCTION_DATE,PRODUCT_START_DATE,ACTUAL_OFF_DATE,AUTO_HOLD_STATUS,LAST_PASSING_PROCESS_POINT_ID,MISSION_STATUS,FIRING_TYPE,REPAIR_FLAG,ACTUAL_MISSION_TYPE,CREATE_TIMESTAMP,UPDATE_TIMESTAMP,DEFECT_STATUS) VALUES ('K20C24205999     ',null,'JDJC4005999         ',0,'HCM 03AE201810190120','HCM 01201810034502','K5BBLF900             ',{d '2018-10-19'},'AE1SS1          ',{d '2018-10-19'},null,null,0,'AE0EN16101      ',1,0,0,'K5DJCA0               ',{ts '2018-10-13 10:50:48.616060'},{ts '2018-10-19 13:12:32.440786'},null);
INSERT INTO "GALADM"."GAL131TBX" (PRODUCT_ID,VIN,MISSION_SERIAL_NO,ENGINE_FIRING_FLAG,PRODUCTION_LOT,KD_LOT_NUMBER,PRODUCT_SPEC_CODE,PLAN_OFF_DATE,TRACKING_STATUS,PRODUCTION_DATE,PRODUCT_START_DATE,ACTUAL_OFF_DATE,AUTO_HOLD_STATUS,LAST_PASSING_PROCESS_POINT_ID,MISSION_STATUS,FIRING_TYPE,REPAIR_FLAG,ACTUAL_MISSION_TYPE,CREATE_TIMESTAMP,UPDATE_TIMESTAMP,DEFECT_STATUS) VALUES ('K20C24206000     ',null,'JDJC4006016         ',0,'HCM 03AE201810190120','HCM 01201810034502','K5BBLF900             ',{d '2018-10-19'},'AE1SS1          ',{d '2018-10-19'},null,null,0,'AE0EN16101      ',1,0,0,'K5DJCA0               ',{ts '2018-10-13 10:50:48.616148'},{ts '2018-10-19 13:12:32.470572'},null);
INSERT INTO "GALADM"."GAL131TBX" (PRODUCT_ID,VIN,MISSION_SERIAL_NO,ENGINE_FIRING_FLAG,PRODUCTION_LOT,KD_LOT_NUMBER,PRODUCT_SPEC_CODE,PLAN_OFF_DATE,TRACKING_STATUS,PRODUCTION_DATE,PRODUCT_START_DATE,ACTUAL_OFF_DATE,AUTO_HOLD_STATUS,LAST_PASSING_PROCESS_POINT_ID,MISSION_STATUS,FIRING_TYPE,REPAIR_FLAG,ACTUAL_MISSION_TYPE,CREATE_TIMESTAMP,UPDATE_TIMESTAMP,DEFECT_STATUS) VALUES ('K20C24206001     ',null,'JDJC4006018         ',0,'HCM 03AE201810190120','HCM 01201810034502','K5BBLF900             ',{d '2018-10-19'},'AE1SS1          ',{d '2018-10-19'},null,null,0,'AE0EN16101      ',1,0,0,'K5DJCA0               ',{ts '2018-10-13 10:50:48.616233'},{ts '2018-10-19 13:12:32.507508'},null);
INSERT INTO "GALADM"."GAL131TBX" (PRODUCT_ID,VIN,MISSION_SERIAL_NO,ENGINE_FIRING_FLAG,PRODUCTION_LOT,KD_LOT_NUMBER,PRODUCT_SPEC_CODE,PLAN_OFF_DATE,TRACKING_STATUS,PRODUCTION_DATE,PRODUCT_START_DATE,ACTUAL_OFF_DATE,AUTO_HOLD_STATUS,LAST_PASSING_PROCESS_POINT_ID,MISSION_STATUS,FIRING_TYPE,REPAIR_FLAG,ACTUAL_MISSION_TYPE,CREATE_TIMESTAMP,UPDATE_TIMESTAMP,DEFECT_STATUS) VALUES ('K20C24206002     ',null,'JDJC4006012         ',0,'HCM 03AE201810190120','HCM 01201810034502','K5BBLF900             ',{d '2018-10-19'},'AE1SS1          ',{d '2018-10-19'},null,null,0,'AE0EN16101      ',1,0,0,'K5DJCA0               ',{ts '2018-10-13 10:50:48.616302'},{ts '2018-10-19 13:12:32.556810'},null);
INSERT INTO "GALADM"."GAL131TBX" (PRODUCT_ID,VIN,MISSION_SERIAL_NO,ENGINE_FIRING_FLAG,PRODUCTION_LOT,KD_LOT_NUMBER,PRODUCT_SPEC_CODE,PLAN_OFF_DATE,TRACKING_STATUS,PRODUCTION_DATE,PRODUCT_START_DATE,ACTUAL_OFF_DATE,AUTO_HOLD_STATUS,LAST_PASSING_PROCESS_POINT_ID,MISSION_STATUS,FIRING_TYPE,REPAIR_FLAG,ACTUAL_MISSION_TYPE,CREATE_TIMESTAMP,UPDATE_TIMESTAMP,DEFECT_STATUS) VALUES ('K20C24206003     ',null,'JDJC4006015         ',0,'HCM 03AE201810190130','HCM 01201810034501','K5BBAF900             ',{d '2018-10-19'},'AE1SS1          ',{d '2018-10-19'},null,null,0,'AE0EN16101      ',1,0,0,'K5DJCA0               ',{ts '2018-10-13 10:50:49.705331'},{ts '2018-10-17 14:39:47.850855'},null);
INSERT INTO "GALADM"."GAL131TBX" (PRODUCT_ID,VIN,MISSION_SERIAL_NO,ENGINE_FIRING_FLAG,PRODUCTION_LOT,KD_LOT_NUMBER,PRODUCT_SPEC_CODE,PLAN_OFF_DATE,TRACKING_STATUS,PRODUCTION_DATE,PRODUCT_START_DATE,ACTUAL_OFF_DATE,AUTO_HOLD_STATUS,LAST_PASSING_PROCESS_POINT_ID,MISSION_STATUS,FIRING_TYPE,REPAIR_FLAG,ACTUAL_MISSION_TYPE,CREATE_TIMESTAMP,UPDATE_TIMESTAMP,DEFECT_STATUS) VALUES ('K20C24206004     ',null,'JDJC4006013         ',0,'HCM 03AE201810190130','HCM 01201810034501','K5BBAF900             ',{d '2018-10-19'},'AE1SS1          ',{d '2018-10-19'},null,null,0,'AE0EN16101      ',1,0,0,'K5DJCA0               ',{ts '2018-10-13 10:50:49.705518'},{ts '2018-10-17 14:39:47.900777'},null);
INSERT INTO "GALADM"."GAL131TBX" (PRODUCT_ID,VIN,MISSION_SERIAL_NO,ENGINE_FIRING_FLAG,PRODUCTION_LOT,KD_LOT_NUMBER,PRODUCT_SPEC_CODE,PLAN_OFF_DATE,TRACKING_STATUS,PRODUCTION_DATE,PRODUCT_START_DATE,ACTUAL_OFF_DATE,AUTO_HOLD_STATUS,LAST_PASSING_PROCESS_POINT_ID,MISSION_STATUS,FIRING_TYPE,REPAIR_FLAG,ACTUAL_MISSION_TYPE,CREATE_TIMESTAMP,UPDATE_TIMESTAMP,DEFECT_STATUS) VALUES ('K20C24206005     ',null,'JDJC4004024         ',0,'HCM 03AE201810190130','HCM 01201810034501','K5BBAF900             ',{d '2018-10-19'},'AE1SS1          ',{d '2018-10-19'},null,null,0,'AE0EN16101      ',1,0,0,'K5DJCA0               ',{ts '2018-10-13 10:50:49.705611'},{ts '2018-10-17 14:39:47.967861'},null);
INSERT INTO "GALADM"."GAL131TBX" (PRODUCT_ID,VIN,MISSION_SERIAL_NO,ENGINE_FIRING_FLAG,PRODUCTION_LOT,KD_LOT_NUMBER,PRODUCT_SPEC_CODE,PLAN_OFF_DATE,TRACKING_STATUS,PRODUCTION_DATE,PRODUCT_START_DATE,ACTUAL_OFF_DATE,AUTO_HOLD_STATUS,LAST_PASSING_PROCESS_POINT_ID,MISSION_STATUS,FIRING_TYPE,REPAIR_FLAG,ACTUAL_MISSION_TYPE,CREATE_TIMESTAMP,UPDATE_TIMESTAMP,DEFECT_STATUS) VALUES ('K20C24206006     ',null,'JDJC4004023         ',0,'HCM 03AE201810190130','HCM 01201810034501','K5BBAF900             ',{d '2018-10-19'},'AE1SS1          ',{d '2018-10-19'},null,null,0,'AE0EN16101      ',1,0,0,'K5DJCA0               ',{ts '2018-10-13 10:50:49.705680'},{ts '2018-10-17 14:39:48.000618'},null);
INSERT INTO "GALADM"."GAL131TBX" (PRODUCT_ID,VIN,MISSION_SERIAL_NO,ENGINE_FIRING_FLAG,PRODUCTION_LOT,KD_LOT_NUMBER,PRODUCT_SPEC_CODE,PLAN_OFF_DATE,TRACKING_STATUS,PRODUCTION_DATE,PRODUCT_START_DATE,ACTUAL_OFF_DATE,AUTO_HOLD_STATUS,LAST_PASSING_PROCESS_POINT_ID,MISSION_STATUS,FIRING_TYPE,REPAIR_FLAG,ACTUAL_MISSION_TYPE,CREATE_TIMESTAMP,UPDATE_TIMESTAMP,DEFECT_STATUS) VALUES ('K20C24206007     ',null,'JDJC4004019         ',0,'HCM 03AE201810190130','HCM 01201810034501','K5BBAF900             ',{d '2018-10-19'},'AE1SS1          ',{d '2018-10-19'},null,null,0,'AE0EN16101      ',1,0,0,'K5DJCA0               ',{ts '2018-10-13 10:50:49.705804'},{ts '2018-10-17 14:39:48.040907'},null);
INSERT INTO "GALADM"."GAL131TBX" (PRODUCT_ID,VIN,MISSION_SERIAL_NO,ENGINE_FIRING_FLAG,PRODUCTION_LOT,KD_LOT_NUMBER,PRODUCT_SPEC_CODE,PLAN_OFF_DATE,TRACKING_STATUS,PRODUCTION_DATE,PRODUCT_START_DATE,ACTUAL_OFF_DATE,AUTO_HOLD_STATUS,LAST_PASSING_PROCESS_POINT_ID,MISSION_STATUS,FIRING_TYPE,REPAIR_FLAG,ACTUAL_MISSION_TYPE,CREATE_TIMESTAMP,UPDATE_TIMESTAMP,DEFECT_STATUS) VALUES ('K20C24206008     ',null,'JDJC4004021         ',0,'HCM 03AE201810190130','HCM 01201810034501','K5BBAF900             ',{d '2018-10-19'},'AE1SS1          ',{d '2018-10-19'},null,null,0,'AE0EN16101      ',1,0,0,'K5DJCA0               ',{ts '2018-10-13 10:50:49.705882'},{ts '2018-10-17 14:39:48.079357'},null);
INSERT INTO "GALADM"."GAL131TBX" (PRODUCT_ID,VIN,MISSION_SERIAL_NO,ENGINE_FIRING_FLAG,PRODUCTION_LOT,KD_LOT_NUMBER,PRODUCT_SPEC_CODE,PLAN_OFF_DATE,TRACKING_STATUS,PRODUCTION_DATE,PRODUCT_START_DATE,ACTUAL_OFF_DATE,AUTO_HOLD_STATUS,LAST_PASSING_PROCESS_POINT_ID,MISSION_STATUS,FIRING_TYPE,REPAIR_FLAG,ACTUAL_MISSION_TYPE,CREATE_TIMESTAMP,UPDATE_TIMESTAMP,DEFECT_STATUS) VALUES ('K20C24206009     ',null,'JDJC4003777         ',0,'HCM 03AE201810190130','HCM 01201810034501','K5BBAF900             ',{d '2018-10-19'},'AE1SS1          ',{d '2018-10-19'},null,null,0,'AE0EN16101      ',1,0,0,'K5DJCA0               ',{ts '2018-10-13 10:50:49.705968'},{ts '2018-10-17 14:39:48.127058'},null);
INSERT INTO "GALADM"."GAL131TBX" (PRODUCT_ID,VIN,MISSION_SERIAL_NO,ENGINE_FIRING_FLAG,PRODUCTION_LOT,KD_LOT_NUMBER,PRODUCT_SPEC_CODE,PLAN_OFF_DATE,TRACKING_STATUS,PRODUCTION_DATE,PRODUCT_START_DATE,ACTUAL_OFF_DATE,AUTO_HOLD_STATUS,LAST_PASSING_PROCESS_POINT_ID,MISSION_STATUS,FIRING_TYPE,REPAIR_FLAG,ACTUAL_MISSION_TYPE,CREATE_TIMESTAMP,UPDATE_TIMESTAMP,DEFECT_STATUS) VALUES ('K20C24206010     ',null,'JDJC4003776         ',0,'HCM 03AE201810190130','HCM 01201810034501','K5BBAF900             ',{d '2018-10-19'},'AE1SS1          ',{d '2018-10-19'},null,null,0,'AE0EN16101      ',1,0,0,'K5DJCA0               ',{ts '2018-10-13 10:50:49.706036'},{ts '2018-10-17 14:39:48.179763'},null);
INSERT INTO "GALADM"."GAL131TBX" (PRODUCT_ID,VIN,MISSION_SERIAL_NO,ENGINE_FIRING_FLAG,PRODUCTION_LOT,KD_LOT_NUMBER,PRODUCT_SPEC_CODE,PLAN_OFF_DATE,TRACKING_STATUS,PRODUCTION_DATE,PRODUCT_START_DATE,ACTUAL_OFF_DATE,AUTO_HOLD_STATUS,LAST_PASSING_PROCESS_POINT_ID,MISSION_STATUS,FIRING_TYPE,REPAIR_FLAG,ACTUAL_MISSION_TYPE,CREATE_TIMESTAMP,UPDATE_TIMESTAMP,DEFECT_STATUS) VALUES ('K20C24206011     ',null,'JDJC4003779         ',0,'HCM 03AE201810190130','HCM 01201810034501','K5BBAF900             ',{d '2018-10-19'},'AE1SS1          ',{d '2018-10-19'},null,null,0,'AE0EN16101      ',1,0,0,'K5DJCA0               ',{ts '2018-10-13 10:50:49.715888'},{ts '2018-10-17 14:39:48.223962'},null);
INSERT INTO "GALADM"."GAL131TBX" (PRODUCT_ID,VIN,MISSION_SERIAL_NO,ENGINE_FIRING_FLAG,PRODUCTION_LOT,KD_LOT_NUMBER,PRODUCT_SPEC_CODE,PLAN_OFF_DATE,TRACKING_STATUS,PRODUCTION_DATE,PRODUCT_START_DATE,ACTUAL_OFF_DATE,AUTO_HOLD_STATUS,LAST_PASSING_PROCESS_POINT_ID,MISSION_STATUS,FIRING_TYPE,REPAIR_FLAG,ACTUAL_MISSION_TYPE,CREATE_TIMESTAMP,UPDATE_TIMESTAMP,DEFECT_STATUS) VALUES ('K20C24206012     ',null,'JDJC4003772         ',0,'HCM 03AE201810190130','HCM 01201810034501','K5BBAF900             ',{d '2018-10-19'},'AE1SS1          ',{d '2018-10-19'},null,null,0,'AE0EN16101      ',1,0,0,'K5DJCA0               ',{ts '2018-10-13 10:50:49.715966'},{ts '2018-10-17 14:39:48.289730'},null);
INSERT INTO "GALADM"."GAL131TBX" (PRODUCT_ID,VIN,MISSION_SERIAL_NO,ENGINE_FIRING_FLAG,PRODUCTION_LOT,KD_LOT_NUMBER,PRODUCT_SPEC_CODE,PLAN_OFF_DATE,TRACKING_STATUS,PRODUCTION_DATE,PRODUCT_START_DATE,ACTUAL_OFF_DATE,AUTO_HOLD_STATUS,LAST_PASSING_PROCESS_POINT_ID,MISSION_STATUS,FIRING_TYPE,REPAIR_FLAG,ACTUAL_MISSION_TYPE,CREATE_TIMESTAMP,UPDATE_TIMESTAMP,DEFECT_STATUS) VALUES ('K20C24206013     ',null,'JDJC4003775         ',0,'HCM 03AE201810190130','HCM 01201810034501','K5BBAF900             ',{d '2018-10-19'},'AE1SS1          ',{d '2018-10-19'},null,null,0,'AE0EN16101      ',1,0,0,'K5DJCA0               ',{ts '2018-10-13 10:50:49.730204'},{ts '2018-10-17 14:39:48.327816'},null);
INSERT INTO "GALADM"."GAL131TBX" (PRODUCT_ID,VIN,MISSION_SERIAL_NO,ENGINE_FIRING_FLAG,PRODUCTION_LOT,KD_LOT_NUMBER,PRODUCT_SPEC_CODE,PLAN_OFF_DATE,TRACKING_STATUS,PRODUCTION_DATE,PRODUCT_START_DATE,ACTUAL_OFF_DATE,AUTO_HOLD_STATUS,LAST_PASSING_PROCESS_POINT_ID,MISSION_STATUS,FIRING_TYPE,REPAIR_FLAG,ACTUAL_MISSION_TYPE,CREATE_TIMESTAMP,UPDATE_TIMESTAMP,DEFECT_STATUS) VALUES ('K20C24206014     ',null,'JDJC4003774         ',0,'HCM 03AE201810190130','HCM 01201810034501','K5BBAF900             ',{d '2018-10-19'},'AE1SS1          ',{d '2018-10-19'},null,null,0,'AE0EN16101      ',1,0,0,'K5DJCA0               ',{ts '2018-10-13 10:50:49.730331'},{ts '2018-10-17 14:39:48.381681'},null);
INSERT INTO "GALADM"."GAL131TBX" (PRODUCT_ID,VIN,MISSION_SERIAL_NO,ENGINE_FIRING_FLAG,PRODUCTION_LOT,KD_LOT_NUMBER,PRODUCT_SPEC_CODE,PLAN_OFF_DATE,TRACKING_STATUS,PRODUCTION_DATE,PRODUCT_START_DATE,ACTUAL_OFF_DATE,AUTO_HOLD_STATUS,LAST_PASSING_PROCESS_POINT_ID,MISSION_STATUS,FIRING_TYPE,REPAIR_FLAG,ACTUAL_MISSION_TYPE,CREATE_TIMESTAMP,UPDATE_TIMESTAMP,DEFECT_STATUS) VALUES ('K20C24206015     ',null,'JDJC4006113         ',0,'HCM 03AE201810190140','HCM 01201810034401','K5BBAF900             ',{d '2018-10-19'},'AE1SS1          ',{d '2018-10-19'},null,null,0,'AE0EN16101      ',1,0,0,'K5DJCA0               ',{ts '2018-10-13 10:50:50.807047'},{ts '2018-10-17 14:39:48.431737'},null);
INSERT INTO "GALADM"."GAL131TBX" (PRODUCT_ID,VIN,MISSION_SERIAL_NO,ENGINE_FIRING_FLAG,PRODUCTION_LOT,KD_LOT_NUMBER,PRODUCT_SPEC_CODE,PLAN_OFF_DATE,TRACKING_STATUS,PRODUCTION_DATE,PRODUCT_START_DATE,ACTUAL_OFF_DATE,AUTO_HOLD_STATUS,LAST_PASSING_PROCESS_POINT_ID,MISSION_STATUS,FIRING_TYPE,REPAIR_FLAG,ACTUAL_MISSION_TYPE,CREATE_TIMESTAMP,UPDATE_TIMESTAMP,DEFECT_STATUS) VALUES ('K20C24206016     ',null,'JDJC4006114         ',0,'HCM 03AE201810190140','HCM 01201810034401','K5BBAF900             ',{d '2018-10-19'},'AE1SS1          ',{d '2018-10-19'},null,null,0,'AE0EN16101      ',1,0,0,'K5DJCA0               ',{ts '2018-10-13 10:50:50.807238'},{ts '2018-10-17 14:39:48.481846'},null);
INSERT INTO "GALADM"."GAL131TBX" (PRODUCT_ID,VIN,MISSION_SERIAL_NO,ENGINE_FIRING_FLAG,PRODUCTION_LOT,KD_LOT_NUMBER,PRODUCT_SPEC_CODE,PLAN_OFF_DATE,TRACKING_STATUS,PRODUCTION_DATE,PRODUCT_START_DATE,ACTUAL_OFF_DATE,AUTO_HOLD_STATUS,LAST_PASSING_PROCESS_POINT_ID,MISSION_STATUS,FIRING_TYPE,REPAIR_FLAG,ACTUAL_MISSION_TYPE,CREATE_TIMESTAMP,UPDATE_TIMESTAMP,DEFECT_STATUS) VALUES ('K20C24206017     ',null,'JDJC4006112         ',0,'HCM 03AE201810190140','HCM 01201810034401','K5BBAF900             ',{d '2018-10-19'},'AE1SS1          ',{d '2018-10-19'},null,null,0,'AE0EN16101      ',1,0,0,'K5DJCA0               ',{ts '2018-10-13 10:50:50.807355'},{ts '2018-10-17 14:39:48.517165'},null);
INSERT INTO "GALADM"."GAL131TBX" (PRODUCT_ID,VIN,MISSION_SERIAL_NO,ENGINE_FIRING_FLAG,PRODUCTION_LOT,KD_LOT_NUMBER,PRODUCT_SPEC_CODE,PLAN_OFF_DATE,TRACKING_STATUS,PRODUCTION_DATE,PRODUCT_START_DATE,ACTUAL_OFF_DATE,AUTO_HOLD_STATUS,LAST_PASSING_PROCESS_POINT_ID,MISSION_STATUS,FIRING_TYPE,REPAIR_FLAG,ACTUAL_MISSION_TYPE,CREATE_TIMESTAMP,UPDATE_TIMESTAMP,DEFECT_STATUS) VALUES ('K20C24206018     ',null,'JDJC4006129         ',0,'HCM 03AE201810190140','HCM 01201810034401','K5BBAF900             ',{d '2018-10-19'},'AE1SS1          ',{d '2018-10-19'},null,null,0,'AE0EN16101      ',1,0,0,'K5DJCA0               ',{ts '2018-10-13 10:50:50.807460'},{ts '2018-10-17 14:39:48.553677'},null);
INSERT INTO "GALADM"."GAL131TBX" (PRODUCT_ID,VIN,MISSION_SERIAL_NO,ENGINE_FIRING_FLAG,PRODUCTION_LOT,KD_LOT_NUMBER,PRODUCT_SPEC_CODE,PLAN_OFF_DATE,TRACKING_STATUS,PRODUCTION_DATE,PRODUCT_START_DATE,ACTUAL_OFF_DATE,AUTO_HOLD_STATUS,LAST_PASSING_PROCESS_POINT_ID,MISSION_STATUS,FIRING_TYPE,REPAIR_FLAG,ACTUAL_MISSION_TYPE,CREATE_TIMESTAMP,UPDATE_TIMESTAMP,DEFECT_STATUS) VALUES ('K20C24206019     ',null,'JDJC4006110         ',0,'HCM 03AE201810190140','HCM 01201810034401','K5BBAF900             ',{d '2018-10-19'},'AE1SS1          ',{d '2018-10-19'},null,null,0,'AE0EN16101      ',1,0,0,'K5DJCA0               ',{ts '2018-10-13 10:50:50.807549'},{ts '2018-10-17 14:39:48.586962'},null);
INSERT INTO "GALADM"."GAL131TBX" (PRODUCT_ID,VIN,MISSION_SERIAL_NO,ENGINE_FIRING_FLAG,PRODUCTION_LOT,KD_LOT_NUMBER,PRODUCT_SPEC_CODE,PLAN_OFF_DATE,TRACKING_STATUS,PRODUCTION_DATE,PRODUCT_START_DATE,ACTUAL_OFF_DATE,AUTO_HOLD_STATUS,LAST_PASSING_PROCESS_POINT_ID,MISSION_STATUS,FIRING_TYPE,REPAIR_FLAG,ACTUAL_MISSION_TYPE,CREATE_TIMESTAMP,UPDATE_TIMESTAMP,DEFECT_STATUS) VALUES ('K20C24206020     ',null,'JDJC4006133         ',0,'HCM 03AE201810190140','HCM 01201810034401','K5BBAF900             ',{d '2018-10-19'},'AE1SS1          ',{d '2018-10-19'},null,null,0,'AE0EN16101      ',1,0,0,'K5DJCA0               ',{ts '2018-10-13 10:50:50.807637'},{ts '2018-10-17 18:07:23.224984'},null);
INSERT INTO "GALADM"."GAL131TBX" (PRODUCT_ID,VIN,MISSION_SERIAL_NO,ENGINE_FIRING_FLAG,PRODUCTION_LOT,KD_LOT_NUMBER,PRODUCT_SPEC_CODE,PLAN_OFF_DATE,TRACKING_STATUS,PRODUCTION_DATE,PRODUCT_START_DATE,ACTUAL_OFF_DATE,AUTO_HOLD_STATUS,LAST_PASSING_PROCESS_POINT_ID,MISSION_STATUS,FIRING_TYPE,REPAIR_FLAG,ACTUAL_MISSION_TYPE,CREATE_TIMESTAMP,UPDATE_TIMESTAMP,DEFECT_STATUS) VALUES ('K20C24206021     ',null,'JDJC4006132         ',0,'HCM 03AE201810190140','HCM 01201810034401','K5BBAF900             ',{d '2018-10-19'},'AE1SS1          ',{d '2018-10-19'},null,null,0,'AE0EN16101      ',1,0,0,'K5DJCA0               ',{ts '2018-10-13 10:50:50.807771'},{ts '2018-10-17 14:39:48.621237'},null);
INSERT INTO "GALADM"."GAL131TBX" (PRODUCT_ID,VIN,MISSION_SERIAL_NO,ENGINE_FIRING_FLAG,PRODUCTION_LOT,KD_LOT_NUMBER,PRODUCT_SPEC_CODE,PLAN_OFF_DATE,TRACKING_STATUS,PRODUCTION_DATE,PRODUCT_START_DATE,ACTUAL_OFF_DATE,AUTO_HOLD_STATUS,LAST_PASSING_PROCESS_POINT_ID,MISSION_STATUS,FIRING_TYPE,REPAIR_FLAG,ACTUAL_MISSION_TYPE,CREATE_TIMESTAMP,UPDATE_TIMESTAMP,DEFECT_STATUS) VALUES ('K20C24206022     ',null,'JDJC4006131         ',0,'HCM 03AE201810190140','HCM 01201810034401','K5BBAF900             ',{d '2018-10-19'},'AE1SS1          ',{d '2018-10-19'},null,null,0,'AE0EN16101      ',1,0,0,'K5DJCA0               ',{ts '2018-10-13 10:50:50.807870'},{ts '2018-10-17 14:39:48.662448'},null);
INSERT INTO "GALADM"."GAL131TBX" (PRODUCT_ID,VIN,MISSION_SERIAL_NO,ENGINE_FIRING_FLAG,PRODUCTION_LOT,KD_LOT_NUMBER,PRODUCT_SPEC_CODE,PLAN_OFF_DATE,TRACKING_STATUS,PRODUCTION_DATE,PRODUCT_START_DATE,ACTUAL_OFF_DATE,AUTO_HOLD_STATUS,LAST_PASSING_PROCESS_POINT_ID,MISSION_STATUS,FIRING_TYPE,REPAIR_FLAG,ACTUAL_MISSION_TYPE,CREATE_TIMESTAMP,UPDATE_TIMESTAMP,DEFECT_STATUS) VALUES ('K20C24206023     ',null,'JDJC4006134         ',0,'HCM 03AE201810190140','HCM 01201810034401','K5BBAF900             ',{d '2018-10-19'},'AE1SS1          ',{d '2018-10-19'},null,null,0,'AE0EN16101      ',1,0,0,'K5DJCA0               ',{ts '2018-10-13 10:50:50.807959'},{ts '2018-10-17 14:39:48.714865'},null);
INSERT INTO "GALADM"."GAL131TBX" (PRODUCT_ID,VIN,MISSION_SERIAL_NO,ENGINE_FIRING_FLAG,PRODUCTION_LOT,KD_LOT_NUMBER,PRODUCT_SPEC_CODE,PLAN_OFF_DATE,TRACKING_STATUS,PRODUCTION_DATE,PRODUCT_START_DATE,ACTUAL_OFF_DATE,AUTO_HOLD_STATUS,LAST_PASSING_PROCESS_POINT_ID,MISSION_STATUS,FIRING_TYPE,REPAIR_FLAG,ACTUAL_MISSION_TYPE,CREATE_TIMESTAMP,UPDATE_TIMESTAMP,DEFECT_STATUS) VALUES ('K20C24206024     ',null,'JDJC4006130         ',0,'HCM 03AE201810190140','HCM 01201810034401','K5BBAF900             ',{d '2018-10-19'},'AE1SS1         ',{d '2018-10-19'},null,null,0,'AE0EN161011      ',1,0,0,'K5DJCA0               ',{ts '2018-10-13 10:50:50.808047'},{ts '2018-10-17 14:07:36.129290'},null);
INSERT INTO "GALADM"."GAL131TBX" (PRODUCT_ID,VIN,MISSION_SERIAL_NO,ENGINE_FIRING_FLAG,PRODUCTION_LOT,KD_LOT_NUMBER,PRODUCT_SPEC_CODE,PLAN_OFF_DATE,TRACKING_STATUS,PRODUCTION_DATE,PRODUCT_START_DATE,ACTUAL_OFF_DATE,AUTO_HOLD_STATUS,LAST_PASSING_PROCESS_POINT_ID,MISSION_STATUS,FIRING_TYPE,REPAIR_FLAG,ACTUAL_MISSION_TYPE,CREATE_TIMESTAMP,UPDATE_TIMESTAMP,DEFECT_STATUS) VALUES ('K20C24206025     ',null,'JDJC4003974         ',0,'HCM 03AE201810190140','HCM 01201810034401','K5BBAF900             ',{d '2018-10-19'},'AE1SS1          ',{d '2018-10-19'},null,null,0,'AE0EN16101      ',1,0,0,'K5DJCA0               ',{ts '2018-10-13 10:50:50.808163'},{ts '2018-10-17 14:39:48.771548'},null);
INSERT INTO "GALADM"."GAL131TBX" (PRODUCT_ID,VIN,MISSION_SERIAL_NO,ENGINE_FIRING_FLAG,PRODUCTION_LOT,KD_LOT_NUMBER,PRODUCT_SPEC_CODE,PLAN_OFF_DATE,TRACKING_STATUS,PRODUCTION_DATE,PRODUCT_START_DATE,ACTUAL_OFF_DATE,AUTO_HOLD_STATUS,LAST_PASSING_PROCESS_POINT_ID,MISSION_STATUS,FIRING_TYPE,REPAIR_FLAG,ACTUAL_MISSION_TYPE,CREATE_TIMESTAMP,UPDATE_TIMESTAMP,DEFECT_STATUS) VALUES ('K20C24206026     ',null,'JDJC4003977         ',0,'HCM 03AE201810190140','HCM 01201810034401','K5BBAF900             ',{d '2018-10-19'},'AE1SS1          ',{d '2018-10-19'},null,null,0,'AE0EN16101      ',1,0,0,'K5DJCA0               ',{ts '2018-10-13 10:50:50.808276'},{ts '2018-10-17 14:39:48.833479'},null);
INSERT INTO "GALADM"."GAL131TBX" (PRODUCT_ID,VIN,MISSION_SERIAL_NO,ENGINE_FIRING_FLAG,PRODUCTION_LOT,KD_LOT_NUMBER,PRODUCT_SPEC_CODE,PLAN_OFF_DATE,TRACKING_STATUS,PRODUCTION_DATE,PRODUCT_START_DATE,ACTUAL_OFF_DATE,AUTO_HOLD_STATUS,LAST_PASSING_PROCESS_POINT_ID,MISSION_STATUS,FIRING_TYPE,REPAIR_FLAG,ACTUAL_MISSION_TYPE,CREATE_TIMESTAMP,UPDATE_TIMESTAMP,DEFECT_STATUS) VALUES ('K20C24206027     ',null,'JDJC4003972         ',0,'HCM 03AE201810190140','HCM 01201810034401','K5BBAF900             ',{d '2018-10-19'},'AE1SS1          ',{d '2018-10-19'},null,null,0,'AE0EN16101      ',1,0,0,'K5DJCA0               ',{ts '2018-10-13 10:50:50.808387'},{ts '2018-10-17 14:39:48.892477'},null);
INSERT INTO "GALADM"."GAL131TBX" (PRODUCT_ID,VIN,MISSION_SERIAL_NO,ENGINE_FIRING_FLAG,PRODUCTION_LOT,KD_LOT_NUMBER,PRODUCT_SPEC_CODE,PLAN_OFF_DATE,TRACKING_STATUS,PRODUCTION_DATE,PRODUCT_START_DATE,ACTUAL_OFF_DATE,AUTO_HOLD_STATUS,LAST_PASSING_PROCESS_POINT_ID,MISSION_STATUS,FIRING_TYPE,REPAIR_FLAG,ACTUAL_MISSION_TYPE,CREATE_TIMESTAMP,UPDATE_TIMESTAMP,DEFECT_STATUS) VALUES ('K20C24206028     ',null,'JDJC4003953         ',0,'HCM 03AE201810190140','HCM 01201810034401','K5BBAF900             ',{d '2018-10-19'},'AE1SS1          ',{d '2018-10-19'},null,null,0,'AE0EN16101      ',1,0,0,'K5DJCA0               ',{ts '2018-10-13 10:50:50.808484'},{ts '2018-10-17 14:39:48.930399'},null);
INSERT INTO "GALADM"."GAL131TBX" (PRODUCT_ID,VIN,MISSION_SERIAL_NO,ENGINE_FIRING_FLAG,PRODUCTION_LOT,KD_LOT_NUMBER,PRODUCT_SPEC_CODE,PLAN_OFF_DATE,TRACKING_STATUS,PRODUCTION_DATE,PRODUCT_START_DATE,ACTUAL_OFF_DATE,AUTO_HOLD_STATUS,LAST_PASSING_PROCESS_POINT_ID,MISSION_STATUS,FIRING_TYPE,REPAIR_FLAG,ACTUAL_MISSION_TYPE,CREATE_TIMESTAMP,UPDATE_TIMESTAMP,DEFECT_STATUS) VALUES ('K20C24206029     ',null,'JDJC4003973         ',0,'HCM 03AE201810190140','HCM 01201810034401','K5BBAF900             ',{d '2018-10-19'},'AE1SS1          ',{d '2018-10-19'},null,null,0,'AE0EN16101      ',1,0,0,'K5DJCA0               ',{ts '2018-10-13 10:50:50.808574'},{ts '2018-10-17 14:39:48.991096'},null);
INSERT INTO "GALADM"."GAL131TBX" (PRODUCT_ID,VIN,MISSION_SERIAL_NO,ENGINE_FIRING_FLAG,PRODUCTION_LOT,KD_LOT_NUMBER,PRODUCT_SPEC_CODE,PLAN_OFF_DATE,TRACKING_STATUS,PRODUCTION_DATE,PRODUCT_START_DATE,ACTUAL_OFF_DATE,AUTO_HOLD_STATUS,LAST_PASSING_PROCESS_POINT_ID,MISSION_STATUS,FIRING_TYPE,REPAIR_FLAG,ACTUAL_MISSION_TYPE,CREATE_TIMESTAMP,UPDATE_TIMESTAMP,DEFECT_STATUS) VALUES ('K20C24206030     ',null,'JDJC4003957         ',0,'HCM 03AE201810190140','HCM 01201810034401','K5BBAF900             ',{d '2018-10-19'},'AE1SS1          ',{d '2018-10-19'},null,null,0,'AE0EN16101      ',1,0,0,'K5DJCA0               ',{ts '2018-10-13 10:50:50.808663'},{ts '2018-10-17 14:39:49.048508'},null);
INSERT INTO "GALADM"."GAL131TBX" (PRODUCT_ID,VIN,MISSION_SERIAL_NO,ENGINE_FIRING_FLAG,PRODUCTION_LOT,KD_LOT_NUMBER,PRODUCT_SPEC_CODE,PLAN_OFF_DATE,TRACKING_STATUS,PRODUCTION_DATE,PRODUCT_START_DATE,ACTUAL_OFF_DATE,AUTO_HOLD_STATUS,LAST_PASSING_PROCESS_POINT_ID,MISSION_STATUS,FIRING_TYPE,REPAIR_FLAG,ACTUAL_MISSION_TYPE,CREATE_TIMESTAMP,UPDATE_TIMESTAMP,DEFECT_STATUS) VALUES ('K20C24206031     ',null,'JDJC4003955         ',0,'HCM 03AE201810190140','HCM 01201810034401','K5BBAF900             ',{d '2018-10-19'},'AE1SS1          ',{d '2018-10-19'},null,null,0,'AE0EN16101      ',1,0,0,'K5DJCA0               ',{ts '2018-10-13 10:50:50.808752'},{ts '2018-10-17 14:39:49.091437'},null);
INSERT INTO "GALADM"."GAL131TBX" (PRODUCT_ID,VIN,MISSION_SERIAL_NO,ENGINE_FIRING_FLAG,PRODUCTION_LOT,KD_LOT_NUMBER,PRODUCT_SPEC_CODE,PLAN_OFF_DATE,TRACKING_STATUS,PRODUCTION_DATE,PRODUCT_START_DATE,ACTUAL_OFF_DATE,AUTO_HOLD_STATUS,LAST_PASSING_PROCESS_POINT_ID,MISSION_STATUS,FIRING_TYPE,REPAIR_FLAG,ACTUAL_MISSION_TYPE,CREATE_TIMESTAMP,UPDATE_TIMESTAMP,DEFECT_STATUS) VALUES ('K20C24206032     ',null,'JDJC4003956         ',0,'HCM 03AE201810190140','HCM 01201810034401','K5BBAF900             ',{d '2018-10-19'},'AE1SS1          ',{d '2018-10-19'},null,null,0,'AE0EN16101      ',1,0,0,'K5DJCA0               ',{ts '2018-10-13 10:50:50.808845'},{ts '2018-10-17 14:39:49.144334'},null);
INSERT INTO "GALADM"."GAL131TBX" (PRODUCT_ID,VIN,MISSION_SERIAL_NO,ENGINE_FIRING_FLAG,PRODUCTION_LOT,KD_LOT_NUMBER,PRODUCT_SPEC_CODE,PLAN_OFF_DATE,TRACKING_STATUS,PRODUCTION_DATE,PRODUCT_START_DATE,ACTUAL_OFF_DATE,AUTO_HOLD_STATUS,LAST_PASSING_PROCESS_POINT_ID,MISSION_STATUS,FIRING_TYPE,REPAIR_FLAG,ACTUAL_MISSION_TYPE,CREATE_TIMESTAMP,UPDATE_TIMESTAMP,DEFECT_STATUS) VALUES ('K20C24206033     ',null,'JDJC4003954         ',0,'HCM 03AE201810190140','HCM 01201810034401','K5BBAF900             ',{d '2018-10-19'},'AE1SS1          ',{d '2018-10-19'},null,null,0,'AE0EN16101      ',1,0,0,'K5DJCA0               ',{ts '2018-10-13 10:50:50.808945'},{ts '2018-10-17 14:39:49.202569'},null);
INSERT INTO "GALADM"."GAL131TBX" (PRODUCT_ID,VIN,MISSION_SERIAL_NO,ENGINE_FIRING_FLAG,PRODUCTION_LOT,KD_LOT_NUMBER,PRODUCT_SPEC_CODE,PLAN_OFF_DATE,TRACKING_STATUS,PRODUCTION_DATE,PRODUCT_START_DATE,ACTUAL_OFF_DATE,AUTO_HOLD_STATUS,LAST_PASSING_PROCESS_POINT_ID,MISSION_STATUS,FIRING_TYPE,REPAIR_FLAG,ACTUAL_MISSION_TYPE,CREATE_TIMESTAMP,UPDATE_TIMESTAMP,DEFECT_STATUS) VALUES ('K20C24206034     ',null,'JDJC4003952         ',0,'HCM 03AE201810190140','HCM 01201810034401','K5BBAF900             ',{d '2018-10-19'},'AE1SS1          ',{d '2018-10-19'},null,null,0,'AE0EN16101      ',1,0,0,'K5DJCA0               ',{ts '2018-10-13 10:50:50.809044'},{ts '2018-10-17 14:39:49.270481'},null);
INSERT INTO "GALADM"."GAL131TBX" (PRODUCT_ID,VIN,MISSION_SERIAL_NO,ENGINE_FIRING_FLAG,PRODUCTION_LOT,KD_LOT_NUMBER,PRODUCT_SPEC_CODE,PLAN_OFF_DATE,TRACKING_STATUS,PRODUCTION_DATE,PRODUCT_START_DATE,ACTUAL_OFF_DATE,AUTO_HOLD_STATUS,LAST_PASSING_PROCESS_POINT_ID,MISSION_STATUS,FIRING_TYPE,REPAIR_FLAG,ACTUAL_MISSION_TYPE,CREATE_TIMESTAMP,UPDATE_TIMESTAMP,DEFECT_STATUS) VALUES ('K20C24206035     ',null,'JDJC4006150         ',0,'HCM 03AE201810190140','HCM 01201810034401','K5BBAF900             ',{d '2018-10-19'},'AE1SS1          ',{d '2018-10-19'},null,null,0,'AE0EN16101      ',1,0,0,'K5DJCA0               ',{ts '2018-10-13 10:50:50.809155'},{ts '2018-10-17 14:39:49.316817'},null);
INSERT INTO "GALADM"."GAL131TBX" (PRODUCT_ID,VIN,MISSION_SERIAL_NO,ENGINE_FIRING_FLAG,PRODUCTION_LOT,KD_LOT_NUMBER,PRODUCT_SPEC_CODE,PLAN_OFF_DATE,TRACKING_STATUS,PRODUCTION_DATE,PRODUCT_START_DATE,ACTUAL_OFF_DATE,AUTO_HOLD_STATUS,LAST_PASSING_PROCESS_POINT_ID,MISSION_STATUS,FIRING_TYPE,REPAIR_FLAG,ACTUAL_MISSION_TYPE,CREATE_TIMESTAMP,UPDATE_TIMESTAMP,DEFECT_STATUS) VALUES ('K20C24206036     ',null,'JDJC4006151         ',0,'HCM 03AE201810190140','HCM 01201810034401','K5BBAF900             ',{d '2018-10-19'},'AE1SS1          ',{d '2018-10-19'},null,null,0,'AE0EN16101      ',1,0,0,'K5DJCA0               ',{ts '2018-10-13 10:50:50.809286'},{ts '2018-10-17 14:39:49.376035'},null);
INSERT INTO "GALADM"."GAL131TBX" (PRODUCT_ID,VIN,MISSION_SERIAL_NO,ENGINE_FIRING_FLAG,PRODUCTION_LOT,KD_LOT_NUMBER,PRODUCT_SPEC_CODE,PLAN_OFF_DATE,TRACKING_STATUS,PRODUCTION_DATE,PRODUCT_START_DATE,ACTUAL_OFF_DATE,AUTO_HOLD_STATUS,LAST_PASSING_PROCESS_POINT_ID,MISSION_STATUS,FIRING_TYPE,REPAIR_FLAG,ACTUAL_MISSION_TYPE,CREATE_TIMESTAMP,UPDATE_TIMESTAMP,DEFECT_STATUS) VALUES ('K20C24206037     ',null,'JDJC4006148         ',0,'HCM 03AE201810190140','HCM 01201810034401','K5BBAF900             ',{d '2018-10-19'},'AE1SS1          ',{d '2018-10-19'},null,null,0,'AE0EN16101      ',1,0,0,'K5DJCA0               ',{ts '2018-10-13 10:50:50.809374'},{ts '2018-10-17 14:39:49.438617'},null);
INSERT INTO "GALADM"."GAL131TBX" (PRODUCT_ID,VIN,MISSION_SERIAL_NO,ENGINE_FIRING_FLAG,PRODUCTION_LOT,KD_LOT_NUMBER,PRODUCT_SPEC_CODE,PLAN_OFF_DATE,TRACKING_STATUS,PRODUCTION_DATE,PRODUCT_START_DATE,ACTUAL_OFF_DATE,AUTO_HOLD_STATUS,LAST_PASSING_PROCESS_POINT_ID,MISSION_STATUS,FIRING_TYPE,REPAIR_FLAG,ACTUAL_MISSION_TYPE,CREATE_TIMESTAMP,UPDATE_TIMESTAMP,DEFECT_STATUS) VALUES ('K20C24206038     ',null,'JDJC4006147         ',0,'HCM 03AE201810190140','HCM 01201810034401','K5BBAF900             ',{d '2018-10-19'},'AE1SS1          ',{d '2018-10-19'},null,null,0,'AE0EN16101      ',1,0,0,'K5DJCA0               ',{ts '2018-10-13 10:50:50.809464'},{ts '2018-10-17 14:39:49.497607'},null);
INSERT INTO "GALADM"."GAL131TBX" (PRODUCT_ID,VIN,MISSION_SERIAL_NO,ENGINE_FIRING_FLAG,PRODUCTION_LOT,KD_LOT_NUMBER,PRODUCT_SPEC_CODE,PLAN_OFF_DATE,TRACKING_STATUS,PRODUCTION_DATE,PRODUCT_START_DATE,ACTUAL_OFF_DATE,AUTO_HOLD_STATUS,LAST_PASSING_PROCESS_POINT_ID,MISSION_STATUS,FIRING_TYPE,REPAIR_FLAG,ACTUAL_MISSION_TYPE,CREATE_TIMESTAMP,UPDATE_TIMESTAMP,DEFECT_STATUS) VALUES ('K20C24206039     ',null,'JDJC4004013         ',0,'HCM 03AE201810190140','HCM 01201810034401','K5BBAF900             ',{d '2018-10-19'},'AE1SS1          ',{d '2018-10-19'},null,null,0,'AE0EN16101      ',1,0,0,'K5DJCA0               ',{ts '2018-10-13 10:50:50.809605'},{ts '2018-10-17 14:39:49.563595'},null);
INSERT INTO "GALADM"."GAL131TBX" (PRODUCT_ID,VIN,MISSION_SERIAL_NO,ENGINE_FIRING_FLAG,PRODUCTION_LOT,KD_LOT_NUMBER,PRODUCT_SPEC_CODE,PLAN_OFF_DATE,TRACKING_STATUS,PRODUCTION_DATE,PRODUCT_START_DATE,ACTUAL_OFF_DATE,AUTO_HOLD_STATUS,LAST_PASSING_PROCESS_POINT_ID,MISSION_STATUS,FIRING_TYPE,REPAIR_FLAG,ACTUAL_MISSION_TYPE,CREATE_TIMESTAMP,UPDATE_TIMESTAMP,DEFECT_STATUS) VALUES ('K20C24206040     ',null,'JDJC4004016         ',0,'HCM 03AE201810190140','HCM 01201810034401','K5BBAF900             ',{d '2018-10-19'},'AE1SS1          ',{d '2018-10-19'},null,null,0,'AE0EN16101      ',1,0,0,'K5DJCA0               ',{ts '2018-10-13 10:50:50.809981'},{ts '2018-10-17 14:39:49.614265'},null);
INSERT INTO "GALADM"."GAL131TBX" (PRODUCT_ID,VIN,MISSION_SERIAL_NO,ENGINE_FIRING_FLAG,PRODUCTION_LOT,KD_LOT_NUMBER,PRODUCT_SPEC_CODE,PLAN_OFF_DATE,TRACKING_STATUS,PRODUCTION_DATE,PRODUCT_START_DATE,ACTUAL_OFF_DATE,AUTO_HOLD_STATUS,LAST_PASSING_PROCESS_POINT_ID,MISSION_STATUS,FIRING_TYPE,REPAIR_FLAG,ACTUAL_MISSION_TYPE,CREATE_TIMESTAMP,UPDATE_TIMESTAMP,DEFECT_STATUS) VALUES ('K20C24206041     ',null,'JDJC4004018         ',0,'HCM 03AE201810190140','HCM 01201810034401','K5BBAF900             ',{d '2018-10-19'},'AE1SS1          ',{d '2018-10-19'},null,null,0,'AE0EN16101      ',1,0,0,'K5DJCA0               ',{ts '2018-10-13 10:50:50.810097'},{ts '2018-10-17 14:39:49.656933'},null);
INSERT INTO "GALADM"."GAL131TBX" (PRODUCT_ID,VIN,MISSION_SERIAL_NO,ENGINE_FIRING_FLAG,PRODUCTION_LOT,KD_LOT_NUMBER,PRODUCT_SPEC_CODE,PLAN_OFF_DATE,TRACKING_STATUS,PRODUCTION_DATE,PRODUCT_START_DATE,ACTUAL_OFF_DATE,AUTO_HOLD_STATUS,LAST_PASSING_PROCESS_POINT_ID,MISSION_STATUS,FIRING_TYPE,REPAIR_FLAG,ACTUAL_MISSION_TYPE,CREATE_TIMESTAMP,UPDATE_TIMESTAMP,DEFECT_STATUS) VALUES ('K20C24206042     ',null,'JDJC4004017         ',0,'HCM 03AE201810190140','HCM 01201810034401','K5BBAF900             ',{d '2018-10-19'},'AE1SS1          ',{d '2018-10-19'},null,null,0,'AE0EN16101      ',1,0,0,'K5DJCA0               ',{ts '2018-10-13 10:50:50.810188'},{ts '2018-10-17 14:39:49.696242'},null);
INSERT INTO "GALADM"."GAL131TBX" (PRODUCT_ID,VIN,MISSION_SERIAL_NO,ENGINE_FIRING_FLAG,PRODUCTION_LOT,KD_LOT_NUMBER,PRODUCT_SPEC_CODE,PLAN_OFF_DATE,TRACKING_STATUS,PRODUCTION_DATE,PRODUCT_START_DATE,ACTUAL_OFF_DATE,AUTO_HOLD_STATUS,LAST_PASSING_PROCESS_POINT_ID,MISSION_STATUS,FIRING_TYPE,REPAIR_FLAG,ACTUAL_MISSION_TYPE,CREATE_TIMESTAMP,UPDATE_TIMESTAMP,DEFECT_STATUS) VALUES ('K20C24206043     ',null,'JDJC4004014         ',0,'HCM 03AE201810190140','HCM 01201810034401','K5BBAF900             ',{d '2018-10-19'},'AE1SS1          ',{d '2018-10-19'},null,null,0,'AE0EN16101      ',1,0,0,'K5DJCA0               ',{ts '2018-10-13 10:50:50.810300'},{ts '2018-10-17 14:39:49.761465'},null);
INSERT INTO "GALADM"."GAL131TBX" (PRODUCT_ID,VIN,MISSION_SERIAL_NO,ENGINE_FIRING_FLAG,PRODUCTION_LOT,KD_LOT_NUMBER,PRODUCT_SPEC_CODE,PLAN_OFF_DATE,TRACKING_STATUS,PRODUCTION_DATE,PRODUCT_START_DATE,ACTUAL_OFF_DATE,AUTO_HOLD_STATUS,LAST_PASSING_PROCESS_POINT_ID,MISSION_STATUS,FIRING_TYPE,REPAIR_FLAG,ACTUAL_MISSION_TYPE,CREATE_TIMESTAMP,UPDATE_TIMESTAMP,DEFECT_STATUS) VALUES ('K20C24206044     ',null,'JDJC4006152         ',0,'HCM 03AE201810190140','HCM 01201810034401','K5BBAF900             ',{d '2018-10-19'},'AE1SS1          ',{d '2018-10-19'},null,null,0,'AE0EN16101      ',1,0,0,'K5DJCA0               ',{ts '2018-10-13 10:50:50.810391'},{ts '2018-10-17 17:06:23.636401'},null);

INSERT INTO "GALADM"."GAL133TBX" (PRODUCT_SPEC_CODE,MISSION_PLANT_CODE,MISSION_MODEL_CODE,MISSION_PROTOTYPE_CODE,MISSION_MODEL_TYPE_CODE,ENGINE_NO_PREFIX,TRANSMISSION,TRANSMISSION_DESCRIPTION,GEAR_SHIFT,GEAR_SHIFT_DESCRIPTION,DISPLACEMENT,DISPLACEMENT_COMMENT,ENGINE_PROTOTYPE_CODE,PLANT_CODE,MODEL_YEAR_CODE,MODEL_CODE,MODEL_TYPE_CODE,MODEL_OPTION_CODE,MODEL_YEAR_DESCRIPTION,MISSION_MODEL_YEAR_CODE) VALUES ('K5BBLF900             ','HCM ','5DJ','W','C10','K20C2','CVT  ','CONSTANT VELOCITY   ','0','CVT                 ','02000','2.0 LITRE           ','W','HCM ','K','5BB','LF9','00 ','2019','K');
INSERT INTO "GALADM"."GAL133TBX" (PRODUCT_SPEC_CODE,MISSION_PLANT_CODE,MISSION_MODEL_CODE,MISSION_PROTOTYPE_CODE,MISSION_MODEL_TYPE_CODE,ENGINE_NO_PREFIX,TRANSMISSION,TRANSMISSION_DESCRIPTION,GEAR_SHIFT,GEAR_SHIFT_DESCRIPTION,DISPLACEMENT,DISPLACEMENT_COMMENT,ENGINE_PROTOTYPE_CODE,PLANT_CODE,MODEL_YEAR_CODE,MODEL_CODE,MODEL_TYPE_CODE,MODEL_OPTION_CODE,MODEL_YEAR_DESCRIPTION,MISSION_MODEL_YEAR_CODE) VALUES ('K5BBAF900             ','HCM ','5DJ','W','CA0','K20C2','CVT  ','CONSTANT VELOCITY   ','0','CVT                 ','02000','2.0 LITRE           ','W','HCM ','K','5BB','AF9','00 ','2019','K');

-- Device
INSERT INTO "GALADM"."GAL253TBX" (CLIENT_ID,ALIAS_NAME,DEVICE_TYPE,DEVICE_DESCRIPTION,EIF_IP_ADDRESS,EIF_PORT,IO_PROCESS_POINT_ID,DIVISION_ID,REPLY_CLIENT_ID,CREATE_TIMESTAMP,UPDATE_TIMESTAMP) VALUES ('AE0EN14101                      ','Chaincase Install Tighten 1                                     ',3,'Chaincase Install Tighten 1                                                                                                     ','localhost',13030,'AE0EN14101      ','AE              ','AE0EN14101Rep                   ',{ts '2014-06-08 11:45:13.602020'},{ts '2018-10-30 09:16:55.951718'});

-- Device Format

INSERT INTO "GALADM"."GAL257TBX" (CLIENT_ID,TAG,SEQUENCE_NUMBER,"OFFSET",LENGTH,TAG_TYPE,TAG_VALUE,CREATE_TIMESTAMP,UPDATE_TIMESTAMP,DATA_TYPE,TAG_NAME) VALUES ('AE0EN14101                      ','PRODUCT_ID                                                                                                                      ',1,0,0,2,'AE1_515_MAIN_PLC.CHAINCASE_INSTALL.CHAINCASE_INSTALL_TIGHTEN_1.ENGINE_SN',{ts '2014-06-08 11:45:13.402735'},null,4,null,);
INSERT INTO "GALADM"."GAL257TBX" (CLIENT_ID,TAG,SEQUENCE_NUMBER,"OFFSET",LENGTH,TAG_TYPE,TAG_VALUE,CREATE_TIMESTAMP,UPDATE_TIMESTAMP,DATA_TYPE,TAG_NAME) VALUES ('AE0EN14101                      ','RESULT1                                                                                                                         ',11,0,0,2,'AE1_515_MAIN_PLC.CHAINCASE_INSTALL.CHAINCASE_INSTALL_TIGHTEN_1.RESULT_01',{ts '2014-06-08 11:45:13.404533'},null,4,null);
INSERT INTO "GALADM"."GAL257TBX" (CLIENT_ID,TAG,SEQUENCE_NUMBER,"OFFSET",LENGTH,TAG_TYPE,TAG_VALUE,CREATE_TIMESTAMP,UPDATE_TIMESTAMP,DATA_TYPE,TAG_NAME) VALUES ('AE0EN14101                      ','RESULT2                                                                                                                         ',12,0,0,2,'AE1_515_MAIN_PLC.CHAINCASE_INSTALL.CHAINCASE_INSTALL_TIGHTEN_1.RESULT_02',{ts '2014-06-08 11:45:13.404572'},null,4,null);
INSERT INTO "GALADM"."GAL257TBX" (CLIENT_ID,TAG,SEQUENCE_NUMBER,"OFFSET",LENGTH,TAG_TYPE,TAG_VALUE,CREATE_TIMESTAMP,UPDATE_TIMESTAMP,DATA_TYPE,TAG_NAME) VALUES ('AE0EN14101                      ','RESULT3                                                                                                                         ',13,0,0,2,'AE1_515_MAIN_PLC.CHAINCASE_INSTALL.CHAINCASE_INSTALL_TIGHTEN_1.RESULT_03',{ts '2014-06-08 11:45:13.404617'},null,4,null);
INSERT INTO "GALADM"."GAL257TBX" (CLIENT_ID,TAG,SEQUENCE_NUMBER,"OFFSET",LENGTH,TAG_TYPE,TAG_VALUE,CREATE_TIMESTAMP,UPDATE_TIMESTAMP,DATA_TYPE,TAG_NAME) VALUES ('AE0EN14101                      ','RESULT4                                                                                                                         ',14,0,0,2,'AE1_515_MAIN_PLC.CHAINCASE_INSTALL.CHAINCASE_INSTALL_TIGHTEN_1.RESULT_04',{ts '2014-06-08 11:45:13.404665'},null,4,null);
INSERT INTO "GALADM"."GAL257TBX" (CLIENT_ID,TAG,SEQUENCE_NUMBER,"OFFSET",LENGTH,TAG_TYPE,TAG_VALUE,CREATE_TIMESTAMP,UPDATE_TIMESTAMP,DATA_TYPE,TAG_NAME) VALUES ('AE0EN14101                      ','RESULT5                                                                                                                         ',15,0,0,2,'AE1_515_MAIN_PLC.CHAINCASE_INSTALL.CHAINCASE_INSTALL_TIGHTEN_1.RESULT_05',{ts '2014-06-08 11:45:13.404709'},null,4,null);
INSERT INTO "GALADM"."GAL257TBX" (CLIENT_ID,TAG,SEQUENCE_NUMBER,"OFFSET",LENGTH,TAG_TYPE,TAG_VALUE,CREATE_TIMESTAMP,UPDATE_TIMESTAMP,DATA_TYPE,TAG_NAME) VALUES ('AE0EN14101                      ','RESULT6                                                                                                                         ',16,0,0,2,'AE1_515_MAIN_PLC.CHAINCASE_INSTALL.CHAINCASE_INSTALL_TIGHTEN_1.RESULT_06',{ts '2014-06-08 11:45:13.404754'},null,4,null);
INSERT INTO "GALADM"."GAL257TBX" (CLIENT_ID,TAG,SEQUENCE_NUMBER,"OFFSET",LENGTH,TAG_TYPE,TAG_VALUE,CREATE_TIMESTAMP,UPDATE_TIMESTAMP,DATA_TYPE,TAG_NAME) VALUES ('AE0EN14101                      ','RESULT7                                                                                                                         ',17,0,0,2,'AE1_515_MAIN_PLC.CHAINCASE_INSTALL.CHAINCASE_INSTALL_TIGHTEN_1.RESULT_07',{ts '2014-06-08 11:45:13.404799'},null,4,null);
INSERT INTO "GALADM"."GAL257TBX" (CLIENT_ID,TAG,SEQUENCE_NUMBER,"OFFSET",LENGTH,TAG_TYPE,TAG_VALUE,CREATE_TIMESTAMP,UPDATE_TIMESTAMP,DATA_TYPE,TAG_NAME) VALUES ('AE0EN14101                      ','RESULT8                                                                                                                         ',18,0,0,2,'AE1_515_MAIN_PLC.CHAINCASE_INSTALL.CHAINCASE_INSTALL_TIGHTEN_1.RESULT_08',{ts '2014-06-08 11:45:13.404846'},null,4,null);
INSERT INTO "GALADM"."GAL257TBX" (CLIENT_ID,TAG,SEQUENCE_NUMBER,"OFFSET",LENGTH,TAG_TYPE,TAG_VALUE,CREATE_TIMESTAMP,UPDATE_TIMESTAMP,DATA_TYPE,TAG_NAME) VALUES ('AE0EN14101                      ','RESULT9                                                                                                                         ',19,0,0,2,'AE1_515_MAIN_PLC.CHAINCASE_INSTALL.CHAINCASE_INSTALL_TIGHTEN_1.RESULT_09',{ts '2014-06-08 11:45:13.404897'},null,4,null);
INSERT INTO "GALADM"."GAL257TBX" (CLIENT_ID,TAG,SEQUENCE_NUMBER,"OFFSET",LENGTH,TAG_TYPE,TAG_VALUE,CREATE_TIMESTAMP,UPDATE_TIMESTAMP,DATA_TYPE,TAG_NAME) VALUES ('AE0EN14101                      ','VALUE1                                                                                                                          ',2,0,0,2,'AE1_515_MAIN_PLC.CHAINCASE_INSTALL.CHAINCASE_INSTALL_TIGHTEN_1.VALUE_01',{ts '2014-06-08 11:45:13.403876'},null,3,null);
INSERT INTO "GALADM"."GAL257TBX" (CLIENT_ID,TAG,SEQUENCE_NUMBER,"OFFSET",LENGTH,TAG_TYPE,TAG_VALUE,CREATE_TIMESTAMP,UPDATE_TIMESTAMP,DATA_TYPE,TAG_NAME) VALUES ('AE0EN14101                      ','VALUE2                                                                                                                          ',3,0,0,2,'AE1_515_MAIN_PLC.CHAINCASE_INSTALL.CHAINCASE_INSTALL_TIGHTEN_1.VALUE_02',{ts '2014-06-08 11:45:13.403918'},null,3,null);
INSERT INTO "GALADM"."GAL257TBX" (CLIENT_ID,TAG,SEQUENCE_NUMBER,"OFFSET",LENGTH,TAG_TYPE,TAG_VALUE,CREATE_TIMESTAMP,UPDATE_TIMESTAMP,DATA_TYPE,TAG_NAME) VALUES ('AE0EN14101                      ','VALUE3                                                                                                                          ',4,0,0,2,'AE1_515_MAIN_PLC.CHAINCASE_INSTALL.CHAINCASE_INSTALL_TIGHTEN_1.VALUE_03',{ts '2014-06-08 11:45:13.403957'},null,3,null);
INSERT INTO "GALADM"."GAL257TBX" (CLIENT_ID,TAG,SEQUENCE_NUMBER,"OFFSET",LENGTH,TAG_TYPE,TAG_VALUE,CREATE_TIMESTAMP,UPDATE_TIMESTAMP,DATA_TYPE,TAG_NAME) VALUES ('AE0EN14101                      ','VALUE4                                                                                                                          ',5,0,0,2,'AE1_515_MAIN_PLC.CHAINCASE_INSTALL.CHAINCASE_INSTALL_TIGHTEN_1.VALUE_04',{ts '2014-06-08 11:45:13.404313'},null,3,null);
INSERT INTO "GALADM"."GAL257TBX" (CLIENT_ID,TAG,SEQUENCE_NUMBER,"OFFSET",LENGTH,TAG_TYPE,TAG_VALUE,CREATE_TIMESTAMP,UPDATE_TIMESTAMP,DATA_TYPE,TAG_NAME) VALUES ('AE0EN14101                      ','VALUE5                                                                                                                          ',6,0,0,2,'AE1_515_MAIN_PLC.CHAINCASE_INSTALL.CHAINCASE_INSTALL_TIGHTEN_1.VALUE_05',{ts '2014-06-08 11:45:13.404348'},null,3,null);
INSERT INTO "GALADM"."GAL257TBX" (CLIENT_ID,TAG,SEQUENCE_NUMBER,"OFFSET",LENGTH,TAG_TYPE,TAG_VALUE,CREATE_TIMESTAMP,UPDATE_TIMESTAMP,DATA_TYPE,TAG_NAME) VALUES ('AE0EN14101                      ','VALUE6                                                                                                                          ',7,0,0,2,'AE1_515_MAIN_PLC.CHAINCASE_INSTALL.CHAINCASE_INSTALL_TIGHTEN_1.VALUE_06',{ts '2014-06-08 11:45:13.404383'},null,3,null);
INSERT INTO "GALADM"."GAL257TBX" (CLIENT_ID,TAG,SEQUENCE_NUMBER,"OFFSET",LENGTH,TAG_TYPE,TAG_VALUE,CREATE_TIMESTAMP,UPDATE_TIMESTAMP,DATA_TYPE,TAG_NAME) VALUES ('AE0EN14101                      ','VALUE7                                                                                                                          ',8,0,0,2,'AE1_515_MAIN_PLC.CHAINCASE_INSTALL.CHAINCASE_INSTALL_TIGHTEN_1.VALUE_07',{ts '2014-06-08 11:45:13.404419'},null,3,null);
INSERT INTO "GALADM"."GAL257TBX" (CLIENT_ID,TAG,SEQUENCE_NUMBER,"OFFSET",LENGTH,TAG_TYPE,TAG_VALUE,CREATE_TIMESTAMP,UPDATE_TIMESTAMP,DATA_TYPE,TAG_NAME) VALUES ('AE0EN14101                      ','VALUE8                                                                                                                          ',9,0,0,2,'AE1_515_MAIN_PLC.CHAINCASE_INSTALL.CHAINCASE_INSTALL_TIGHTEN_1.VALUE_08',{ts '2014-06-08 11:45:13.404456'},null,3,null);
INSERT INTO "GALADM"."GAL257TBX" (CLIENT_ID,TAG,SEQUENCE_NUMBER,"OFFSET",LENGTH,TAG_TYPE,TAG_VALUE,CREATE_TIMESTAMP,UPDATE_TIMESTAMP,DATA_TYPE,TAG_NAME) VALUES ('AE0EN14101                      ','VALUE9                                                                                                                          ',10,0,0,2,'AE1_515_MAIN_PLC.CHAINCASE_INSTALL.CHAINCASE_INSTALL_TIGHTEN_1.VALUE_09',{ts '2014-06-08 11:45:13.404494'},null,3,null);

INSERT INTO "GALADM"."GAL489TBX" (COMPONENT_ID,PROPERTY_KEY,PROPERTY_VALUE,DESCRIPTION,CHANGE_USER_ID,CREATE_TIMESTAMP,UPDATE_TIMESTAMP) VALUES ('AE0EN14101','AUTO_TRACKING','TRUE','','GALCAdmin1',{ts '2014-06-08 11:45:13.175574'},{ts '2012-08-09 15:17:10'});
INSERT INTO "GALADM"."GAL489TBX" (COMPONENT_ID,PROPERTY_KEY,PROPERTY_VALUE,DESCRIPTION,CHANGE_USER_ID,CREATE_TIMESTAMP,UPDATE_TIMESTAMP) VALUES ('AE0EN14101','AUTO_UPDATE_QICS','TRUE','','GALCAdmin1',{ts '2014-06-08 11:45:13.175950'},{ts '2015-07-31 05:18:22.068144'});
INSERT INTO "GALADM"."GAL489TBX" (COMPONENT_ID,PROPERTY_KEY,PROPERTY_VALUE,DESCRIPTION,CHANGE_USER_ID,CREATE_TIMESTAMP,UPDATE_TIMESTAMP) VALUES ('AE0EN14101','PLC_DATA_MAPPING','MAP_BY_RULE','','GALCAdmin1',{ts '2014-06-08 11:45:13.175972'},null);
INSERT INTO "GALADM"."GAL489TBX" (COMPONENT_ID,PROPERTY_KEY,PROPERTY_VALUE,DESCRIPTION,CHANGE_USER_ID,CREATE_TIMESTAMP,UPDATE_TIMESTAMP) VALUES ('AE0EN14101','QICS_DEFECT_GROUP_NAME','AE HEADLESS','','GALCAdmin1',{ts '2014-06-08 11:45:13.175993'},{ts '2010-11-23 10:58:28'});
INSERT INTO "GALADM"."GAL489TBX" (COMPONENT_ID,PROPERTY_KEY,PROPERTY_VALUE,DESCRIPTION,CHANGE_USER_ID,CREATE_TIMESTAMP,UPDATE_TIMESTAMP) VALUES ('AE0EN14101','RESPONSIBLE_ZONE','EQP','Responsible Zone for QICS Defect Entry ','GALCAdmin1',{ts '2014-06-08 11:45:13.176019'},{ts '2010-11-23 10:58:28'});
INSERT INTO "GALADM"."GAL489TBX" (COMPONENT_ID,PROPERTY_KEY,PROPERTY_VALUE,DESCRIPTION,CHANGE_USER_ID,CREATE_TIMESTAMP,UPDATE_TIMESTAMP) VALUES ('AE0EN14101','SAVE_LAST_PRODUCT','TRUE','','GALCAdmin1',{ts '2016-01-25 10:39:26.910355'},null);
INSERT INTO "GALADM"."GAL489TBX" (COMPONENT_ID,PROPERTY_KEY,PROPERTY_VALUE,DESCRIPTION,CHANGE_USER_ID,CREATE_TIMESTAMP,UPDATE_TIMESTAMP) VALUES ('System_Info','PRODUCT_TYPE','ENGINE','','GALCAdmin1',{ts '2012-02-29 15:32:40.331963'},null);



